1001,LungStrong,Google,2025-04-27,NULL,NULL,34352.00
1002,LungStrong,Google,2025-12-05,NULL,NULL,27183.00
1003,HeartAware,YouTube,2025-03-26,NULL,NULL,28958.00
1004,Diabetes Plus,YouTube,2025-03-29,NULL,NULL,24973.00
1005,Diabetes Plus,YouTube,2025-07-16,NULL,NULL,23291.00
1006,LungStrong,YouTube,2025-12-24,NULL,NULL,30324.00
1007,LungStrong,Google,2025-06-20,NULL,NULL,7254.00
1008,LungStrong,Google,2025-07-09,NULL,NULL,6120.00
1009,LungStrong,LinkedIn,2025-01-15,NULL,NULL,17871.00
1010,HeartAware,YouTube,2025-02-22,NULL,NULL,16682.00
1011,LungStrong,LinkedIn,2025-10-16,NULL,NULL,34998.00
1012,LungStrong,Google,2025-10-12,NULL,NULL,5473.00
1013,LungStrong,Google,2025-05-24,NULL,NULL,34906.00
1014,CancerCare,YouTube,2025-04-21,NULL,NULL,16030.00
1015,HeartAware,YouTube,2025-05-15,NULL,NULL,28874.00
1016,LungStrong,Facebook,2025-03-20,NULL,NULL,13861.00
1017,LungStrong,LinkedIn,2025-02-27,NULL,NULL,14623.00
1018,LungStrong,YouTube,2025-10-31,NULL,NULL,27374.00
1019,HeartAware,YouTube,2025-12-12,NULL,NULL,12970.00
1020,CancerCare,YouTube,2025-01-04,NULL,NULL,27848.00
1021,LungStrong,Facebook,2025-03-10,NULL,NULL,32623.00
1022,HeartAware,YouTube,2025-01-07,NULL,NULL,13390.00
1023,Diabetes Plus,Google,2025-07-27,NULL,NULL,32696.00
1024,LungStrong,Facebook,2025-07-18,NULL,NULL,8186.00
1025,Diabetes Plus,YouTube,2025-11-07,NULL,NULL,7459.00
1026,HeartAware,Facebook,2025-08-11,NULL,NULL,11361.00
1027,LungStrong,Google,2025-07-06,NULL,NULL,31690.00
1028,HeartAware,Facebook,2025-08-02,NULL,NULL,17694.00
1029,HeartAware,Facebook,2025-02-11,NULL,NULL,7233.00
1030,Diabetes Plus,YouTube,2025-08-28,NULL,NULL,34312.00
1031,LungStrong,Google,2025-09-14,NULL,NULL,27769.00
1032,LungStrong,YouTube,2025-12-10,NULL,NULL,10553.00
1033,HeartAware,LinkedIn,2025-07-07,NULL,NULL,8210.00
1034,LungStrong,YouTube,2025-01-13,NULL,NULL,6099.00
1035,CancerCare,YouTube,2025-01-30,NULL,NULL,26327.00
1036,LungStrong,Google,2025-08-30,NULL,NULL,7641.00
1037,LungStrong,Google,2025-11-28,NULL,NULL,12709.00
1038,LungStrong,Google,2025-09-07,NULL,NULL,16578.00
1039,HeartAware,YouTube,2025-12-07,NULL,NULL,25253.00
1040,HeartAware,Facebook,2025-08-09,NULL,NULL,11544.00
1041,HeartAware,Google,2025-02-13,NULL,NULL,31229.00
1042,HeartAware,LinkedIn,2025-03-13,NULL,NULL,21197.00
1043,LungStrong,Google,2025-07-10,NULL,NULL,19203.00
1044,Diabetes Plus,YouTube,2025-06-09,NULL,NULL,8653.00
1045,HeartAware,Google,2025-04-10,NULL,NULL,18029.00
1046,HeartAware,YouTube,2025-12-02,NULL,NULL,33616.00
1047,LungStrong,Google,2025-11-02,NULL,NULL,24897.00
1048,HeartAware,Google,2025-08-13,NULL,NULL,11483.00
1049,LungStrong,Google,2025-02-13,NULL,NULL,21007.00
1050,CancerCare,Google,2025-10-16,NULL,NULL,25474.00
1051,LungStrong,YouTube,2025-08-05,247623,NULL,18889.00
1052,LungStrong,YouTube,2025-06-12,249391,NULL,33065.00
1053,HeartAware,Google,2025-06-28,59627,NULL,31854.00
1054,LungStrong,YouTube,2025-02-22,197324,NULL,19975.00
1055,LungStrong,YouTube,2025-03-05,207558,NULL,15470.00
1056,HeartAware,YouTube,2025-07-06,195672,NULL,20833.00
1057,CancerCare,YouTube,2025-10-15,231952,NULL,5432.00
1058,LungStrong,YouTube,2025-11-29,223028,NULL,26720.00
1059,Diabetes Plus,YouTube,2025-05-25,75998,NULL,20591.00
1060,LungStrong,YouTube,2025-05-13,105660,NULL,20667.00
1061,Diabetes Plus,Google,2025-02-05,227782,NULL,16771.00
1062,LungStrong,Google,2025-05-27,209985,NULL,33189.00
1063,CancerCare,Google,2025-10-01,69926,NULL,12594.00
1064,CancerCare,YouTube,2025-11-20,107132,NULL,15725.00
1065,LungStrong,Google,2025-06-26,109256,NULL,7892.00
1066,LungStrong,YouTube,2025-02-28,207165,NULL,34404.00
1067,LungStrong,Google,2025-04-16,236176,NULL,21366.00
1068,Diabetes Plus,YouTube,2025-11-05,216957,NULL,34931.00
1069,Diabetes Plus,YouTube,2025-08-13,220898,NULL,15131.00
1070,LungStrong,YouTube,2025-03-29,227919,NULL,5270.00
1071,LungStrong,Google,2025-04-13,64937,NULL,28768.00
1072,HeartAware,YouTube,2025-10-31,131549,NULL,15030.00
1073,HeartAware,YouTube,2025-06-28,189003,NULL,26268.00
1074,HeartAware,Google,2025-10-09,91203,NULL,10307.00
1075,CancerCare,YouTube,2025-04-29,131303,NULL,17186.00
1076,LungStrong,LinkedIn,2025-07-08,116014,NULL,25708.00
1077,HeartAware,YouTube,2025-11-21,52513,NULL,17348.00
1078,LungStrong,LinkedIn,2025-11-28,176158,NULL,15394.00
1079,CancerCare,Google,2025-05-10,115616,NULL,20425.00
1080,HeartAware,YouTube,2025-03-11,110189,NULL,22839.00
1081,HeartAware,Google,2025-06-22,108915,NULL,29291.00
1082,Diabetes Plus,YouTube,2025-10-01,71861,NULL,20367.00
1083,HeartAware,LinkedIn,2025-09-17,209885,NULL,28670.00
1084,Diabetes Plus,Facebook,2025-01-11,248907,NULL,26350.00
1085,CancerCare,YouTube,2025-10-19,145251,NULL,22807.00
1086,LungStrong,YouTube,2025-12-27,231746,NULL,29828.00
1087,LungStrong,YouTube,2025-06-11,133878,NULL,10154.00
1088,CancerCare,Facebook,2025-06-21,193942,NULL,27517.00
1089,Diabetes Plus,YouTube,2025-11-09,50521,NULL,13713.00
1090,LungStrong,Facebook,2025-04-03,241610,NULL,34243.00
1091,LungStrong,Facebook,2025-02-10,77442,NULL,33536.00
1092,HeartAware,YouTube,2025-06-25,88413,NULL,5784.00
1093,LungStrong,YouTube,2025-11-13,122582,NULL,26927.00
1094,LungStrong,YouTube,2025-02-10,215944,NULL,18982.00
1095,HeartAware,YouTube,2025-10-16,130193,NULL,9887.00
1096,CancerCare,Google,2025-06-25,74547,NULL,24465.00
1097,LungStrong,YouTube,2025-12-26,235639,NULL,29389.00
1098,CancerCare,Google,2025-08-03,84929,NULL,33507.00
1099,LungStrong,Facebook,2025-08-30,168663,NULL,32529.00
1100,CancerCare,YouTube,2025-06-17,57529,NULL,14365.00
1101,Diabetes Plus,YouTube,2025-01-07,64668,1747,20899.00
1102,LungStrong,YouTube,2025-01-21,60518,6993,15236.00
1103,CancerCare,Facebook,2025-07-14,76908,5454,28686.00
1104,LungStrong,YouTube,2025-05-01,91894,2871,22900.00
1105,LungStrong,Google,2025-02-23,160256,2823,24169.00
1106,LungStrong,Google,2025-08-10,123215,7023,12425.00
1107,CancerCare,YouTube,2025-09-11,123616,2638,18028.00
1108,HeartAware,YouTube,2025-02-24,182367,5822,15627.00
1109,LungStrong,Facebook,2025-04-11,106109,5834,17642.00
1110,Diabetes Plus,YouTube,2025-05-13,177643,1298,31253.00
1111,Diabetes Plus,YouTube,2025-12-27,79510,4436,30596.00
1112,LungStrong,YouTube,2025-04-12,87082,3649,11154.00
1113,LungStrong,YouTube,2025-08-28,224280,6025,10958.00
1114,LungStrong,YouTube,2025-05-21,139650,1024,12790.00
1115,HeartAware,Google,2025-09-02,155665,1022,32244.00
1116,CancerCare,YouTube,2025-11-10,99107,7078,32885.00
1117,Diabetes Plus,Google,2025-11-17,69604,2953,21230.00
1118,CancerCare,LinkedIn,2025-09-02,201706,4349,8191.00
1119,Diabetes Plus,LinkedIn,2025-03-15,62904,4530,13085.00
1120,LungStrong,Google,2025-01-04,243024,4135,14460.00
1121,Diabetes Plus,YouTube,2025-10-06,126245,3734,28527.00
1122,HeartAware,LinkedIn,2025-12-05,165439,6239,18159.00
1001,LungStrong,Google,2025-04-27,NULL,NULL,34352.00
1002,LungStrong,Google,2025-12-05,NULL,NULL,27183.00
1003,HeartAware,YouTube,2025-03-26,NULL,NULL,28958.00
1004,Diabetes Plus,YouTube,2025-03-29,NULL,NULL,24973.00
1005,Diabetes Plus,YouTube,2025-07-16,NULL,NULL,23291.00
1006,LungStrong,YouTube,2025-12-24,NULL,NULL,30324.00
1007,LungStrong,Google,2025-06-20,NULL,NULL,7254.00
1008,LungStrong,Google,2025-07-09,NULL,NULL,6120.00
1009,LungStrong,LinkedIn,2025-01-15,NULL,NULL,17871.00
1010,HeartAware,YouTube,2025-02-22,NULL,NULL,16682.00
1011,LungStrong,LinkedIn,2025-10-16,NULL,NULL,34998.00
1012,LungStrong,Google,2025-10-12,NULL,NULL,5473.00
1013,LungStrong,Google,2025-05-24,NULL,NULL,34906.00
1014,CancerCare,YouTube,2025-04-21,NULL,NULL,16030.00
1015,HeartAware,YouTube,2025-05-15,NULL,NULL,28874.00
1016,LungStrong,Facebook,2025-03-20,NULL,NULL,13861.00
1017,LungStrong,LinkedIn,2025-02-27,NULL,NULL,14623.00
1018,LungStrong,YouTube,2025-10-31,NULL,NULL,27374.00
1019,HeartAware,YouTube,2025-12-12,NULL,NULL,12970.00
1020,CancerCare,YouTube,2025-01-04,NULL,NULL,27848.00
1021,LungStrong,Facebook,2025-03-10,NULL,NULL,32623.00
1022,HeartAware,YouTube,2025-01-07,NULL,NULL,13390.00
1023,Diabetes Plus,Google,2025-07-27,NULL,NULL,32696.00
1024,LungStrong,Facebook,2025-07-18,NULL,NULL,8186.00
1025,Diabetes Plus,YouTube,2025-11-07,NULL,NULL,7459.00
1026,HeartAware,Facebook,2025-08-11,NULL,NULL,11361.00
1027,LungStrong,Google,2025-07-06,NULL,NULL,31690.00
1028,HeartAware,Facebook,2025-08-02,NULL,NULL,17694.00
1029,HeartAware,Facebook,2025-02-11,NULL,NULL,7233.00
1030,Diabetes Plus,YouTube,2025-08-28,NULL,NULL,34312.00
1031,LungStrong,Google,2025-09-14,NULL,NULL,27769.00
1032,LungStrong,YouTube,2025-12-10,NULL,NULL,10553.00
1033,HeartAware,LinkedIn,2025-07-07,NULL,NULL,8210.00
1034,LungStrong,YouTube,2025-01-13,NULL,NULL,6099.00
1035,CancerCare,YouTube,2025-01-30,NULL,NULL,26327.00
1036,LungStrong,Google,2025-08-30,NULL,NULL,7641.00
1037,LungStrong,Google,2025-11-28,NULL,NULL,12709.00
1038,LungStrong,Google,2025-09-07,NULL,NULL,16578.00
1039,HeartAware,YouTube,2025-12-07,NULL,NULL,25253.00
1040,HeartAware,Facebook,2025-08-09,NULL,NULL,11544.00
1041,HeartAware,Google,2025-02-13,NULL,NULL,31229.00
1042,HeartAware,LinkedIn,2025-03-13,NULL,NULL,21197.00
1043,LungStrong,Google,2025-07-10,NULL,NULL,19203.00
1044,Diabetes Plus,YouTube,2025-06-09,NULL,NULL,8653.00
1045,HeartAware,Google,2025-04-10,NULL,NULL,18029.00
1046,HeartAware,YouTube,2025-12-02,NULL,NULL,33616.00
1047,LungStrong,Google,2025-11-02,NULL,NULL,24897.00
1048,HeartAware,Google,2025-08-13,NULL,NULL,11483.00
1049,LungStrong,Google,2025-02-13,NULL,NULL,21007.00
1050,CancerCare,Google,2025-10-16,NULL,NULL,25474.00
1001,HeartAware,YouTube,2025-08-15,150614,7951,29494.00
1002,Diabetes Plus,LinkedIn,2025-05-07,99437,4091,25942.00
1003,CancerCare,YouTube,2025-06-07,204517,2865,28035.00
1004,Diabetes Plus,Google,2025-05-14,226066,3267,16742.00
1005,HeartAware,YouTube,2025-03-20,222471,3437,13236.00
1006,HeartAware,Facebook,2025-11-27,248306,1422,28931.00
1007,Diabetes Plus,Google,2025-03-06,93027,6707,12923.00
1008,HeartAware,YouTube,2025-04-26,186724,4693,10385.00
1009,HeartAware,Google,2025-03-27,115191,2747,12977.00
1010,LungStrong,Facebook,2025-02-17,56041,3029,23335.00
1011,LungStrong,YouTube,2025-05-09,180122,3117,14597.00
1012,Diabetes Plus,LinkedIn,2025-10-01,83078,1978,14651.00
1013,LungStrong,Google,2025-07-10,94142,1826,9907.00
1014,LungStrong,YouTube,2025-01-27,151033,7521,28989.00
1015,LungStrong,Google,2025-03-10,70228,1743,20387.00
1016,LungStrong,YouTube,2025-10-28,116517,5239,12045.00
1017,CancerCare,Google,2025-07-03,82035,3427,34286.00
1018,HeartAware,Facebook,2025-10-25,152959,7453,13694.00
1019,Diabetes Plus,LinkedIn,2025-05-19,229152,4549,23002.00
1020,Diabetes Plus,YouTube,2025-10-06,247406,6961,6747.00
1021,Diabetes Plus,YouTube,2025-08-08,185381,2478,21492.00
1022,HeartAware,YouTube,2025-05-20,211062,6485,31604.00
1023,LungStrong,YouTube,2025-08-16,141708,6654,29726.00
1024,CancerCare,YouTube,2025-08-06,106274,2843,10501.00
1025,CancerCare,LinkedIn,2025-08-13,135084,2065,34592.00
1026,LungStrong,Google,2025-09-16,108832,6227,8858.00
1027,HeartAware,Facebook,2025-08-27,249256,5023,16832.00
1028,LungStrong,Facebook,2025-12-28,144311,5191,18252.00
1029,LungStrong,YouTube,2025-02-05,122283,2325,22864.00
1030,CancerCare,YouTube,2025-06-29,204577,3991,9908.00
1031,Diabetes Plus,YouTube,2025-06-26,190314,1984,7833.00
1032,Diabetes Plus,YouTube,2025-01-29,142660,4767,14382.00
1033,LungStrong,YouTube,2025-10-21,202042,5122,17628.00
1034,LungStrong,YouTube,2025-12-11,234432,6810,21943.00
1035,CancerCare,LinkedIn,2025-05-06,124109,5873,22201.00
1036,LungStrong,YouTube,2025-06-16,242808,1714,25997.00
1037,LungStrong,Google,2025-07-25,148361,6940,5957.00
1038,HeartAware,Google,2025-12-21,243428,3922,16922.00
1039,CancerCare,YouTube,2025-08-30,180138,4191,33251.00
1040,LungStrong,Google,2025-09-08,135311,5526,19697.00
1041,Diabetes Plus,Facebook,2025-02-20,142309,3714,21787.00
1042,LungStrong,LinkedIn,2025-03-03,95492,4786,20467.00
1043,CancerCare,YouTube,2025-04-01,126114,5745,18277.00
1044,CancerCare,Google,2025-04-12,84572,2253,17186.00
1045,LungStrong,YouTube,2025-03-11,244954,1124,25083.00
1046,LungStrong,YouTube,2025-11-04,106581,2569,9795.00
1047,Diabetes Plus,Google,2025-09-11,201347,7061,10719.00
1048,LungStrong,YouTube,2025-09-22,186885,2249,7018.00
1049,HeartAware,Google,2025-11-30,97936,2718,23747.00
1050,CancerCare,Google,2025-08-16,140217,1375,29605.00
1051,HeartAware,YouTube,2025-04-22,174356,1486,33447.00
1052,HeartAware,YouTube,2025-06-11,181054,2629,12666.00
1053,HeartAware,YouTube,2025-12-05,215424,2897,32239.00
1054,LungStrong,Facebook,2025-03-29,171156,1280,5474.00
1055,HeartAware,Google,2025-06-30,90360,4148,34670.00
1056,LungStrong,YouTube,2025-06-11,84583,4180,31165.00
1057,LungStrong,YouTube,2025-08-01,92749,1540,10669.00
1058,LungStrong,YouTube,2025-06-05,217189,5306,22000.00
1059,LungStrong,Google,2025-10-28,240339,2140,9851.00
1060,HeartAware,Facebook,2025-12-18,206908,5664,24180.00
1061,HeartAware,LinkedIn,2025-01-14,245722,4228,10541.00
1062,Diabetes Plus,YouTube,2025-09-11,159421,6217,18712.00
1063,Diabetes Plus,LinkedIn,2025-01-15,191086,7516,7096.00
1064,HeartAware,Facebook,2025-07-07,73989,7255,33756.00
1065,LungStrong,YouTube,2025-12-27,151070,2468,9879.00
1066,Diabetes Plus,Facebook,2025-01-20,68721,3618,31946.00
1067,Diabetes Plus,LinkedIn,2025-07-15,55609,6269,31280.00
1068,Diabetes Plus,YouTube,2025-07-09,133583,5589,9334.00
1069,Diabetes Plus,Google,2025-04-24,201542,6667,18817.00
1070,Diabetes Plus,YouTube,2025-01-18,163581,3874,32037.00
1071,LungStrong,YouTube,2025-05-31,224899,6629,8701.00
1072,Diabetes Plus,YouTube,2025-05-08,76114,6329,20896.00
1073,CancerCare,Google,2025-12-28,215290,1908,14504.00
1074,Diabetes Plus,LinkedIn,2025-04-02,103168,7831,5324.00
1075,Diabetes Plus,YouTube,2025-12-09,68597,7308,22156.00
1076,Diabetes Plus,YouTube,2025-08-21,230734,5020,22043.00
1077,Diabetes Plus,Google,2025-10-17,136150,5498,9878.00
1078,LungStrong,YouTube,2025-12-07,155440,6731,23369.00
1079,HeartAware,Google,2025-08-19,105720,1346,19730.00
1080,HeartAware,YouTube,2025-10-17,164549,1116,29437.00
1081,LungStrong,YouTube,2025-11-29,233069,5563,14953.00
1082,LungStrong,YouTube,2025-04-20,59435,1625,19530.00
1083,CancerCare,LinkedIn,2025-02-28,161279,2154,13169.00
1084,Diabetes Plus,Facebook,2025-05-29,209723,6350,27214.00
1085,Diabetes Plus,Google,2025-02-06,51568,7096,7076.00
1086,CancerCare,Facebook,2025-02-03,53488,4967,24266.00
1087,HeartAware,Facebook,2025-01-19,218032,6339,8352.00
1088,Diabetes Plus,YouTube,2025-08-31,72300,6330,8560.00
1089,HeartAware,Google,2025-11-07,96548,7594,25666.00
1090,LungStrong,YouTube,2025-02-07,168390,5011,11255.00
1091,Diabetes Plus,YouTube,2025-05-29,197745,7181,32144.00
1092,LungStrong,YouTube,2025-06-16,227546,5076,25594.00
1093,HeartAware,YouTube,2025-04-28,197748,7147,27661.00
1094,HeartAware,YouTube,2025-06-07,126510,1674,31353.00
1095,Diabetes Plus,YouTube,2025-11-06,207733,2557,21066.00
1096,Diabetes Plus,YouTube,2025-04-24,118098,1037,18702.00
1097,HeartAware,YouTube,2025-07-19,143779,5676,8017.00
1098,LungStrong,YouTube,2025-06-13,229931,4210,14443.00
1099,HeartAware,YouTube,2025-05-16,63299,6798,34889.00
1100,CancerCare,YouTube,2025-11-27,59319,6204,5788.00
1101,LungStrong,YouTube,2025-12-26,124186,1663,28202.00
1102,LungStrong,Facebook,2025-01-08,135902,5046,25940.00
1103,LungStrong,Facebook,2025-08-07,248149,4894,9743.00
1104,Diabetes Plus,YouTube,2025-07-06,192993,1859,15144.00
1105,LungStrong,LinkedIn,2025-11-30,73794,6039,7233.00
1106,CancerCare,YouTube,2025-07-21,205695,7165,10633.00
1107,Diabetes Plus,Google,2025-02-17,195988,4252,26417.00
1108,LungStrong,LinkedIn,2025-09-27,60054,2703,34601.00
1109,LungStrong,YouTube,2025-01-31,187141,6679,30794.00
1110,HeartAware,Google,2025-10-12,218446,1676,31587.00
1111,CancerCare,YouTube,2025-02-10,183111,2403,31596.00
1112,LungStrong,YouTube,2025-12-01,72229,2310,17517.00
1113,LungStrong,YouTube,2025-11-27,94486,2693,25071.00
1114,Diabetes Plus,YouTube,2025-08-03,103909,7180,22386.00
1115,Diabetes Plus,Google,2025-06-19,115928,5943,20149.00
1116,LungStrong,LinkedIn,2025-01-04,234040,5724,30994.00
1117,CancerCare,Facebook,2025-01-10,225838,1560,11672.00
1118,CancerCare,YouTube,2025-10-10,109370,3591,28614.00
1119,LungStrong,YouTube,2025-02-18,92468,7398,7321.00
1120,CancerCare,YouTube,2025-11-26,231784,1570,15698.00
1121,LungStrong,Facebook,2025-05-31,241678,6775,19748.00
1122,HeartAware,Facebook,2025-05-27,64710,4449,10883.00
1001,HeartAware,Google,2025-10-11,236583,4409,28595.00
1002,CancerCare,Google,2025-02-02,220787,2435,31697.00
1003,HeartAware,LinkedIn,2025-12-05,197292,7238,16329.00
1004,HeartAware,LinkedIn,2025-05-04,65832,5409,12158.00
1005,HeartAware,YouTube,2025-08-21,246215,5117,31566.00
1006,LungStrong,YouTube,2025-09-11,64347,4604,29252.00
1007,HeartAware,YouTube,2025-08-19,198996,6876,9511.00
1008,LungStrong,Facebook,2025-09-13,234002,7740,5423.00
1009,Diabetes Plus,YouTube,2025-07-14,207037,7145,27333.00
1010,LungStrong,Google,2025-04-18,190431,4224,31823.00
1011,Diabetes Plus,Facebook,2025-04-14,182947,3233,8847.00
1012,LungStrong,LinkedIn,2025-10-01,200776,3969,6435.00
1013,LungStrong,YouTube,2025-09-14,165029,1095,26305.00
1014,HeartAware,Google,2025-12-18,237842,3108,13690.00
1015,LungStrong,Google,2025-09-01,219396,2536,16939.00
1016,LungStrong,YouTube,2025-06-29,134662,5072,15634.00
1017,LungStrong,YouTube,2025-05-05,118589,6044,28571.00
1018,HeartAware,LinkedIn,2025-01-23,142603,1935,13097.00
1019,Diabetes Plus,YouTube,2025-06-12,79777,3525,9276.00
1020,LungStrong,YouTube,2025-08-15,173499,7553,12023.00
1021,LungStrong,YouTube,2025-02-12,240981,4892,7103.00
1022,LungStrong,YouTube,2025-02-24,108031,7092,9310.00
1023,HeartAware,YouTube,2025-12-08,201045,4196,8231.00
1024,LungStrong,YouTube,2025-04-06,97917,4962,13291.00
1025,LungStrong,LinkedIn,2025-03-14,143163,3207,5958.00
1026,HeartAware,YouTube,2025-02-08,115514,1139,34397.00
1027,HeartAware,YouTube,2025-01-06,233413,4845,17568.00
1028,LungStrong,YouTube,2025-09-15,148852,5414,33704.00
1029,LungStrong,YouTube,2025-07-09,238283,5156,27369.00
1030,Diabetes Plus,Facebook,2025-01-02,198639,1983,11965.00
1031,Diabetes Plus,YouTube,2025-11-01,207107,2366,8454.00
1032,HeartAware,Google,2025-03-09,158065,5268,19782.00
1033,HeartAware,LinkedIn,2025-01-12,122623,1074,14194.00
1034,HeartAware,YouTube,2025-07-05,235402,6149,16661.00
1035,CancerCare,Google,2025-08-12,109833,5553,12849.00
1036,HeartAware,LinkedIn,2025-11-22,216148,1581,8805.00
1037,LungStrong,YouTube,2025-02-13,109409,4283,18879.00
1038,HeartAware,YouTube,2025-01-26,218239,2637,24338.00
1039,CancerCare,Google,2025-01-16,51560,3286,21548.00
1040,HeartAware,YouTube,2025-12-13,191653,5293,12344.00
1041,LungStrong,YouTube,2025-05-06,231099,2766,26727.00
1042,LungStrong,YouTube,2025-08-25,61523,7584,15738.00
1043,CancerCare,Google,2025-03-21,52378,4553,5140.00
1044,LungStrong,LinkedIn,2025-01-12,183254,3375,8999.00
1045,LungStrong,Facebook,2025-03-11,173147,3953,11209.00
1046,CancerCare,YouTube,2025-06-29,67704,1183,26331.00
1047,HeartAware,Facebook,2025-07-26,156198,1606,19339.00
1048,Diabetes Plus,YouTube,2025-08-26,188616,3951,19437.00
1049,HeartAware,YouTube,2025-03-13,235210,2499,27807.00
1050,HeartAware,YouTube,2025-03-06,63345,5431,15897.00
1051,CancerCare,YouTube,2025-11-12,67001,6117,26730.00
1052,CancerCare,LinkedIn,2025-03-17,220410,4192,21330.00
1053,Diabetes Plus,YouTube,2025-05-08,110928,5945,22969.00
1054,LungStrong,YouTube,2025-06-21,172786,3061,6938.00
1055,LungStrong,YouTube,2025-12-25,214555,7428,26594.00
1056,HeartAware,Google,2025-01-29,237872,2236,31493.00
1057,LungStrong,Google,2025-10-09,68439,7301,22660.00
1058,LungStrong,YouTube,2025-08-17,194616,6736,22806.00
1059,Diabetes Plus,Google,2025-07-16,154687,7604,7142.00
1060,Diabetes Plus,YouTube,2025-07-30,176776,4356,21764.00
1061,HeartAware,YouTube,2025-03-02,52479,4187,18177.00
1062,Diabetes Plus,YouTube,2025-02-20,219187,6148,24368.00
1063,LungStrong,YouTube,2025-08-08,100865,3963,21466.00
1064,LungStrong,Facebook,2025-09-18,133311,7980,14091.00
1065,HeartAware,YouTube,2025-11-22,221173,1239,10540.00
1066,Diabetes Plus,Facebook,2025-07-15,207174,1369,13574.00
1067,CancerCare,LinkedIn,2025-11-15,99191,2804,31908.00
1068,LungStrong,YouTube,2025-09-06,176079,7316,15739.00
1069,LungStrong,Google,2025-05-27,67790,6964,34678.00
1070,LungStrong,Facebook,2025-04-01,80374,6751,21221.00
1071,Diabetes Plus,YouTube,2025-05-02,161051,6584,8137.00
1072,LungStrong,Facebook,2025-04-28,116371,6320,25593.00
1073,HeartAware,YouTube,2025-05-12,172287,5343,22966.00
1074,LungStrong,Google,2025-11-19,195876,5986,25411.00
1075,Diabetes Plus,YouTube,2025-01-20,119496,7822,5735.00
1076,LungStrong,YouTube,2025-09-12,192619,3077,11186.00
1077,LungStrong,YouTube,2025-07-03,215513,5773,24592.00
1078,Diabetes Plus,LinkedIn,2025-10-14,234414,1960,27593.00
1079,LungStrong,Google,2025-09-02,123375,5309,29605.00
1080,HeartAware,Google,2025-04-15,104199,2736,20997.00
1081,HeartAware,YouTube,2025-03-15,192765,7168,6232.00
1082,LungStrong,YouTube,2025-11-23,139887,3976,13324.00
1083,Diabetes Plus,Facebook,2025-04-14,246989,4749,12130.00
1084,HeartAware,Facebook,2025-05-01,190039,6576,14421.00
1085,CancerCare,Google,2025-11-19,247880,5161,31234.00
1086,HeartAware,YouTube,2025-10-17,138630,2205,10712.00
1087,LungStrong,LinkedIn,2025-12-02,183754,3683,15131.00
1088,CancerCare,YouTube,2025-09-14,225250,5709,5345.00
1089,Diabetes Plus,YouTube,2025-11-18,182120,2486,31044.00
1090,LungStrong,YouTube,2025-10-17,192253,3520,26239.00
1091,LungStrong,YouTube,2025-09-04,212943,7070,23851.00
1092,LungStrong,YouTube,2025-10-16,229919,3382,5787.00
1093,LungStrong,YouTube,2025-01-31,69234,4292,15338.00
1094,HeartAware,Google,2025-05-30,135899,1384,21366.00
1095,Diabetes Plus,Google,2025-01-09,66600,1834,16195.00
1096,LungStrong,Google,2025-07-17,73739,1143,16150.00
1097,LungStrong,LinkedIn,2025-07-28,226058,1646,23886.00
1098,Diabetes Plus,LinkedIn,2025-05-27,107054,7751,12515.00
1099,HeartAware,Google,2025-02-17,180032,1413,31456.00
1100,LungStrong,LinkedIn,2025-02-17,223904,1718,12744.00
1101,Diabetes Plus,Google,2025-12-15,206800,2220,32583.00
1102,CancerCare,YouTube,2025-07-09,215620,4763,28550.00
1103,LungStrong,Google,2025-02-04,167931,4104,18557.00
1104,LungStrong,Facebook,2025-12-10,102650,7278,29071.00
1105,HeartAware,LinkedIn,2025-04-08,137824,2917,19374.00
1106,Diabetes Plus,Google,2025-08-06,195600,3446,29782.00
1107,HeartAware,YouTube,2025-02-10,104460,3719,16697.00
1108,LungStrong,LinkedIn,2025-04-03,209989,5343,16885.00
1109,CancerCare,YouTube,2025-04-19,167977,6572,12684.00
1110,LungStrong,Google,2025-05-24,125941,1140,10617.00
1111,HeartAware,LinkedIn,2025-11-09,232074,5597,28264.00
1112,Diabetes Plus,Facebook,2025-05-17,84969,1696,28287.00
1113,LungStrong,LinkedIn,2025-09-03,232263,2282,28665.00
1114,LungStrong,YouTube,2025-12-20,62621,6672,18295.00
1115,HeartAware,Facebook,2025-11-29,101081,3074,13509.00
1116,LungStrong,Facebook,2025-10-02,210515,1790,26343.00
1117,Diabetes Plus,LinkedIn,2025-04-10,241991,6062,5504.00
1118,LungStrong,Google,2025-05-01,130302,6357,11469.00
1119,Diabetes Plus,Google,2025-10-05,68279,1735,24965.00
1120,LungStrong,LinkedIn,2025-04-21,70263,5300,31888.00
1121,Diabetes Plus,YouTube,2025-05-26,164450,4664,31790.00
1122,HeartAware,Google,2025-12-26,196887,7393,15541.00
1123,LungStrong,Facebook,2025-01-14,158817,3597,12381.00
1124,LungStrong,Google,2025-02-25,219191,6360,28877.00
1125,LungStrong,YouTube,2025-03-26,247510,7628,30227.00
1126,LungStrong,YouTube,2025-05-03,94215,6477,8163.00
1127,LungStrong,Google,2025-05-23,80461,4503,30759.00
1128,LungStrong,YouTube,2025-11-06,76742,2341,21892.00
1129,HeartAware,Google,2025-04-14,161344,2393,28002.00
1130,CancerCare,YouTube,2025-11-28,207211,6687,14534.00
1131,HeartAware,Google,2025-10-19,64794,3540,17707.00
1132,LungStrong,Google,2025-01-19,72217,6878,25193.00
1133,LungStrong,YouTube,2025-08-18,155922,5545,22610.00
1134,LungStrong,YouTube,2025-06-26,106468,6272,16159.00
1135,HeartAware,YouTube,2025-09-14,217530,2522,21939.00
1136,HeartAware,YouTube,2025-07-15,201274,1396,13716.00
1137,LungStrong,LinkedIn,2025-01-05,95463,2618,22629.00
1138,CancerCare,YouTube,2025-04-26,162630,5398,34311.00
1139,LungStrong,YouTube,2025-09-03,178623,6239,13601.00
1140,LungStrong,Google,2025-08-20,210777,4907,18430.00
1141,LungStrong,YouTube,2025-05-04,107838,4120,14942.00
1142,CancerCare,YouTube,2025-10-12,248010,7274,22076.00
1143,LungStrong,Facebook,2025-12-22,173520,3076,32663.00
1144,LungStrong,YouTube,2025-01-05,93413,1348,26390.00
1145,HeartAware,YouTube,2025-12-02,193391,5636,27191.00
1146,HeartAware,Google,2025-07-20,191279,4312,22239.00
1147,LungStrong,Google,2025-04-13,146571,4691,21707.00
1148,HeartAware,Facebook,2025-09-17,64766,2732,23924.00
1149,CancerCare,Google,2025-06-03,145178,1448,26431.00
1150,HeartAware,Google,2025-04-07,216047,1941,10481.00
1151,HeartAware,YouTube,2025-07-03,115398,1196,13715.00
1152,HeartAware,LinkedIn,2025-08-03,214157,7082,10745.00
1153,CancerCare,LinkedIn,2025-05-26,119900,6450,8601.00
1154,Diabetes Plus,YouTube,2025-06-12,52743,7563,19073.00
1155,HeartAware,YouTube,2025-08-22,108322,3081,18811.00
1156,LungStrong,Google,2025-08-18,204672,6769,16460.00
1157,LungStrong,Facebook,2025-09-29,240070,7226,11702.00
1158,CancerCare,LinkedIn,2025-11-21,126617,3112,16784.00
1159,LungStrong,Facebook,2025-12-10,177977,6021,8812.00
1160,Diabetes Plus,LinkedIn,2025-04-18,203912,2035,32169.00
1161,CancerCare,YouTube,2025-11-04,90097,5479,29963.00
1162,HeartAware,LinkedIn,2025-06-08,124047,1050,31832.00
1163,LungStrong,YouTube,2025-02-27,217487,6927,28682.00
1164,HeartAware,Facebook,2025-07-07,236938,6938,6274.00
1165,CancerCare,YouTube,2025-03-23,58648,5527,28106.00
1166,LungStrong,Google,2025-12-03,87324,1642,12148.00
1167,CancerCare,LinkedIn,2025-10-21,236530,7940,9018.00
1168,Diabetes Plus,Google,2025-05-05,151555,4103,21745.00
1169,Diabetes Plus,YouTube,2025-12-07,222558,1223,8626.00
1170,HeartAware,YouTube,2025-07-31,122143,4704,8805.00
1171,HeartAware,YouTube,2025-10-10,112179,4596,11626.00
1172,Diabetes Plus,YouTube,2025-12-05,141866,4603,26398.00
1173,LungStrong,Facebook,2025-02-10,209813,3374,26345.00
1174,LungStrong,YouTube,2025-06-15,150772,3266,14669.00
1175,LungStrong,Google,2025-04-04,186121,5952,34570.00
1176,Diabetes Plus,Google,2025-11-12,72843,4441,16346.00
1177,HeartAware,YouTube,2025-12-22,151782,4307,7982.00
1178,LungStrong,Google,2025-05-27,55973,2703,14505.00
1179,LungStrong,LinkedIn,2025-03-08,92411,3799,32977.00
1180,LungStrong,Google,2025-07-21,166893,7819,27768.00
1181,HeartAware,YouTube,2025-05-17,107242,5959,15052.00
1182,CancerCare,Google,2025-08-08,89812,6979,15415.00
1183,LungStrong,Facebook,2025-04-21,142882,5024,30761.00
1184,Diabetes Plus,Google,2025-05-08,178954,4519,8545.00
1185,HeartAware,Facebook,2025-12-13,124463,2911,23110.00
1186,LungStrong,Facebook,2025-09-22,166017,5790,6894.00
1187,HeartAware,LinkedIn,2025-04-18,231442,4097,20190.00
1188,LungStrong,Facebook,2025-03-10,82549,1388,22492.00
1189,LungStrong,YouTube,2025-07-31,143357,2746,18963.00
1190,LungStrong,YouTube,2025-04-28,188938,6189,5819.00
1191,Diabetes Plus,Google,2025-05-15,209255,6469,28781.00
1192,CancerCare,YouTube,2025-04-20,155197,1988,22726.00
1193,HeartAware,YouTube,2025-03-04,182309,5734,28609.00
1194,LungStrong,YouTube,2025-07-16,200248,4380,16980.00
1195,Diabetes Plus,Google,2025-11-28,181718,6874,32040.00
1196,LungStrong,YouTube,2025-11-26,176116,5643,8993.00
1197,LungStrong,Google,2025-08-05,82182,5848,26010.00
1198,LungStrong,YouTube,2025-10-30,144778,3186,30290.00
1199,LungStrong,YouTube,2025-06-23,222963,5239,30944.00
1200,LungStrong,Facebook,2025-10-21,69515,6204,5675.00
1201,Diabetes Plus,Google,2025-06-24,201379,5332,9439.00
1202,LungStrong,Google,2025-11-22,207979,5107,9834.00
1203,HeartAware,Facebook,2025-07-01,166995,6023,32993.00
1204,HeartAware,YouTube,2025-07-12,98170,3519,17380.00
1205,HeartAware,YouTube,2025-09-21,85000,4500,27609.00
1206,HeartAware,YouTube,2025-11-17,58558,7737,15247.00
1207,LungStrong,Google,2025-07-12,238937,7678,27923.00
1208,LungStrong,YouTube,2025-09-07,107623,2502,11485.00
1209,LungStrong,Google,2025-07-04,188172,5086,23111.00
1210,HeartAware,Facebook,2025-11-21,218923,3119,9474.00
1211,LungStrong,Google,2025-07-21,210115,7877,28405.00
1212,HeartAware,LinkedIn,2025-09-05,183798,5304,16585.00
1213,CancerCare,YouTube,2025-05-29,118507,1481,5991.00
1214,LungStrong,Facebook,2025-12-14,172047,4456,6105.00
1215,HeartAware,Google,2025-09-18,213267,6843,8572.00
1216,LungStrong,LinkedIn,2025-11-25,224988,6584,22251.00
1217,LungStrong,Google,2025-03-02,136386,7988,27927.00
1218,LungStrong,YouTube,2025-05-30,58012,5368,15842.00
1219,LungStrong,YouTube,2025-12-19,211831,6751,31751.00
1220,Diabetes Plus,Google,2025-06-29,209506,3542,25259.00
1221,LungStrong,YouTube,2025-03-26,111038,4138,14685.00
1222,HeartAware,YouTube,2025-07-27,57501,1930,11245.00
1223,LungStrong,Google,2025-02-13,199683,6795,22237.00
1224,HeartAware,YouTube,2025-06-19,95441,1565,11210.00
1225,Diabetes Plus,YouTube,2025-07-22,51715,6541,34019.00
1226,Diabetes Plus,LinkedIn,2025-06-25,100085,5340,18598.00
1227,HeartAware,LinkedIn,2025-10-11,139400,5344,8860.00
1228,CancerCare,Facebook,2025-03-26,171955,7556,23295.00
1229,HeartAware,LinkedIn,2025-11-12,229294,4970,16834.00
1230,LungStrong,YouTube,2025-04-11,86782,2630,34952.00
1231,HeartAware,Facebook,2025-09-19,102551,6880,9220.00
1232,LungStrong,Facebook,2025-11-02,198300,2125,12899.00
1233,LungStrong,Google,2025-02-03,209730,4520,17410.00
1234,LungStrong,Facebook,2025-02-05,174803,2127,17034.00
1235,CancerCare,LinkedIn,2025-01-05,82608,5798,18763.00
1236,LungStrong,Google,2025-12-04,183040,4114,6999.00
1237,LungStrong,Facebook,2025-03-11,115486,1647,23120.00
1238,HeartAware,Google,2025-10-31,79365,3265,10349.00
1239,LungStrong,YouTube,2025-08-11,120659,6455,7189.00
1240,CancerCare,Facebook,2025-03-10,64570,5989,28257.00
1241,LungStrong,YouTube,2025-03-11,145663,3884,33343.00
1242,CancerCare,LinkedIn,2025-07-11,232031,3369,28314.00
1243,HeartAware,YouTube,2025-02-07,163195,6667,11332.00
1244,Diabetes Plus,YouTube,2025-07-29,114628,4429,12591.00
1245,LungStrong,YouTube,2025-04-13,111216,5797,27419.00
1246,HeartAware,LinkedIn,2025-11-08,90392,6233,13718.00
1247,HeartAware,YouTube,2025-11-13,93723,6396,12870.00
1248,Diabetes Plus,YouTube,2025-04-08,126270,6332,14708.00
1249,HeartAware,YouTube,2025-02-24,227590,5359,17432.00
1250,CancerCare,Facebook,2025-02-28,230653,5831,31788.00
1251,HeartAware,YouTube,2025-09-05,84378,6977,14221.00
1252,LungStrong,Google,2025-01-13,174365,1922,23528.00
1253,HeartAware,YouTube,2025-03-29,200843,7975,23320.00
1254,Diabetes Plus,Facebook,2025-07-02,203738,4603,9257.00
1255,LungStrong,YouTube,2025-03-15,164914,6916,21151.00
1256,LungStrong,Google,2025-01-27,190317,6855,28345.00
1257,LungStrong,YouTube,2025-09-23,213065,2666,9000.00
1258,LungStrong,YouTube,2025-11-22,148452,4301,32009.00
1259,Diabetes Plus,Google,2025-10-14,79041,2322,6108.00
1260,HeartAware,YouTube,2025-10-22,208548,2342,16242.00
1261,HeartAware,Google,2025-02-25,219563,2429,9343.00
1262,HeartAware,Google,2025-05-10,120743,3650,23815.00
1263,HeartAware,YouTube,2025-11-23,108628,5459,21694.00
1264,LungStrong,YouTube,2025-05-29,93307,7808,18216.00
1265,LungStrong,YouTube,2025-02-19,231386,4953,34610.00
1266,Diabetes Plus,YouTube,2025-03-26,52099,3681,34828.00
1267,HeartAware,YouTube,2025-11-14,150897,1158,17688.00
1268,LungStrong,YouTube,2025-08-04,213992,3393,9606.00
1269,HeartAware,YouTube,2025-04-28,128629,3581,26741.00
1270,HeartAware,YouTube,2025-09-16,95826,1734,22478.00
1271,HeartAware,Facebook,2025-11-08,94574,3418,18344.00
1272,LungStrong,YouTube,2025-05-26,154084,4855,14731.00
1273,CancerCare,Google,2025-04-28,137375,4857,18911.00
1274,CancerCare,Google,2025-11-27,175412,7286,29904.00
1275,HeartAware,YouTube,2025-05-19,199172,6894,34357.00
1276,LungStrong,YouTube,2025-12-29,99766,3176,18058.00
1277,CancerCare,YouTube,2025-03-24,68467,1395,26114.00
1278,CancerCare,Google,2025-11-22,126194,4090,10760.00
1279,LungStrong,Google,2025-09-29,112675,4474,31327.00
1280,HeartAware,YouTube,2025-03-21,183284,6963,5519.00
1281,LungStrong,YouTube,2025-04-06,117658,2804,31138.00
1282,LungStrong,LinkedIn,2025-11-27,82591,3098,19866.00
1283,LungStrong,Google,2025-01-15,207140,5203,34614.00
1284,LungStrong,LinkedIn,2025-11-08,133009,7748,28037.00
1285,Diabetes Plus,LinkedIn,2025-09-26,149626,3867,24913.00
1286,LungStrong,YouTube,2025-05-08,243642,2896,19086.00
1287,LungStrong,YouTube,2025-10-31,233664,5645,14572.00
1288,HeartAware,Google,2025-06-05,58774,1080,11726.00
1289,LungStrong,YouTube,2025-08-16,70425,1601,9930.00
1290,LungStrong,YouTube,2025-03-26,246387,2483,10537.00
1291,LungStrong,YouTube,2025-11-06,133035,1364,21055.00
1292,Diabetes Plus,YouTube,2025-03-04,81833,1961,31981.00
1293,Diabetes Plus,YouTube,2025-05-07,60993,2414,25013.00
1294,LungStrong,Google,2025-12-09,193577,5982,20180.00
1295,CancerCare,YouTube,2025-10-20,233923,1810,26702.00
1296,LungStrong,YouTube,2025-08-14,231630,3698,31867.00
1297,LungStrong,YouTube,2025-10-30,245029,3489,27857.00
1298,HeartAware,YouTube,2025-09-02,244721,7905,28886.00
1299,Diabetes Plus,LinkedIn,2025-04-08,101893,5976,34984.00
1300,Diabetes Plus,YouTube,2025-05-05,205625,4159,5414.00
1301,Diabetes Plus,Google,2025-09-23,82114,2406,8828.00
1302,CancerCare,YouTube,2025-03-06,168478,7596,9056.00
1303,LungStrong,Google,2025-12-24,89294,5779,30569.00
1304,LungStrong,YouTube,2025-02-20,74323,6919,20004.00
1305,LungStrong,Google,2025-11-29,72832,4512,7155.00
1306,LungStrong,YouTube,2025-05-14,201968,7859,12038.00
1307,CancerCare,YouTube,2025-04-09,56861,2578,11900.00
1308,HeartAware,YouTube,2025-11-08,145522,2700,33888.00
1309,HeartAware,Google,2025-04-20,114752,1186,23814.00
1310,Diabetes Plus,Google,2025-10-12,223832,4945,29583.00
1311,LungStrong,YouTube,2025-05-12,233848,4795,17897.00
1312,HeartAware,YouTube,2025-12-01,114495,1901,29631.00
1313,HeartAware,YouTube,2025-02-05,69551,1552,26621.00
1314,HeartAware,YouTube,2025-06-27,125548,1721,25294.00
1315,HeartAware,YouTube,2025-10-13,119536,5709,32304.00
1316,LungStrong,Google,2025-03-31,99391,7291,30019.00
1317,HeartAware,YouTube,2025-02-22,203202,5469,12097.00
1318,HeartAware,Google,2025-08-26,214408,5253,32192.00
1319,LungStrong,YouTube,2025-10-03,72378,1023,11393.00
1320,LungStrong,Facebook,2025-04-15,64672,7919,14424.00
1321,HeartAware,Facebook,2025-07-06,209209,2966,11844.00
1322,CancerCare,Google,2025-10-06,101884,1245,24166.00
1323,LungStrong,YouTube,2025-02-08,120463,4595,26424.00
1324,LungStrong,Facebook,2025-01-30,163917,7946,8251.00
1325,LungStrong,YouTube,2025-07-27,50278,7447,6661.00
1326,LungStrong,YouTube,2025-07-10,55211,5502,15206.00
1327,LungStrong,YouTube,2025-01-27,192879,1804,34746.00
1328,LungStrong,Google,2025-08-07,108178,5688,12639.00
1329,LungStrong,Google,2025-12-08,237598,4982,23850.00
1330,Diabetes Plus,YouTube,2025-10-30,136569,3653,31548.00
1331,CancerCare,LinkedIn,2025-07-20,160063,7039,34803.00
1332,Diabetes Plus,YouTube,2025-03-29,148268,3793,28159.00
1333,HeartAware,YouTube,2025-01-02,179370,5839,5669.00
1334,Diabetes Plus,Facebook,2025-11-07,81129,2605,28737.00
1335,HeartAware,LinkedIn,2025-02-14,157339,1781,28341.00
1336,HeartAware,YouTube,2025-06-18,163365,2856,13216.00
1337,LungStrong,YouTube,2025-04-06,214900,5322,32682.00
1338,LungStrong,YouTube,2025-11-11,152542,1963,8810.00
1339,CancerCare,YouTube,2025-03-03,120402,2263,33135.00
1340,LungStrong,YouTube,2025-10-05,185273,1896,13424.00
1341,HeartAware,YouTube,2025-12-14,58046,3916,24742.00
1342,LungStrong,YouTube,2025-01-27,130657,5237,12667.00
1343,LungStrong,Google,2025-11-03,61012,6639,33570.00
1344,LungStrong,Google,2025-03-26,186193,5193,15195.00
1345,CancerCare,Google,2025-02-18,105525,4490,18357.00
1346,CancerCare,Facebook,2025-12-12,175379,7568,18098.00
1347,LungStrong,YouTube,2025-01-30,201164,2147,30920.00
1348,LungStrong,Facebook,2025-02-25,246638,1130,29672.00
1349,HeartAware,Facebook,2025-09-04,197741,7873,26285.00
1350,LungStrong,LinkedIn,2025-08-22,160211,7190,24728.00
1351,LungStrong,Facebook,2025-01-18,131029,1203,32127.00
1352,HeartAware,YouTube,2025-03-09,149848,1851,9325.00
1353,LungStrong,Google,2025-09-20,173311,5386,34153.00
1354,Diabetes Plus,LinkedIn,2025-10-28,129739,5432,6281.00
1355,LungStrong,Google,2025-10-31,212201,6941,6706.00
1356,LungStrong,YouTube,2025-12-12,212993,1655,24859.00
1357,LungStrong,YouTube,2025-06-26,200842,4388,26590.00
1358,HeartAware,Google,2025-01-11,217103,4343,15385.00
1359,CancerCare,YouTube,2025-07-24,218344,2677,10510.00
1360,LungStrong,LinkedIn,2025-03-09,114399,6641,15076.00
1361,LungStrong,Google,2025-04-24,103759,3155,32918.00
1362,HeartAware,Google,2025-08-23,116112,3741,30082.00
1363,LungStrong,LinkedIn,2025-01-26,240321,7408,31514.00
1364,LungStrong,YouTube,2025-08-04,176106,3752,9035.00
1365,LungStrong,LinkedIn,2025-06-15,183744,4835,33034.00
1366,Diabetes Plus,YouTube,2025-08-30,105892,7921,18082.00
1367,Diabetes Plus,YouTube,2025-09-11,90514,5963,19259.00
1368,LungStrong,Google,2025-09-22,127645,4183,25941.00
1369,LungStrong,YouTube,2025-11-26,182606,1735,32354.00
1370,CancerCare,YouTube,2025-03-27,141641,1388,18759.00
1371,LungStrong,Google,2025-12-15,107405,1930,16618.00
1372,HeartAware,Facebook,2025-08-02,137773,4804,10234.00
1373,LungStrong,YouTube,2025-10-19,192824,6094,34701.00
1374,HeartAware,YouTube,2025-11-17,116967,6654,23873.00
1375,HeartAware,Facebook,2025-10-08,200504,2509,5411.00
1376,Diabetes Plus,Google,2025-10-10,72395,3122,31798.00
1377,LungStrong,YouTube,2025-05-09,242893,7222,24172.00
1378,CancerCare,YouTube,2025-04-01,130902,4945,6439.00
1379,HeartAware,YouTube,2025-10-24,63651,7222,26575.00
1380,LungStrong,Facebook,2025-05-04,50010,7563,20595.00
1381,HeartAware,LinkedIn,2025-08-30,242605,4455,13974.00
1382,HeartAware,Google,2025-02-02,181183,1253,12337.00
1383,LungStrong,YouTube,2025-04-23,237873,1734,6634.00
1384,HeartAware,YouTube,2025-07-01,86411,2456,31751.00
1385,LungStrong,Google,2025-12-14,242976,5728,29677.00
1386,HeartAware,LinkedIn,2025-05-18,88190,4770,33820.00
1387,LungStrong,LinkedIn,2025-12-20,202334,7751,22272.00
1388,Diabetes Plus,YouTube,2025-11-20,106468,3884,18829.00
1389,Diabetes Plus,Google,2025-07-07,116941,7013,16489.00
1390,CancerCare,YouTube,2025-02-19,86019,6597,7563.00
1391,HeartAware,YouTube,2025-02-13,154290,5010,5540.00
1392,LungStrong,YouTube,2025-01-07,220980,6457,33097.00
1393,HeartAware,YouTube,2025-08-15,135587,6336,31989.00
1394,HeartAware,YouTube,2025-05-01,50386,3178,20954.00
1395,LungStrong,YouTube,2025-01-18,81726,4008,27630.00
1396,Diabetes Plus,YouTube,2025-08-14,232241,2551,15181.00
1397,CancerCare,YouTube,2025-08-22,106813,3016,33212.00
1398,Diabetes Plus,YouTube,2025-07-10,213783,6716,33057.00
1399,HeartAware,Facebook,2025-02-02,237093,6112,25165.00
1400,LungStrong,YouTube,2025-12-22,104357,2564,21774.00
1401,LungStrong,Facebook,2025-11-02,190043,6956,9223.00
1402,Diabetes Plus,YouTube,2025-05-20,198665,2923,23284.00
1403,CancerCare,Google,2025-10-14,186840,2188,26643.00
1404,LungStrong,YouTube,2025-07-02,185850,3434,25537.00
1405,CancerCare,YouTube,2025-02-28,121487,1365,34036.00
1406,Diabetes Plus,YouTube,2025-11-12,181957,1161,9061.00
1407,LungStrong,Google,2025-05-05,166347,7227,16838.00
1408,LungStrong,Google,2025-05-24,94021,4218,29576.00
1409,LungStrong,YouTube,2025-04-20,103717,4248,33286.00
1410,LungStrong,YouTube,2025-03-26,149903,6647,10349.00
1411,Diabetes Plus,Google,2025-03-26,176554,3343,27117.00
1412,LungStrong,YouTube,2025-06-23,156262,7148,29636.00
1413,CancerCare,YouTube,2025-03-28,155439,1063,6213.00
1414,HeartAware,YouTube,2025-01-21,55956,6521,18546.00
1415,CancerCare,Google,2025-08-06,147579,2041,8293.00
1416,LungStrong,Google,2025-11-14,85986,7420,17977.00
1417,CancerCare,Facebook,2025-05-29,106184,2749,11139.00
1418,LungStrong,Google,2025-10-04,152583,5974,14362.00
1419,LungStrong,YouTube,2025-10-13,217725,3871,28801.00
1420,LungStrong,Facebook,2025-04-28,238013,6499,16168.00
1421,LungStrong,YouTube,2025-07-21,194543,2544,5180.00
1422,HeartAware,Google,2025-02-11,60166,5847,19322.00
1423,LungStrong,Facebook,2025-05-25,192442,4474,11149.00
1424,HeartAware,LinkedIn,2025-02-18,111600,5432,33057.00
1425,LungStrong,YouTube,2025-05-08,231934,3740,12997.00
1426,HeartAware,YouTube,2025-02-06,215465,4835,14857.00
1427,HeartAware,LinkedIn,2025-10-02,178871,1464,30559.00
1428,Diabetes Plus,Google,2025-09-24,160012,5337,7457.00
1429,HeartAware,Google,2025-08-13,148532,7417,18262.00
1430,LungStrong,YouTube,2025-03-12,225443,5116,26620.00
1431,HeartAware,Facebook,2025-11-29,217598,1856,5794.00
1432,HeartAware,LinkedIn,2025-11-19,62546,6818,19749.00
1433,LungStrong,YouTube,2025-08-29,101594,6557,7688.00
1434,LungStrong,YouTube,2025-11-03,85720,2240,20168.00
1435,LungStrong,YouTube,2025-10-19,229861,3805,11419.00
1436,CancerCare,YouTube,2025-09-01,76329,5296,5066.00
1437,LungStrong,YouTube,2025-03-13,179112,6170,17510.00
1438,HeartAware,Google,2025-10-11,154404,1551,33183.00
1439,CancerCare,YouTube,2025-03-06,240440,5627,16437.00
1440,LungStrong,YouTube,2025-12-16,175566,7261,18626.00
1441,HeartAware,YouTube,2025-04-18,211985,4664,5532.00
1442,Diabetes Plus,LinkedIn,2025-12-19,85426,4303,23131.00
1443,LungStrong,YouTube,2025-08-01,173541,2433,13013.00
1444,HeartAware,Google,2025-07-11,98780,4985,24885.00
1445,LungStrong,YouTube,2025-02-13,164834,6517,6807.00
1446,LungStrong,YouTube,2025-09-03,80030,1485,14624.00
1447,LungStrong,Google,2025-05-22,167560,2688,20783.00
1448,CancerCare,YouTube,2025-09-25,150696,4166,30781.00
1449,CancerCare,YouTube,2025-07-18,87915,2683,34053.00
1450,Diabetes Plus,YouTube,2025-02-10,234013,2183,11046.00
1451,LungStrong,YouTube,2025-02-02,140686,4356,27119.00
1452,LungStrong,Facebook,2025-07-25,169626,4775,32622.00
1453,Diabetes Plus,LinkedIn,2025-12-14,71149,4935,25834.00
1454,CancerCare,Google,2025-01-17,63621,7717,24950.00
1455,Diabetes Plus,LinkedIn,2025-11-07,73629,2845,12002.00
1456,Diabetes Plus,Facebook,2025-02-24,151357,2723,19237.00
1457,LungStrong,YouTube,2025-11-06,153607,3270,28247.00
1458,CancerCare,YouTube,2025-06-11,233004,1355,10315.00
1459,Diabetes Plus,YouTube,2025-08-28,219801,1865,5634.00
1460,HeartAware,YouTube,2025-01-22,198897,6312,11759.00
1461,LungStrong,YouTube,2025-02-23,138079,5426,7944.00
1462,LungStrong,LinkedIn,2025-04-18,98298,4750,26837.00
1463,LungStrong,YouTube,2025-04-14,72530,4589,22128.00
1464,LungStrong,Google,2025-07-07,124035,3473,26636.00
1465,HeartAware,Facebook,2025-06-10,69089,6092,9544.00
1466,LungStrong,YouTube,2025-08-21,154537,4355,31348.00
1467,LungStrong,YouTube,2025-06-16,67008,2356,34768.00
1468,LungStrong,Google,2025-08-17,245650,5784,28638.00
1469,Diabetes Plus,Google,2025-04-02,158427,1225,10096.00
1470,CancerCare,LinkedIn,2025-09-25,188591,1765,9346.00
1471,CancerCare,YouTube,2025-06-29,103671,1058,24716.00
1472,Diabetes Plus,Google,2025-03-19,56542,6166,11617.00
1473,HeartAware,YouTube,2025-08-28,122174,3054,28291.00
1474,LungStrong,Facebook,2025-06-18,210326,5049,18931.00
1475,HeartAware,YouTube,2025-01-15,235539,5306,15805.00
1476,LungStrong,LinkedIn,2025-10-05,157794,4224,9518.00
1477,Diabetes Plus,YouTube,2025-05-07,217570,5999,11666.00
1478,LungStrong,YouTube,2025-05-07,85785,4610,23169.00
1479,LungStrong,Facebook,2025-05-28,96533,2579,10506.00
1480,HeartAware,LinkedIn,2025-07-28,205164,6144,26645.00
1481,LungStrong,YouTube,2025-04-25,73655,2523,15866.00
1482,CancerCare,YouTube,2025-02-15,207809,6147,29783.00
1483,LungStrong,LinkedIn,2025-10-20,201388,7461,26034.00
1484,Diabetes Plus,LinkedIn,2025-11-18,224025,4487,21084.00
1485,CancerCare,Google,2025-12-25,100969,4839,12789.00
1486,CancerCare,YouTube,2025-05-10,129824,6287,21937.00
1487,CancerCare,LinkedIn,2025-07-12,103087,6987,34503.00
1488,Diabetes Plus,YouTube,2025-05-22,61471,5201,5082.00
1489,HeartAware,YouTube,2025-01-14,217230,1715,16768.00
1490,Diabetes Plus,YouTube,2025-06-12,242307,5109,26570.00
1491,LungStrong,YouTube,2025-07-08,179423,1126,9990.00
1492,LungStrong,YouTube,2025-12-02,99233,2058,23729.00
1493,HeartAware,YouTube,2025-05-11,106166,1007,31039.00
1494,LungStrong,YouTube,2025-08-15,121114,6784,30939.00
1495,HeartAware,YouTube,2025-09-03,225378,2704,24277.00
1496,Diabetes Plus,YouTube,2025-03-18,246991,3225,30932.00
1497,HeartAware,Facebook,2025-12-09,138031,4587,34761.00
1498,Diabetes Plus,LinkedIn,2025-08-21,218872,2877,32574.00
1499,LungStrong,Google,2025-10-18,70041,3698,24286.00
1500,Diabetes Plus,YouTube,2025-03-09,100544,3921,25827.00
1501,CancerCare,LinkedIn,2025-09-20,114377,3142,34876.00
1502,Diabetes Plus,YouTube,2025-12-21,170599,1226,30220.00
1503,LungStrong,YouTube,2025-02-08,126380,7306,7998.00
1504,CancerCare,LinkedIn,2025-06-21,158561,6655,13472.00
1505,CancerCare,Google,2025-02-06,230481,7868,22192.00
1506,LungStrong,LinkedIn,2025-02-03,50774,2639,6347.00
1507,Diabetes Plus,Google,2025-10-09,83183,3617,34746.00
1508,LungStrong,YouTube,2025-07-25,127096,6572,17418.00
1509,Diabetes Plus,Google,2025-04-14,215459,2635,31455.00
1510,HeartAware,YouTube,2025-01-25,80762,6195,30910.00
1511,Diabetes Plus,YouTube,2025-07-27,147032,1532,26302.00
1512,LungStrong,LinkedIn,2025-04-19,192598,2733,33172.00
1513,LungStrong,Google,2025-02-06,217548,2770,16720.00
1514,Diabetes Plus,Google,2025-04-21,124813,6639,33434.00
1515,Diabetes Plus,YouTube,2025-11-27,104397,7278,21144.00
1516,HeartAware,Google,2025-01-03,139118,3125,6303.00
1517,Diabetes Plus,Google,2025-03-06,216829,7540,29660.00
1518,HeartAware,Facebook,2025-04-29,221266,1770,27827.00
1519,CancerCare,LinkedIn,2025-09-11,245681,7350,12720.00
1520,LungStrong,LinkedIn,2025-06-16,216817,7465,11889.00
1521,LungStrong,YouTube,2025-12-06,198421,6476,7385.00
1522,LungStrong,YouTube,2025-07-29,208024,7209,18877.00
1523,LungStrong,YouTube,2025-03-14,129488,4335,25322.00
1524,HeartAware,YouTube,2025-05-01,110975,5420,30025.00
1525,LungStrong,YouTube,2025-01-24,204647,4961,28292.00
1526,Diabetes Plus,Facebook,2025-11-11,216623,6493,14443.00
1527,Diabetes Plus,YouTube,2025-05-25,100501,6762,31371.00
1528,LungStrong,YouTube,2025-10-27,244362,7203,28808.00
1529,CancerCare,Google,2025-05-31,211865,1128,15342.00
1530,Diabetes Plus,YouTube,2025-07-07,61621,6565,28568.00
1531,LungStrong,LinkedIn,2025-03-16,81832,1204,24077.00
1532,LungStrong,LinkedIn,2025-07-14,226430,4287,6725.00
1533,LungStrong,YouTube,2025-05-09,155527,4341,9445.00
1534,HeartAware,YouTube,2025-12-01,191036,2878,24753.00
1535,LungStrong,YouTube,2025-04-15,142257,7583,28572.00
1536,Diabetes Plus,YouTube,2025-01-01,80936,1115,10230.00
1537,LungStrong,YouTube,2025-06-11,110206,4867,9374.00
1538,Diabetes Plus,LinkedIn,2025-01-20,127409,3580,14992.00
1539,LungStrong,Facebook,2025-06-08,165147,2084,29713.00
1540,Diabetes Plus,Google,2025-09-16,234748,3021,16189.00
1541,LungStrong,LinkedIn,2025-03-08,82994,5321,13363.00
1542,Diabetes Plus,YouTube,2025-08-25,75280,4197,11714.00
1543,CancerCare,YouTube,2025-08-25,172289,5961,12137.00
1544,Diabetes Plus,YouTube,2025-10-10,237707,7430,22679.00
1545,Diabetes Plus,YouTube,2025-05-10,177734,2744,10794.00
1546,LungStrong,YouTube,2025-04-30,95904,5503,27673.00
1547,CancerCare,Google,2025-12-29,124520,6473,34903.00
1548,LungStrong,YouTube,2025-03-29,63789,2900,28268.00
1549,Diabetes Plus,YouTube,2025-03-11,159138,7727,12363.00
1550,CancerCare,Google,2025-10-04,58712,6305,31305.00
1551,LungStrong,YouTube,2025-01-24,59351,3181,30505.00
1552,CancerCare,YouTube,2025-08-04,206207,4489,21056.00
1553,LungStrong,YouTube,2025-09-01,144127,2099,24893.00
1554,LungStrong,YouTube,2025-08-09,127694,5642,26540.00
1555,LungStrong,Google,2025-05-05,159380,1072,7437.00
1556,LungStrong,YouTube,2025-07-14,115013,4852,33379.00
1557,LungStrong,LinkedIn,2025-04-09,181814,2400,13049.00
1558,LungStrong,Facebook,2025-10-10,182144,3796,7078.00
1559,HeartAware,Google,2025-03-03,222602,1706,18558.00
1560,Diabetes Plus,Google,2025-02-28,101229,4405,30134.00
1561,HeartAware,YouTube,2025-11-16,184862,2727,19881.00
1562,LungStrong,Google,2025-05-17,83801,6920,31446.00
1563,CancerCare,YouTube,2025-04-28,196362,6913,21471.00
1564,LungStrong,YouTube,2025-08-06,143104,2804,14138.00
1565,HeartAware,YouTube,2025-01-10,182401,4900,5870.00
1566,CancerCare,Facebook,2025-11-27,160349,2652,17148.00
1567,LungStrong,YouTube,2025-08-01,71588,3560,34422.00
1568,Diabetes Plus,YouTube,2025-11-11,74588,1027,20902.00
1569,LungStrong,YouTube,2025-07-07,249850,5037,19285.00
1570,CancerCare,YouTube,2025-06-05,187506,3308,17370.00
1571,LungStrong,YouTube,2025-08-13,129830,7369,20462.00
1572,HeartAware,Facebook,2025-04-07,104152,1025,15110.00
1573,Diabetes Plus,LinkedIn,2025-10-02,124650,6738,12832.00
1574,Diabetes Plus,YouTube,2025-10-29,185047,4267,19401.00
1575,LungStrong,YouTube,2025-07-01,136037,3634,32465.00
1576,HeartAware,Google,2025-08-01,112916,4471,19591.00
1577,LungStrong,YouTube,2025-05-19,55871,1750,30717.00
1578,Diabetes Plus,YouTube,2025-08-13,162503,3339,26867.00
1579,Diabetes Plus,YouTube,2025-10-10,51821,4592,7193.00
1580,HeartAware,YouTube,2025-01-06,69275,7280,6898.00
1581,CancerCare,Facebook,2025-02-15,106650,2741,20303.00
1582,Diabetes Plus,LinkedIn,2025-12-17,51431,6665,8925.00
1583,HeartAware,YouTube,2025-05-13,123068,6238,10039.00
1584,LungStrong,Google,2025-07-13,91407,7408,29652.00
1585,Diabetes Plus,Google,2025-11-14,108215,1997,18445.00
1586,Diabetes Plus,Google,2025-11-14,198979,4431,18575.00
1587,LungStrong,Google,2025-04-02,242367,7442,19706.00
1588,HeartAware,Facebook,2025-07-31,114629,2591,19433.00
1589,LungStrong,YouTube,2025-09-22,247512,4098,27894.00
1590,HeartAware,YouTube,2025-09-09,192535,7573,15016.00
1591,LungStrong,YouTube,2025-09-28,81698,7420,16265.00
1592,LungStrong,YouTube,2025-05-01,91153,6273,7476.00
1593,LungStrong,LinkedIn,2025-04-02,239069,2076,26024.00
1594,LungStrong,YouTube,2025-11-27,89797,4633,10319.00
1595,HeartAware,Google,2025-01-31,161741,4746,10888.00
1596,CancerCare,Google,2025-04-11,150242,5400,22980.00
1597,Diabetes Plus,YouTube,2025-11-21,179695,7598,9967.00
1598,Diabetes Plus,YouTube,2025-08-24,114178,5349,14248.00
1599,LungStrong,Facebook,2025-02-25,143223,2269,34702.00
1600,LungStrong,LinkedIn,2025-05-20,166707,3435,23623.00
1601,HeartAware,YouTube,2025-11-20,208644,1607,5095.00
1602,Diabetes Plus,YouTube,2025-05-05,128436,5582,27783.00
1603,LungStrong,LinkedIn,2025-08-10,198782,3377,20748.00
1604,Diabetes Plus,Google,2025-01-10,211413,5216,14703.00
1605,LungStrong,YouTube,2025-01-10,93774,4270,17515.00
1606,LungStrong,Google,2025-03-04,200280,2645,20069.00
1607,LungStrong,Google,2025-12-13,244388,5167,11863.00
1608,LungStrong,Google,2025-12-28,141953,5229,19599.00
1609,HeartAware,YouTube,2025-02-23,190393,5464,24417.00
1610,LungStrong,YouTube,2025-06-14,181273,4125,29528.00
1611,LungStrong,YouTube,2025-06-18,155874,4312,13080.00
1612,HeartAware,Google,2025-10-13,205218,6871,7302.00
1613,HeartAware,Google,2025-02-02,186460,1203,29312.00
1614,LungStrong,Facebook,2025-03-27,130986,6202,13759.00
1615,LungStrong,YouTube,2025-10-05,168792,2528,24016.00
1616,LungStrong,YouTube,2025-02-09,241409,1765,27255.00
1617,HeartAware,YouTube,2025-02-03,233306,2945,23520.00
1618,HeartAware,Facebook,2025-05-07,180422,3028,26378.00
1619,Diabetes Plus,LinkedIn,2025-07-20,192730,7565,9054.00
1620,Diabetes Plus,YouTube,2025-10-11,147310,7594,28727.00
1621,HeartAware,YouTube,2025-12-07,70923,6514,8551.00
1622,LungStrong,Google,2025-06-04,156880,3408,32398.00
1623,LungStrong,Google,2025-01-02,176789,7373,5291.00
1624,CancerCare,Google,2025-02-24,53751,5109,21784.00
1625,LungStrong,YouTube,2025-05-13,102108,4592,15463.00
1626,LungStrong,Google,2025-12-13,210807,3415,15286.00
1627,HeartAware,YouTube,2025-09-25,171592,6255,32159.00
1628,HeartAware,YouTube,2025-02-24,109470,3886,21955.00
1629,Diabetes Plus,YouTube,2025-08-20,105101,7617,23300.00
1630,CancerCare,YouTube,2025-10-23,154085,1352,22738.00
1631,HeartAware,Google,2025-11-12,185365,3066,7321.00
1632,Diabetes Plus,Facebook,2025-12-28,126210,3197,27205.00
1633,LungStrong,YouTube,2025-11-29,54376,2930,11985.00
1634,Diabetes Plus,LinkedIn,2025-11-09,62041,7930,33184.00
1635,HeartAware,YouTube,2025-07-27,61526,5909,9414.00
1636,LungStrong,Google,2025-03-15,202320,4154,10510.00
1637,LungStrong,YouTube,2025-05-29,129596,2261,5917.00
1638,HeartAware,YouTube,2025-07-06,181819,7060,28032.00
1639,HeartAware,Google,2025-12-24,209020,3746,20372.00
1640,LungStrong,YouTube,2025-09-14,241230,2405,33573.00
1641,CancerCare,Google,2025-07-29,167063,1639,33492.00
1642,LungStrong,Facebook,2025-03-06,156989,1001,29111.00
1643,LungStrong,YouTube,2025-07-08,71457,6787,23383.00
1644,HeartAware,YouTube,2025-01-10,207434,4922,33811.00
1645,CancerCare,YouTube,2025-04-15,229071,2247,21350.00
1646,LungStrong,LinkedIn,2025-03-23,235526,4021,5127.00
1647,LungStrong,Facebook,2025-04-30,77556,2686,17771.00
1648,Diabetes Plus,YouTube,2025-09-24,65283,2155,9946.00
1649,LungStrong,YouTube,2025-05-23,142819,6545,23302.00
1650,LungStrong,Google,2025-08-25,87925,2518,18120.00
1651,CancerCare,Google,2025-03-13,68254,1508,27278.00
1652,LungStrong,YouTube,2025-12-18,73374,1657,6687.00
1653,LungStrong,YouTube,2025-04-27,119442,4325,32233.00
1654,CancerCare,YouTube,2025-04-23,75954,7971,6502.00
1655,HeartAware,Google,2025-10-08,95027,5673,25271.00
1656,Diabetes Plus,YouTube,2025-02-19,61139,7831,8959.00
1657,LungStrong,YouTube,2025-10-21,93567,5199,26834.00
1658,CancerCare,YouTube,2025-11-12,62296,1999,34292.00
1659,LungStrong,LinkedIn,2025-11-17,163611,3065,33599.00
1660,CancerCare,YouTube,2025-07-23,123910,7819,27714.00
1661,LungStrong,YouTube,2025-07-14,83596,3638,16561.00
1662,HeartAware,YouTube,2025-03-13,154756,6341,18206.00
1663,Diabetes Plus,Google,2025-08-15,212232,1719,24221.00
1664,HeartAware,YouTube,2025-08-09,113434,1389,16192.00
1665,LungStrong,Facebook,2025-12-11,169912,1259,28464.00
1666,LungStrong,LinkedIn,2025-11-16,136956,5712,16452.00
1667,LungStrong,YouTube,2025-09-10,147129,6152,24486.00
1668,LungStrong,YouTube,2025-12-05,206177,6736,31742.00
1669,LungStrong,YouTube,2025-10-10,98617,2233,24444.00
1670,LungStrong,YouTube,2025-10-03,213087,3970,21120.00
1671,Diabetes Plus,YouTube,2025-05-31,86092,6321,26225.00
1672,LungStrong,LinkedIn,2025-12-18,111174,7659,11584.00
1673,HeartAware,YouTube,2025-12-17,163009,2623,31408.00
1674,HeartAware,YouTube,2025-12-29,189441,5819,7304.00
1675,HeartAware,Facebook,2025-12-20,130788,7517,11677.00
1676,Diabetes Plus,Google,2025-06-24,185570,7038,34614.00
1677,LungStrong,Google,2025-09-02,80481,1753,14851.00
1678,HeartAware,LinkedIn,2025-10-21,96794,1502,34292.00
1679,Diabetes Plus,YouTube,2025-12-21,110965,4718,25581.00
1680,Diabetes Plus,Facebook,2025-01-15,177789,7660,19440.00
1681,LungStrong,YouTube,2025-11-24,194140,2159,30822.00
1682,CancerCare,Google,2025-08-16,84301,4109,15123.00
1683,LungStrong,Facebook,2025-03-06,174452,2826,27466.00
1684,Diabetes Plus,Google,2025-02-24,249856,2508,13892.00
1685,LungStrong,Facebook,2025-03-12,242704,5829,30288.00
1686,HeartAware,YouTube,2025-10-31,160722,7094,33810.00
1687,CancerCare,YouTube,2025-04-20,102317,6359,29057.00
1688,LungStrong,Facebook,2025-09-03,187544,1316,5340.00
1689,LungStrong,YouTube,2025-03-28,180006,3790,26026.00
1690,LungStrong,Google,2025-07-29,77390,7756,6774.00
1691,HeartAware,YouTube,2025-12-21,140711,6221,10461.00
1692,CancerCare,Google,2025-06-21,118044,3143,22373.00
1693,HeartAware,Facebook,2025-10-05,123786,2090,28711.00
1694,Diabetes Plus,YouTube,2025-08-21,248963,3576,7204.00
1695,CancerCare,LinkedIn,2025-08-01,133873,3204,31534.00
1696,HeartAware,Google,2025-12-06,212099,5372,33375.00
1697,Diabetes Plus,Google,2025-12-09,228270,6262,28474.00
1698,LungStrong,Google,2025-11-08,77264,4085,20354.00
1699,HeartAware,YouTube,2025-03-21,75933,1844,30169.00
1700,LungStrong,Facebook,2025-06-01,71576,2620,9790.00
1701,LungStrong,Google,2025-01-22,64081,4821,23867.00
1702,LungStrong,Facebook,2025-12-17,148925,2456,17178.00
1703,LungStrong,YouTube,2025-11-17,242678,1324,22416.00
1704,HeartAware,LinkedIn,2025-07-03,117171,1597,15877.00
1705,LungStrong,Facebook,2025-01-17,139197,7284,32237.00
1706,LungStrong,YouTube,2025-01-04,174890,5648,22726.00
1707,LungStrong,Google,2025-08-21,57739,6566,9640.00
1708,HeartAware,YouTube,2025-12-08,205787,5193,32625.00
1709,HeartAware,Facebook,2025-06-16,110206,3267,10721.00
1710,LungStrong,YouTube,2025-03-20,150001,6341,13892.00
1711,LungStrong,YouTube,2025-01-07,185923,2247,12652.00
1712,HeartAware,YouTube,2025-12-08,237116,4860,28336.00
1713,HeartAware,Google,2025-04-30,165671,1880,24624.00
1714,HeartAware,YouTube,2025-11-02,240618,5030,25378.00
1715,Diabetes Plus,Google,2025-05-06,76456,4958,31126.00
1716,CancerCare,LinkedIn,2025-10-22,72823,7210,7518.00
1717,HeartAware,Facebook,2025-01-18,122941,2017,11782.00
1718,HeartAware,YouTube,2025-08-10,172192,5968,8539.00
1719,Diabetes Plus,YouTube,2025-10-18,108702,4898,25654.00
1720,LungStrong,Google,2025-02-13,152950,6073,14894.00
1721,LungStrong,Google,2025-05-14,52358,4533,13611.00
1722,LungStrong,Google,2025-06-14,107324,7217,16118.00
1723,CancerCare,YouTube,2025-06-18,94617,4239,8681.00
1724,LungStrong,Facebook,2025-03-01,218402,5427,32666.00
1725,LungStrong,Facebook,2025-07-18,144245,5620,21354.00
1726,HeartAware,Google,2025-07-03,88418,1602,10938.00
1727,Diabetes Plus,YouTube,2025-07-21,228924,4705,28785.00
1728,Diabetes Plus,YouTube,2025-01-14,92240,4384,24303.00
1729,Diabetes Plus,YouTube,2025-11-01,123194,4608,33211.00
1730,LungStrong,LinkedIn,2025-04-28,76706,5271,13783.00
1731,Diabetes Plus,Google,2025-09-19,108442,2238,18968.00
1732,HeartAware,Facebook,2025-10-25,207796,3480,34836.00
1733,LungStrong,YouTube,2025-02-25,186976,5254,16747.00
1734,HeartAware,YouTube,2025-02-16,161160,4937,21390.00
1735,LungStrong,YouTube,2025-03-27,107972,2191,15406.00
1736,LungStrong,YouTube,2025-08-27,248441,6395,30135.00
1737,CancerCare,YouTube,2025-11-09,179545,4831,26385.00
1738,Diabetes Plus,YouTube,2025-10-22,78203,6055,16366.00
1739,CancerCare,Google,2025-12-28,86698,5767,7413.00
1740,LungStrong,YouTube,2025-03-08,134181,1495,28344.00
1741,Diabetes Plus,YouTube,2025-04-02,87665,2207,18496.00
1742,CancerCare,Facebook,2025-08-11,62872,5403,31475.00
1743,LungStrong,YouTube,2025-04-28,92811,7814,19280.00
1744,CancerCare,Google,2025-01-27,93074,6298,12940.00
1745,LungStrong,YouTube,2025-04-25,174985,4009,10062.00
1746,CancerCare,YouTube,2025-11-14,81512,7432,9373.00
1747,LungStrong,Google,2025-11-22,186184,5222,18018.00
1748,CancerCare,Google,2025-08-21,140740,1240,10289.00
1749,LungStrong,Facebook,2025-05-23,61617,2881,7723.00
1750,LungStrong,Google,2025-06-01,187828,1739,8995.00
1751,LungStrong,YouTube,2025-12-21,123479,1206,6231.00
1752,HeartAware,YouTube,2025-05-29,75172,3125,19356.00
1753,LungStrong,Google,2025-08-26,106461,4134,23591.00
1754,LungStrong,Google,2025-03-16,117310,5862,12298.00
1755,HeartAware,YouTube,2025-01-16,207923,5518,31335.00
1756,Diabetes Plus,Facebook,2025-09-14,103965,7428,23552.00
1757,LungStrong,YouTube,2025-11-02,142287,2583,14666.00
1758,LungStrong,Google,2025-05-08,52979,7889,16901.00
1759,Diabetes Plus,Google,2025-06-25,241431,1659,21938.00
1760,CancerCare,YouTube,2025-10-14,177239,2007,16808.00
1761,LungStrong,YouTube,2025-07-14,245444,7604,12915.00
1762,LungStrong,YouTube,2025-04-06,165898,2608,17632.00
1763,HeartAware,YouTube,2025-02-21,207493,7538,33503.00
1764,HeartAware,Facebook,2025-04-27,71956,4614,8903.00
1765,CancerCare,LinkedIn,2025-09-22,131727,5261,10820.00
1766,LungStrong,LinkedIn,2025-03-13,89786,6967,23898.00
1767,HeartAware,YouTube,2025-12-17,112127,7561,16412.00
1768,Diabetes Plus,YouTube,2025-06-11,72388,4584,10499.00
1769,LungStrong,Google,2025-02-16,194403,6305,6766.00
1770,HeartAware,LinkedIn,2025-11-02,150847,2437,33662.00
1771,HeartAware,Google,2025-09-23,171176,3703,28859.00
1772,CancerCare,YouTube,2025-02-06,205610,3647,17140.00
1773,CancerCare,Google,2025-11-26,204408,2248,21862.00
1774,CancerCare,Google,2025-04-01,158472,7640,27316.00
1775,CancerCare,Google,2025-11-06,62767,4038,7818.00
1776,CancerCare,YouTube,2025-07-18,146715,3831,22849.00
1777,CancerCare,YouTube,2025-05-04,134243,6903,32488.00
1778,HeartAware,YouTube,2025-07-01,110708,2631,11413.00
1779,LungStrong,YouTube,2025-03-22,200915,2303,16550.00
1780,LungStrong,YouTube,2025-12-19,109528,1972,32763.00
1781,LungStrong,LinkedIn,2025-05-22,237887,1786,5612.00
1782,Diabetes Plus,Facebook,2025-03-29,94368,6924,18243.00
1783,Diabetes Plus,Google,2025-09-23,221947,5343,32215.00
1784,LungStrong,YouTube,2025-10-08,224576,1979,29261.00
1785,Diabetes Plus,YouTube,2025-02-09,53019,4953,21339.00
1786,LungStrong,LinkedIn,2025-09-03,142566,6712,8686.00
1787,LungStrong,Google,2025-09-06,120794,3708,27874.00
1788,Diabetes Plus,YouTube,2025-11-10,127863,5081,29798.00
1789,HeartAware,LinkedIn,2025-04-01,209585,6120,9033.00
1790,Diabetes Plus,YouTube,2025-05-13,119646,7394,31265.00
1791,HeartAware,YouTube,2025-07-04,238189,5429,11527.00
1792,LungStrong,Facebook,2025-08-06,240584,6470,26657.00
1793,Diabetes Plus,Google,2025-05-29,158619,5884,32975.00
1794,LungStrong,YouTube,2025-10-08,71368,1962,20298.00
1795,LungStrong,YouTube,2025-06-23,112222,7694,21827.00
1796,LungStrong,YouTube,2025-02-21,92136,5507,34595.00
1797,Diabetes Plus,Facebook,2025-11-02,193803,6080,24626.00
1798,LungStrong,LinkedIn,2025-01-06,136817,7137,22208.00
1799,LungStrong,YouTube,2025-04-07,184326,4425,7517.00
1800,HeartAware,YouTube,2025-07-19,59466,3452,29314.00
1801,HeartAware,Google,2025-02-05,134359,7339,30483.00
1802,Diabetes Plus,YouTube,2025-07-09,243354,4712,33179.00
1803,LungStrong,YouTube,2025-09-16,227963,5136,11616.00
1804,LungStrong,YouTube,2025-07-23,249231,1736,31418.00
1805,Diabetes Plus,Google,2025-01-07,189716,5419,5797.00
1806,LungStrong,Facebook,2025-04-26,147176,7524,25207.00
1807,HeartAware,LinkedIn,2025-02-11,113493,2512,26411.00
1808,LungStrong,YouTube,2025-07-02,149668,4608,31493.00
1809,Diabetes Plus,LinkedIn,2025-12-27,93351,2790,6675.00
1810,LungStrong,YouTube,2025-09-22,217631,5987,6522.00
1811,CancerCare,YouTube,2025-08-30,181308,1239,14729.00
1812,HeartAware,LinkedIn,2025-09-06,97034,4424,13557.00
1813,Diabetes Plus,Facebook,2025-04-22,201823,1665,8567.00
1814,CancerCare,Google,2025-11-27,177418,6619,12134.00
1815,Diabetes Plus,LinkedIn,2025-05-29,78550,6567,27429.00
1816,LungStrong,Google,2025-03-06,231001,3820,9169.00
1817,HeartAware,YouTube,2025-12-25,245287,4308,34945.00
1818,HeartAware,Facebook,2025-06-06,117611,2587,24326.00
1819,LungStrong,LinkedIn,2025-11-23,228996,5442,19225.00
1820,LungStrong,YouTube,2025-04-21,207239,2437,15752.00
1821,HeartAware,YouTube,2025-06-24,241188,1078,30970.00
1822,LungStrong,YouTube,2025-06-19,103864,6689,20493.00
1823,LungStrong,YouTube,2025-11-18,110283,4272,19697.00
1824,Diabetes Plus,YouTube,2025-10-17,164328,5313,25177.00
1825,HeartAware,LinkedIn,2025-01-24,110736,2339,16655.00
1826,LungStrong,YouTube,2025-07-05,168427,1961,26855.00
1827,HeartAware,YouTube,2025-02-26,156302,2398,31113.00
1828,HeartAware,YouTube,2025-09-09,157967,4059,34277.00
1829,Diabetes Plus,YouTube,2025-09-17,208955,3119,7430.00
1830,Diabetes Plus,YouTube,2025-09-16,186812,1424,15846.00
1831,Diabetes Plus,YouTube,2025-09-13,111870,2500,33426.00
1832,LungStrong,YouTube,2025-04-06,50563,1579,30146.00
1833,CancerCare,Google,2025-07-04,81923,1109,10971.00
1834,CancerCare,Google,2025-01-23,54061,6473,18722.00
1835,Diabetes Plus,YouTube,2025-05-13,148326,3969,26204.00
1836,LungStrong,Google,2025-03-15,123178,4217,33598.00
1837,LungStrong,Google,2025-09-11,112870,7012,12278.00
1838,LungStrong,YouTube,2025-10-27,70825,1192,15154.00
1839,HeartAware,YouTube,2025-11-11,230309,5348,13110.00
1840,CancerCare,LinkedIn,2025-03-16,189247,2169,28706.00
1841,Diabetes Plus,Google,2025-10-27,239760,2161,28280.00
1842,LungStrong,YouTube,2025-05-05,55089,4258,27827.00
1843,LungStrong,Google,2025-11-06,146299,6806,18478.00
1844,HeartAware,Google,2025-12-17,210592,7688,22842.00
1845,LungStrong,Google,2025-07-12,131867,7779,11079.00
1846,HeartAware,Google,2025-01-19,202754,7660,24326.00
1847,LungStrong,YouTube,2025-04-07,227544,2739,22708.00
1848,HeartAware,YouTube,2025-06-26,104080,6766,10919.00
1849,LungStrong,LinkedIn,2025-10-12,226915,7940,30148.00
1850,Diabetes Plus,LinkedIn,2025-04-20,205020,6529,32545.00
1851,LungStrong,YouTube,2025-04-06,151261,3742,34959.00
1852,LungStrong,Facebook,2025-01-19,246095,3258,24012.00
1853,HeartAware,YouTube,2025-08-24,245518,3788,8821.00
1854,LungStrong,YouTube,2025-05-16,176917,5676,27062.00
1855,CancerCare,YouTube,2025-08-22,204391,1618,17944.00
1856,Diabetes Plus,Google,2025-10-31,132734,3789,9155.00
1857,LungStrong,YouTube,2025-11-16,109418,2294,22419.00
1858,CancerCare,LinkedIn,2025-03-31,188137,6673,33209.00
1859,Diabetes Plus,YouTube,2025-02-05,125967,2154,9621.00
1860,LungStrong,LinkedIn,2025-05-23,213390,5126,34553.00
1861,LungStrong,Facebook,2025-04-20,175917,5711,30374.00
1862,LungStrong,LinkedIn,2025-06-11,167420,6343,20594.00
1863,CancerCare,Google,2025-02-25,59971,4193,21794.00
1864,Diabetes Plus,Google,2025-05-24,156727,7447,25719.00
1865,LungStrong,YouTube,2025-03-14,155374,6877,25721.00
1866,HeartAware,YouTube,2025-04-29,102277,1816,26716.00
1867,Diabetes Plus,Facebook,2025-09-01,244877,4394,9982.00
1868,LungStrong,YouTube,2025-02-22,157477,3309,9900.00
1869,Diabetes Plus,Google,2025-02-01,182051,3313,8520.00
1870,CancerCare,YouTube,2025-09-01,148302,7075,5077.00
1871,HeartAware,YouTube,2025-05-15,230679,5951,24337.00
1872,LungStrong,YouTube,2025-09-06,76711,5573,18095.00
1873,LungStrong,YouTube,2025-10-29,86781,4162,25239.00
1874,LungStrong,Google,2025-06-08,142693,2348,34298.00
1875,LungStrong,Facebook,2025-10-10,169470,6276,10544.00
1876,Diabetes Plus,Facebook,2025-10-27,74025,4081,8428.00
1877,LungStrong,YouTube,2025-07-21,82687,7705,28388.00
1878,HeartAware,Google,2025-12-30,217202,2962,26473.00
1879,HeartAware,YouTube,2025-05-25,80872,4306,15272.00
1880,LungStrong,Facebook,2025-12-09,61075,3355,28503.00
1881,CancerCare,YouTube,2025-10-10,137936,1148,11461.00
1882,CancerCare,Google,2025-07-18,110393,3428,16145.00
1883,LungStrong,YouTube,2025-08-28,56167,6154,8622.00
1884,LungStrong,YouTube,2025-03-14,107007,5840,31657.00
1885,LungStrong,Facebook,2025-10-15,236880,6807,26174.00
1886,CancerCare,YouTube,2025-04-04,161536,4354,11571.00
1887,HeartAware,Google,2025-03-13,202149,4744,30292.00
1888,Diabetes Plus,YouTube,2025-07-26,221911,4702,25539.00
1889,CancerCare,Google,2025-12-11,111223,1460,31206.00
1890,LungStrong,LinkedIn,2025-01-29,151322,6046,31502.00
1891,LungStrong,YouTube,2025-12-28,139500,4670,14509.00
1892,Diabetes Plus,Facebook,2025-08-04,157729,5088,14430.00
1893,CancerCare,YouTube,2025-08-25,199230,3149,11251.00
1894,HeartAware,YouTube,2025-09-20,218843,2811,29983.00
1895,HeartAware,LinkedIn,2025-05-16,217233,3167,12210.00
1896,LungStrong,Facebook,2025-06-06,108786,1773,8128.00
1897,LungStrong,Facebook,2025-12-08,71530,5970,8980.00
1898,LungStrong,Facebook,2025-09-02,144669,3001,11657.00
1899,LungStrong,Facebook,2025-11-01,87667,6167,34187.00
1900,CancerCare,LinkedIn,2025-03-18,174164,6520,31270.00
1901,HeartAware,YouTube,2025-12-26,134288,5372,6775.00
1902,HeartAware,Google,2025-12-31,217335,3913,9493.00
1903,CancerCare,YouTube,2025-01-11,217153,5337,17022.00
1904,Diabetes Plus,YouTube,2025-01-06,71027,6775,20814.00
1905,LungStrong,YouTube,2025-01-11,200911,1462,32419.00
1906,LungStrong,Google,2025-09-05,138609,6891,34172.00
1907,LungStrong,Google,2025-04-09,187518,5839,28968.00
1908,LungStrong,LinkedIn,2025-05-26,248819,1245,29071.00
1909,HeartAware,YouTube,2025-10-03,212448,6469,30869.00
1910,LungStrong,LinkedIn,2025-01-01,210132,5246,33383.00
1911,LungStrong,Google,2025-10-05,132368,5033,29418.00
1912,CancerCare,LinkedIn,2025-08-07,208271,3130,18864.00
1913,LungStrong,LinkedIn,2025-08-22,196334,1631,21406.00
1914,LungStrong,YouTube,2025-10-14,130213,1800,29014.00
1915,LungStrong,Google,2025-05-30,93283,4019,14057.00
1916,Diabetes Plus,LinkedIn,2025-01-11,101899,4537,29880.00
1917,LungStrong,Google,2025-10-19,247879,5951,13800.00
1918,HeartAware,YouTube,2025-08-28,163923,1151,34630.00
1919,LungStrong,YouTube,2025-09-04,98013,3670,21269.00
1920,HeartAware,Google,2025-11-25,201701,1518,7422.00
1921,LungStrong,YouTube,2025-04-17,124807,2644,5320.00
1922,Diabetes Plus,Google,2025-09-09,195612,2074,31196.00
1923,LungStrong,YouTube,2025-08-23,127335,6443,34816.00
1924,HeartAware,Google,2025-04-24,111493,5229,24320.00
1925,CancerCare,YouTube,2025-04-30,196280,3387,15985.00
1926,HeartAware,YouTube,2025-12-11,81938,2315,26708.00
1927,LungStrong,YouTube,2025-09-10,134120,6643,27060.00
1928,CancerCare,LinkedIn,2025-11-07,130442,6026,9660.00
1929,CancerCare,Google,2025-01-27,80726,6333,18541.00
1930,HeartAware,YouTube,2025-06-01,134332,5217,6962.00
1931,HeartAware,Facebook,2025-06-15,191243,5363,30382.00
1932,CancerCare,Google,2025-09-27,188793,6528,32313.00
1933,CancerCare,YouTube,2025-06-22,158114,2034,20923.00
1934,HeartAware,YouTube,2025-02-09,185502,2403,26517.00
1935,Diabetes Plus,Google,2025-03-14,155967,3370,22381.00
1936,LungStrong,Google,2025-10-30,179874,7904,19269.00
1937,CancerCare,YouTube,2025-11-30,113226,3019,12583.00
1938,CancerCare,Facebook,2025-05-04,130037,6531,17745.00
1939,LungStrong,Facebook,2025-06-23,142574,4843,11646.00
1940,Diabetes Plus,LinkedIn,2025-07-20,149942,2501,5461.00
1941,HeartAware,YouTube,2025-05-20,197214,1668,30001.00
1942,Diabetes Plus,YouTube,2025-10-04,152271,7370,17327.00
1943,Diabetes Plus,YouTube,2025-07-16,161449,7444,24413.00
1944,LungStrong,YouTube,2025-01-05,154853,7929,21241.00
1945,HeartAware,Google,2025-03-22,123410,5251,33621.00
1946,HeartAware,Google,2025-11-30,157669,5284,11605.00
1947,LungStrong,Facebook,2025-05-16,225125,6846,22626.00
1948,Diabetes Plus,YouTube,2025-05-02,215982,5194,27089.00
1949,Diabetes Plus,LinkedIn,2025-05-15,50507,5582,15832.00
1950,CancerCare,Facebook,2025-03-22,88771,1368,25430.00
1951,Diabetes Plus,Facebook,2025-04-06,86307,7247,34399.00
1952,LungStrong,Google,2025-07-15,61828,1943,29852.00
1953,LungStrong,YouTube,2025-02-01,143600,1500,6616.00
1954,HeartAware,LinkedIn,2025-09-01,172169,5618,8241.00
1955,LungStrong,Facebook,2025-03-11,90113,1071,10730.00
1956,HeartAware,Facebook,2025-06-08,53119,3671,30881.00
1957,HeartAware,YouTube,2025-11-18,94029,5067,14454.00
1958,HeartAware,LinkedIn,2025-08-05,118522,2480,34924.00
1959,Diabetes Plus,YouTube,2025-11-29,99849,3374,10073.00
1960,LungStrong,Facebook,2025-07-01,140960,5287,30827.00
1961,LungStrong,Google,2025-05-09,68172,5431,5632.00
1962,HeartAware,Facebook,2025-03-22,51972,4609,5095.00
1963,HeartAware,Google,2025-09-06,176653,4107,22579.00
1964,CancerCare,Google,2025-11-18,184333,4221,17170.00
1965,LungStrong,Google,2025-02-13,54817,5636,27600.00
1966,LungStrong,YouTube,2025-12-04,77123,4158,17307.00
1967,Diabetes Plus,LinkedIn,2025-05-10,239839,5592,22006.00
1968,CancerCare,YouTube,2025-10-12,94853,4093,16263.00
1969,Diabetes Plus,Google,2025-01-04,225877,4340,28466.00
1970,Diabetes Plus,LinkedIn,2025-07-03,135507,1909,20852.00
1971,HeartAware,Google,2025-06-04,240300,6395,9942.00
1972,LungStrong,Facebook,2025-08-03,198266,3043,16558.00
1973,CancerCare,YouTube,2025-12-17,174188,7093,6781.00
1974,HeartAware,Google,2025-04-09,213391,4897,19193.00
1975,LungStrong,Google,2025-08-08,111836,1502,13472.00
1976,CancerCare,YouTube,2025-01-07,117665,3885,12802.00
1977,CancerCare,Google,2025-12-18,183654,1853,6033.00
1978,HeartAware,LinkedIn,2025-10-28,58459,1332,27713.00
1979,Diabetes Plus,YouTube,2025-07-31,125762,7019,16207.00
1980,HeartAware,LinkedIn,2025-12-03,170464,4545,10995.00
1981,HeartAware,YouTube,2025-05-22,103944,7124,11811.00
1982,LungStrong,YouTube,2025-05-18,104391,5489,32708.00
1983,CancerCare,Google,2025-03-20,109351,1462,16901.00
1984,HeartAware,YouTube,2025-03-14,192194,6454,26174.00
1985,HeartAware,Facebook,2025-11-04,158511,5620,20427.00
1986,HeartAware,YouTube,2025-02-20,63316,2788,13194.00
1987,Diabetes Plus,YouTube,2025-11-22,200510,4174,8862.00
1988,LungStrong,YouTube,2025-04-17,74021,4321,9471.00
1989,LungStrong,YouTube,2025-05-11,75637,6639,12893.00
1990,LungStrong,YouTube,2025-07-17,219202,5605,18130.00
1991,HeartAware,YouTube,2025-11-17,59746,2934,5933.00
1992,LungStrong,Google,2025-04-04,230916,6095,32692.00
1993,HeartAware,LinkedIn,2025-04-26,236942,2214,15659.00
1994,LungStrong,LinkedIn,2025-05-17,173797,4636,10943.00
1995,LungStrong,YouTube,2025-07-18,177601,5675,29207.00
1996,LungStrong,YouTube,2025-01-15,113567,4935,6449.00
1997,Diabetes Plus,YouTube,2025-06-18,86157,3474,9197.00
1998,Diabetes Plus,YouTube,2025-04-18,228973,3060,12156.00
1999,Diabetes Plus,YouTube,2025-01-21,248728,4700,26003.00
2000,LungStrong,Google,2025-12-08,113721,6232,13575.00
2001,LungStrong,Google,2025-10-08,75928,3864,21855.00
2002,CancerCare,Facebook,2025-05-25,94015,7207,21006.00
2003,HeartAware,Facebook,2025-08-28,153868,6852,15017.00
2004,LungStrong,Facebook,2025-03-25,130128,2779,30785.00
2005,Diabetes Plus,Google,2025-05-10,88409,2495,34945.00
2006,LungStrong,YouTube,2025-12-23,192984,6488,27614.00
2007,LungStrong,Google,2025-11-02,53381,1463,17132.00
2008,LungStrong,YouTube,2025-08-15,68372,7018,27455.00
2009,HeartAware,YouTube,2025-02-10,134063,3470,22965.00
2010,HeartAware,YouTube,2025-08-13,78486,2707,27681.00
2011,Diabetes Plus,YouTube,2025-11-08,183527,2363,23329.00
2012,LungStrong,YouTube,2025-05-31,119604,1876,28781.00
2013,HeartAware,LinkedIn,2025-12-14,190511,4550,6684.00
2014,Diabetes Plus,YouTube,2025-02-10,172682,1881,26125.00
2015,LungStrong,YouTube,2025-08-02,215421,3372,29106.00
2016,LungStrong,Google,2025-09-21,127392,2294,7484.00
2017,HeartAware,YouTube,2025-06-15,217668,7341,27509.00
2018,Diabetes Plus,YouTube,2025-10-23,182977,3107,17777.00
2019,LungStrong,YouTube,2025-08-23,78396,7385,28283.00
2020,LungStrong,YouTube,2025-01-27,110568,4145,26712.00
2021,HeartAware,YouTube,2025-10-14,113016,3275,21136.00
2022,LungStrong,Google,2025-12-06,72476,4005,7465.00
2023,HeartAware,YouTube,2025-11-02,57562,6054,20662.00
2024,LungStrong,Facebook,2025-11-19,134382,1054,25743.00
2025,HeartAware,Google,2025-08-21,194841,3232,8637.00
2026,LungStrong,YouTube,2025-07-12,155481,6880,13520.00
2027,LungStrong,Google,2025-10-18,65787,2776,26611.00
2028,CancerCare,LinkedIn,2025-03-29,121300,2972,23486.00
2029,HeartAware,Google,2025-04-25,65965,6542,7569.00
2030,LungStrong,YouTube,2025-10-01,213522,2329,17287.00
2031,HeartAware,Google,2025-10-29,80870,3819,28036.00
2032,LungStrong,Facebook,2025-01-11,173206,5959,25011.00
2033,HeartAware,Google,2025-08-12,230175,4361,23889.00
2034,CancerCare,YouTube,2025-09-13,236110,4237,22350.00
2035,HeartAware,YouTube,2025-02-01,172871,2353,16242.00
2036,LungStrong,Google,2025-04-18,105065,2933,21386.00
2037,LungStrong,LinkedIn,2025-11-06,82318,7601,5595.00
2038,LungStrong,YouTube,2025-07-08,194146,5210,13699.00
2039,HeartAware,YouTube,2025-10-27,124425,7210,18462.00
2040,Diabetes Plus,YouTube,2025-08-24,102689,4945,28569.00
2041,LungStrong,YouTube,2025-07-03,216009,3299,20502.00
2042,HeartAware,YouTube,2025-07-03,149210,1692,21468.00
2043,CancerCare,LinkedIn,2025-03-14,147045,2947,31597.00
2044,HeartAware,LinkedIn,2025-03-29,90056,7105,13808.00
2045,CancerCare,LinkedIn,2025-01-11,188967,5570,8400.00
2046,LungStrong,YouTube,2025-06-02,171376,1106,34871.00
2047,HeartAware,YouTube,2025-04-23,81140,7621,12949.00
2048,HeartAware,YouTube,2025-03-29,79457,1043,9242.00
2049,Diabetes Plus,Google,2025-08-30,68253,2166,30468.00
2050,Diabetes Plus,Google,2025-11-03,210939,5187,12996.00
2051,HeartAware,Facebook,2025-04-22,165778,7327,19219.00
2052,LungStrong,LinkedIn,2025-05-25,60784,7118,7719.00
2053,HeartAware,YouTube,2025-11-29,101631,1618,18015.00
2054,CancerCare,YouTube,2025-09-23,226072,7232,8189.00
2055,LungStrong,Facebook,2025-01-27,117039,7566,26544.00
2056,HeartAware,YouTube,2025-09-24,225993,1652,24454.00
2057,Diabetes Plus,YouTube,2025-07-25,143587,3394,30456.00
2058,CancerCare,YouTube,2025-04-22,162830,2795,9215.00
2059,Diabetes Plus,YouTube,2025-05-04,144046,5043,25078.00
2060,HeartAware,YouTube,2025-02-20,246335,6639,34442.00
2061,Diabetes Plus,LinkedIn,2025-04-29,132140,3939,26670.00
2062,LungStrong,Google,2025-07-15,75720,2895,13417.00
2063,LungStrong,YouTube,2025-07-22,240335,3835,6041.00
2064,HeartAware,YouTube,2025-02-27,52082,5858,27446.00
2065,HeartAware,YouTube,2025-07-06,187653,4748,21634.00
2066,HeartAware,YouTube,2025-10-17,194618,6483,26922.00
2067,HeartAware,LinkedIn,2025-07-12,232893,4313,8767.00
2068,LungStrong,YouTube,2025-02-16,149246,6637,21394.00
2069,LungStrong,Facebook,2025-10-03,204924,4141,27234.00
2070,HeartAware,YouTube,2025-11-01,77604,7793,12554.00
2071,CancerCare,Google,2025-04-21,88475,4852,12611.00
2072,LungStrong,YouTube,2025-07-01,103702,7077,18102.00
2073,HeartAware,LinkedIn,2025-11-26,217421,3519,14758.00
2074,Diabetes Plus,YouTube,2025-01-04,242276,4434,14138.00
2075,HeartAware,YouTube,2025-02-14,143165,5287,5899.00
2076,LungStrong,Facebook,2025-07-16,156278,3090,25372.00
2077,LungStrong,YouTube,2025-01-03,156838,6510,21947.00
2078,LungStrong,YouTube,2025-07-04,113298,7606,14121.00
2079,Diabetes Plus,Google,2025-05-18,78253,5243,10495.00
2080,LungStrong,YouTube,2025-02-01,81134,6898,16809.00
2081,HeartAware,Google,2025-07-05,143188,2791,21312.00
2082,HeartAware,Google,2025-04-18,70506,4401,20604.00
2083,CancerCare,Google,2025-04-14,89261,1942,23867.00
2084,LungStrong,Google,2025-12-13,89319,1217,32957.00
2085,LungStrong,Facebook,2025-06-11,158519,1554,24898.00
2086,LungStrong,YouTube,2025-01-19,203470,3293,13454.00
2087,LungStrong,YouTube,2025-12-26,182261,1713,6610.00
2088,HeartAware,Facebook,2025-11-21,136083,4516,23025.00
2089,HeartAware,YouTube,2025-10-13,226242,3709,21578.00
2090,Diabetes Plus,YouTube,2025-06-21,99115,1557,21682.00
2091,LungStrong,LinkedIn,2025-08-15,199975,5808,9320.00
2092,HeartAware,Google,2025-04-06,205068,3578,25329.00
2093,HeartAware,Facebook,2025-08-26,108242,4305,31074.00
2094,HeartAware,Google,2025-06-03,70434,6022,16403.00
2095,LungStrong,Google,2025-12-19,57653,1310,29381.00
2096,HeartAware,LinkedIn,2025-06-26,135151,5146,21018.00
2097,LungStrong,YouTube,2025-10-19,220683,7105,16372.00
2098,LungStrong,Facebook,2025-10-08,238273,7837,13265.00
2099,CancerCare,YouTube,2025-04-27,91243,4150,15409.00
2100,LungStrong,YouTube,2025-07-26,56020,3297,26796.00
2101,LungStrong,Google,2025-01-21,116280,4744,9312.00
2102,LungStrong,Facebook,2025-11-11,67152,7585,34918.00
2103,HeartAware,Google,2025-07-12,85139,7862,10757.00
2104,CancerCare,Google,2025-10-28,189564,2777,19547.00
2105,CancerCare,YouTube,2025-02-03,182937,2758,13303.00
2106,Diabetes Plus,Google,2025-01-13,127935,2238,9382.00
2107,CancerCare,Google,2025-08-06,157107,7017,24338.00
2108,CancerCare,Facebook,2025-11-16,57421,2934,7467.00
2109,LungStrong,Facebook,2025-12-19,77437,2225,10130.00
2110,LungStrong,LinkedIn,2025-07-17,159877,1478,21070.00
2111,HeartAware,Google,2025-02-05,136342,7225,33059.00
2112,LungStrong,Google,2025-04-09,69703,6784,16545.00
2113,CancerCare,Facebook,2025-09-10,177201,6282,19020.00
2114,HeartAware,Google,2025-03-08,78355,2047,26369.00
2115,LungStrong,YouTube,2025-12-27,220610,7369,15814.00
2116,Diabetes Plus,Google,2025-05-29,98829,2700,19364.00
2117,CancerCare,YouTube,2025-05-03,232236,4033,11377.00
2118,LungStrong,YouTube,2025-06-23,117709,1843,14050.00
2119,HeartAware,YouTube,2025-02-13,55648,4019,29291.00
2120,HeartAware,YouTube,2025-08-30,245943,1037,23898.00
2121,Diabetes Plus,YouTube,2025-09-27,156646,7670,21606.00
2122,LungStrong,YouTube,2025-09-29,230779,4734,21203.00
2123,LungStrong,YouTube,2025-12-21,189683,4384,24706.00
2124,Diabetes Plus,Facebook,2025-10-02,86402,3480,23434.00
2125,LungStrong,YouTube,2025-12-15,217032,7353,32075.00
2126,Diabetes Plus,YouTube,2025-02-16,60771,7935,5389.00
2127,LungStrong,YouTube,2025-11-30,57083,1426,14853.00
2128,LungStrong,Google,2025-09-29,142093,4753,20307.00
2129,CancerCare,LinkedIn,2025-01-20,160612,1969,12242.00
2130,LungStrong,Google,2025-04-09,116185,1601,32031.00
2131,HeartAware,YouTube,2025-07-23,166994,6727,15651.00
2132,LungStrong,YouTube,2025-11-08,200205,4678,6226.00
2133,LungStrong,Facebook,2025-12-08,123345,5915,5523.00
2134,HeartAware,YouTube,2025-03-30,67779,3817,15643.00
2135,Diabetes Plus,Facebook,2025-08-23,51216,2533,30446.00
2136,LungStrong,YouTube,2025-01-25,87862,3309,9220.00
2137,Diabetes Plus,Google,2025-02-12,159894,4190,32025.00
2138,CancerCare,Google,2025-07-04,129438,5744,8128.00
2139,HeartAware,YouTube,2025-08-07,96330,2661,10741.00
2140,CancerCare,YouTube,2025-12-07,101407,5954,13554.00
2141,CancerCare,Google,2025-01-25,102726,7218,21382.00
2142,CancerCare,YouTube,2025-05-01,96337,7155,16130.00
2143,HeartAware,Google,2025-03-22,231912,1868,27895.00
2144,Diabetes Plus,Google,2025-11-25,180459,5080,14840.00
2145,HeartAware,Google,2025-07-20,96573,6083,27608.00
2146,HeartAware,Facebook,2025-02-26,242801,3082,10283.00
2147,LungStrong,YouTube,2025-03-19,175078,4702,7712.00
2148,LungStrong,Facebook,2025-06-05,181419,1819,20863.00
2149,LungStrong,YouTube,2025-06-04,222542,4636,9766.00
2150,Diabetes Plus,YouTube,2025-11-23,89071,2314,8621.00
2151,Diabetes Plus,YouTube,2025-01-18,112286,3758,13607.00
2152,Diabetes Plus,YouTube,2025-11-28,184005,1935,34049.00
2153,LungStrong,Facebook,2025-05-26,153603,3247,17875.00
2154,HeartAware,YouTube,2025-01-14,141302,7051,29205.00
2155,LungStrong,YouTube,2025-01-10,61627,5353,32885.00
2156,Diabetes Plus,Google,2025-04-20,209217,4877,24777.00
2157,CancerCare,LinkedIn,2025-06-05,236198,1313,13997.00
2158,HeartAware,Google,2025-10-03,145911,4579,8700.00
2159,HeartAware,YouTube,2025-01-31,88954,3339,29383.00
2160,HeartAware,YouTube,2025-07-22,148758,4152,11661.00
2161,LungStrong,YouTube,2025-11-29,102435,1346,14874.00
2162,LungStrong,LinkedIn,2025-10-06,227492,4746,9013.00
2163,Diabetes Plus,LinkedIn,2025-06-12,165781,6019,17583.00
2164,LungStrong,Facebook,2025-08-17,180400,7039,31735.00
2165,CancerCare,YouTube,2025-04-27,241400,2510,14959.00
2166,LungStrong,YouTube,2025-11-15,151523,2071,14504.00
2167,LungStrong,YouTube,2025-09-27,123342,6327,29131.00
2168,LungStrong,YouTube,2025-04-20,224527,4901,32171.00
2169,HeartAware,Facebook,2025-08-15,67920,5083,29234.00
2170,LungStrong,YouTube,2025-10-11,116907,6764,34673.00
2171,LungStrong,Google,2025-10-14,209524,3184,15742.00
2172,HeartAware,YouTube,2025-06-28,62224,2709,16093.00
2173,LungStrong,Facebook,2025-12-25,87521,6925,22897.00
2174,LungStrong,Facebook,2025-04-28,130541,5393,21051.00
2175,LungStrong,Google,2025-09-04,58405,5834,17806.00
2176,LungStrong,YouTube,2025-09-22,184562,1824,20516.00
2177,LungStrong,Google,2025-02-27,202431,3769,26252.00
2178,HeartAware,YouTube,2025-09-28,185633,6663,33124.00
2179,LungStrong,Facebook,2025-10-20,71883,1500,29643.00
2180,LungStrong,Google,2025-03-07,81419,2519,20505.00
2181,LungStrong,Google,2025-01-12,245891,6844,9161.00
2182,LungStrong,LinkedIn,2025-07-15,183847,6815,11729.00
2183,HeartAware,YouTube,2025-04-19,228354,6031,18093.00
2184,HeartAware,Google,2025-08-26,205820,2357,31252.00
2185,LungStrong,Google,2025-07-11,100946,4468,14009.00
2186,HeartAware,YouTube,2025-04-03,189860,6241,27994.00
2187,LungStrong,YouTube,2025-01-14,55785,2218,32411.00
2188,HeartAware,Google,2025-02-13,234367,6396,29121.00
2189,Diabetes Plus,LinkedIn,2025-03-07,135193,5041,15976.00
2190,LungStrong,YouTube,2025-08-23,79431,3352,24100.00
2191,Diabetes Plus,YouTube,2025-04-15,162434,4310,6808.00
2192,LungStrong,YouTube,2025-04-22,105878,6192,9323.00
2193,Diabetes Plus,LinkedIn,2025-10-16,87741,6846,16082.00
2194,LungStrong,YouTube,2025-11-14,146629,5907,30163.00
2195,Diabetes Plus,YouTube,2025-03-14,246551,1895,30650.00
2196,HeartAware,YouTube,2025-10-12,221239,7311,12968.00
2197,Diabetes Plus,YouTube,2025-12-28,87502,6397,5024.00
2198,Diabetes Plus,Facebook,2025-07-18,146183,2249,10132.00
2199,LungStrong,YouTube,2025-03-10,185599,6297,19327.00
2200,LungStrong,Google,2025-03-17,195036,7207,15621.00
2201,HeartAware,YouTube,2025-05-31,102632,5187,6339.00
2202,HeartAware,YouTube,2025-09-24,70629,2163,8196.00
2203,Diabetes Plus,YouTube,2025-05-09,84764,5038,30575.00
2204,LungStrong,YouTube,2025-05-31,133963,7046,22211.00
2205,LungStrong,YouTube,2025-12-24,139071,2438,22049.00
2206,LungStrong,YouTube,2025-08-29,72950,2764,25683.00
2207,CancerCare,Google,2025-12-12,123444,1230,33189.00
2208,LungStrong,YouTube,2025-04-05,64559,3228,13979.00
2209,Diabetes Plus,YouTube,2025-07-22,122654,4080,18172.00
2210,LungStrong,Google,2025-07-28,100719,7400,22008.00
2211,Diabetes Plus,YouTube,2025-01-28,139110,1818,12146.00
2212,Diabetes Plus,YouTube,2025-04-13,169392,7962,14478.00
2213,Diabetes Plus,YouTube,2025-09-24,194532,7088,20685.00
2214,Diabetes Plus,Google,2025-10-05,116373,6103,31719.00
2215,LungStrong,YouTube,2025-11-07,72857,3775,26598.00
2216,LungStrong,Facebook,2025-09-06,201015,7413,18789.00
2217,Diabetes Plus,Facebook,2025-09-12,186930,1417,17060.00
2218,LungStrong,YouTube,2025-07-11,189861,6733,19811.00
2219,LungStrong,YouTube,2025-08-12,179972,3883,33348.00
2220,LungStrong,YouTube,2025-02-06,161693,7573,34384.00
2221,HeartAware,YouTube,2025-02-08,88078,3902,17055.00
2222,LungStrong,LinkedIn,2025-01-06,72358,1780,15400.00
2223,HeartAware,Facebook,2025-05-08,164008,4231,23940.00
2224,LungStrong,Google,2025-09-01,214291,4672,23835.00
2225,LungStrong,YouTube,2025-01-13,142194,7121,8014.00
2226,LungStrong,YouTube,2025-07-14,96322,4086,9799.00
2227,LungStrong,YouTube,2025-12-27,242319,7144,7534.00
2228,Diabetes Plus,YouTube,2025-04-10,242286,3146,9494.00
2229,LungStrong,Google,2025-08-22,108963,5196,30886.00
2230,HeartAware,YouTube,2025-02-22,248333,3163,11304.00
2231,LungStrong,Google,2025-11-29,112006,5219,30372.00
2232,HeartAware,Google,2025-09-06,248854,5230,16986.00
2233,HeartAware,LinkedIn,2025-09-22,135378,1926,14052.00
2234,LungStrong,Google,2025-09-15,80900,2757,25620.00
2235,LungStrong,Google,2025-06-17,177562,5753,23468.00
2236,LungStrong,Facebook,2025-07-23,178815,3682,26761.00
2237,HeartAware,Google,2025-01-09,119717,3938,23147.00
2238,HeartAware,LinkedIn,2025-06-19,233793,5944,32118.00
2239,LungStrong,YouTube,2025-07-14,155016,6988,18761.00
2240,LungStrong,YouTube,2025-07-30,158212,7670,27791.00
2241,Diabetes Plus,Google,2025-07-10,170057,2391,28257.00
2242,LungStrong,YouTube,2025-03-31,169861,4063,32509.00
2243,HeartAware,Google,2025-12-21,181248,1046,17710.00
2244,LungStrong,YouTube,2025-05-26,109436,5355,31536.00
2245,CancerCare,YouTube,2025-09-18,187174,7045,22133.00
2246,LungStrong,Google,2025-11-20,88768,4901,15056.00
2247,HeartAware,Facebook,2025-06-28,140298,7620,13383.00
2248,LungStrong,Google,2025-07-19,96430,5711,17094.00
2249,HeartAware,Google,2025-12-14,69857,5903,16725.00
2250,LungStrong,LinkedIn,2025-11-15,197653,5812,32988.00
2251,LungStrong,LinkedIn,2025-04-14,165185,6935,10893.00
2252,LungStrong,YouTube,2025-04-26,117411,5508,32294.00
2253,CancerCare,LinkedIn,2025-03-07,211243,4242,15849.00
2254,HeartAware,Google,2025-04-26,99113,5551,29494.00
2255,CancerCare,LinkedIn,2025-02-10,138599,4327,20604.00
2256,Diabetes Plus,Facebook,2025-01-01,239187,7925,30288.00
2257,Diabetes Plus,LinkedIn,2025-04-28,234181,5491,28268.00
2258,LungStrong,Google,2025-06-26,85490,5123,16963.00
2259,LungStrong,Facebook,2025-04-11,73048,6149,30651.00
2260,HeartAware,YouTube,2025-04-23,66043,3133,29425.00
2261,HeartAware,YouTube,2025-05-21,241804,3381,32055.00
2262,Diabetes Plus,YouTube,2025-10-18,174492,5670,24914.00
2263,LungStrong,YouTube,2025-10-17,191801,3044,22159.00
2264,LungStrong,YouTube,2025-06-29,61048,2035,18613.00
2265,LungStrong,YouTube,2025-10-20,165695,2753,10163.00
2266,LungStrong,Google,2025-04-13,54269,3904,27425.00
2267,Diabetes Plus,Google,2025-01-14,160711,3127,31468.00
2268,LungStrong,YouTube,2025-12-21,117131,6920,20574.00
2269,LungStrong,Google,2025-11-05,154006,4008,28549.00
2270,Diabetes Plus,Google,2025-06-16,88502,7679,12137.00
2271,CancerCare,YouTube,2025-07-15,158883,1378,16013.00
2272,LungStrong,YouTube,2025-05-20,244767,6553,33963.00
2273,CancerCare,YouTube,2025-11-16,234603,7670,7004.00
2274,Diabetes Plus,Facebook,2025-09-05,199657,7812,28041.00
2275,CancerCare,YouTube,2025-10-26,92188,1171,16764.00
2276,Diabetes Plus,Google,2025-01-16,112353,5783,26233.00
2277,LungStrong,Facebook,2025-02-15,113585,6336,10679.00
2278,LungStrong,YouTube,2025-09-17,121788,3491,34402.00
2279,HeartAware,Google,2025-02-17,51086,7927,7358.00
2280,LungStrong,YouTube,2025-12-03,208530,1616,31002.00
2281,LungStrong,LinkedIn,2025-10-09,129546,6649,33824.00
2282,LungStrong,YouTube,2025-12-15,178447,4935,16047.00
2283,LungStrong,YouTube,2025-04-16,247870,4521,33478.00
2284,CancerCare,YouTube,2025-10-23,59545,1050,19831.00
2285,HeartAware,YouTube,2025-04-05,217790,3951,33165.00
2286,HeartAware,YouTube,2025-06-25,68995,6084,5939.00
2287,HeartAware,Facebook,2025-08-03,145423,1640,13473.00
2288,LungStrong,LinkedIn,2025-01-20,109917,1354,20578.00
2289,LungStrong,YouTube,2025-10-22,221412,5863,9715.00
2290,HeartAware,LinkedIn,2025-08-29,221328,1754,33054.00
2291,LungStrong,Google,2025-02-15,191705,5202,24687.00
2292,Diabetes Plus,YouTube,2025-08-28,213231,2672,33064.00
2293,LungStrong,YouTube,2025-11-07,80423,2048,17040.00
2294,CancerCare,YouTube,2025-07-12,127808,1984,28133.00
2295,CancerCare,Facebook,2025-01-19,131737,5903,29089.00
2296,HeartAware,Google,2025-08-02,98148,7875,30222.00
2297,LungStrong,YouTube,2025-03-16,59324,5044,18412.00
2298,LungStrong,Google,2025-10-19,248526,3654,6756.00
2299,LungStrong,YouTube,2025-11-02,233723,2836,25322.00
2300,CancerCare,YouTube,2025-09-15,96967,6002,32168.00
2301,Diabetes Plus,YouTube,2025-10-25,140471,7513,23511.00
2302,LungStrong,LinkedIn,2025-06-03,125829,3323,8422.00
2303,CancerCare,Facebook,2025-05-19,151279,5063,32615.00
2304,HeartAware,Google,2025-08-07,69958,3714,22125.00
2305,HeartAware,LinkedIn,2025-12-13,221835,5525,21173.00
2306,HeartAware,Google,2025-06-06,201048,1084,14593.00
2307,LungStrong,Google,2025-10-18,169840,3526,13973.00
2308,HeartAware,Facebook,2025-03-24,114155,1218,7819.00
2309,LungStrong,Facebook,2025-04-15,112067,4031,16890.00
2310,LungStrong,Google,2025-04-03,54403,7660,11150.00
2311,CancerCare,YouTube,2025-11-21,88182,2331,24357.00
2312,LungStrong,YouTube,2025-04-22,115933,6173,10485.00
2313,CancerCare,YouTube,2025-04-24,127450,2691,6718.00
2314,CancerCare,Google,2025-09-12,170747,5028,33139.00
2315,CancerCare,YouTube,2025-10-20,241002,7925,16368.00
2316,CancerCare,YouTube,2025-05-09,151242,2164,7139.00
2317,LungStrong,LinkedIn,2025-11-17,218522,3480,21977.00
2318,HeartAware,Facebook,2025-09-25,236302,1008,27332.00
2319,HeartAware,YouTube,2025-12-22,114340,4070,30949.00
2320,CancerCare,YouTube,2025-10-11,128573,1937,26092.00
2321,LungStrong,LinkedIn,2025-10-24,109190,5522,6583.00
2322,Diabetes Plus,YouTube,2025-06-03,247520,3795,28999.00
2323,LungStrong,YouTube,2025-07-03,59027,7470,6670.00
2324,CancerCare,YouTube,2025-05-25,223882,6726,16796.00
2325,LungStrong,Facebook,2025-12-21,240820,4127,30166.00
2326,HeartAware,YouTube,2025-06-29,102822,1998,32051.00
2327,LungStrong,YouTube,2025-06-15,189612,6117,34354.00
2328,CancerCare,YouTube,2025-05-23,75528,4116,9682.00
2329,CancerCare,YouTube,2025-11-09,117205,7062,34743.00
2330,Diabetes Plus,LinkedIn,2025-09-16,88413,1109,14663.00
2331,Diabetes Plus,Google,2025-07-22,59201,4236,23532.00
2332,LungStrong,Google,2025-04-03,131912,3144,13386.00
2333,LungStrong,LinkedIn,2025-10-24,121688,7493,17884.00
2334,LungStrong,Facebook,2025-04-20,207850,2566,33140.00
2335,LungStrong,YouTube,2025-02-01,243017,4531,16297.00
2336,Diabetes Plus,YouTube,2025-08-09,163632,7328,11479.00
2337,LungStrong,LinkedIn,2025-12-16,159469,5124,34487.00
2338,LungStrong,LinkedIn,2025-06-05,149038,7824,18901.00
2339,Diabetes Plus,LinkedIn,2025-10-27,93271,3060,28281.00
2340,LungStrong,YouTube,2025-07-09,104371,1117,30840.00
2341,Diabetes Plus,YouTube,2025-08-15,204719,7743,26296.00
2342,HeartAware,Google,2025-08-16,185336,2387,5550.00
2343,LungStrong,Google,2025-03-27,221091,3655,29145.00
2344,HeartAware,YouTube,2025-01-13,101827,3558,13905.00
2345,LungStrong,Google,2025-06-29,194146,4304,31774.00
2346,Diabetes Plus,Google,2025-03-24,221665,7161,21287.00
2347,HeartAware,Google,2025-12-05,148637,3331,25543.00
2348,LungStrong,YouTube,2025-02-05,106659,1161,7082.00
2349,Diabetes Plus,Facebook,2025-07-05,169750,4991,20020.00
2350,LungStrong,YouTube,2025-10-23,139455,5811,23115.00
2351,LungStrong,Facebook,2025-02-08,137698,1278,19032.00
2352,Diabetes Plus,Facebook,2025-11-14,197139,3993,6449.00
2353,LungStrong,LinkedIn,2025-07-17,69173,7427,23308.00
2354,LungStrong,LinkedIn,2025-10-08,129263,7739,16919.00
2355,HeartAware,YouTube,2025-01-18,247992,3389,20088.00
2356,Diabetes Plus,YouTube,2025-07-16,127251,7435,8626.00
2357,LungStrong,Facebook,2025-06-19,191077,1205,7868.00
2358,LungStrong,Google,2025-10-15,174979,2137,13282.00
2359,LungStrong,LinkedIn,2025-12-03,217850,3490,8277.00
2360,LungStrong,YouTube,2025-04-10,204713,6376,28427.00
2361,Diabetes Plus,YouTube,2025-12-16,102213,1347,10964.00
2362,LungStrong,Google,2025-10-02,221427,7235,10929.00
2363,CancerCare,Google,2025-09-19,112264,2099,16948.00
2364,LungStrong,Google,2025-12-21,233052,3845,7909.00
2365,HeartAware,Google,2025-12-12,139098,6217,12114.00
2366,LungStrong,YouTube,2025-06-14,110719,4445,29122.00
2367,LungStrong,Google,2025-06-13,151233,7880,25417.00
2368,LungStrong,YouTube,2025-08-14,201330,3776,9575.00
2369,LungStrong,Facebook,2025-01-28,55701,6510,32856.00
2370,Diabetes Plus,Google,2025-03-06,90736,1375,8473.00
2371,HeartAware,LinkedIn,2025-08-20,71206,2355,6691.00
2372,LungStrong,YouTube,2025-08-07,210454,7658,8545.00
2373,Diabetes Plus,LinkedIn,2025-05-15,214474,3042,32314.00
2374,LungStrong,YouTube,2025-06-16,210060,2195,20632.00
2375,HeartAware,YouTube,2025-04-29,80229,6753,30465.00
2376,LungStrong,Google,2025-06-21,233665,4921,21219.00
2377,LungStrong,Google,2025-04-29,201653,2489,12176.00
2378,HeartAware,YouTube,2025-03-31,192811,5262,12577.00
2379,CancerCare,Google,2025-10-13,106675,3282,30826.00
2380,CancerCare,YouTube,2025-02-27,53260,2323,30455.00
2381,CancerCare,YouTube,2025-02-20,221033,7294,17582.00
2382,LungStrong,Google,2025-03-02,229801,7926,25201.00
2383,LungStrong,Google,2025-02-08,157926,6218,5809.00
2384,Diabetes Plus,Google,2025-04-27,197246,7706,5639.00
2385,Diabetes Plus,Facebook,2025-05-07,92973,7724,17597.00
2386,Diabetes Plus,Google,2025-06-18,190769,6099,14501.00
2387,LungStrong,YouTube,2025-09-02,113311,1633,24539.00
2388,Diabetes Plus,Google,2025-03-22,230563,2909,9044.00
2389,Diabetes Plus,YouTube,2025-07-20,173617,3030,23130.00
2390,LungStrong,YouTube,2025-10-03,161618,2398,15272.00
2391,LungStrong,LinkedIn,2025-06-21,81881,5010,22566.00
2392,LungStrong,LinkedIn,2025-02-05,89555,1909,13527.00
2393,Diabetes Plus,YouTube,2025-11-09,176385,6362,20296.00
2394,HeartAware,YouTube,2025-10-25,141459,6457,22396.00
2395,LungStrong,YouTube,2025-10-23,187796,6552,15505.00
2396,LungStrong,Google,2025-12-11,95613,5791,8897.00
2397,HeartAware,Google,2025-06-09,118667,1554,25381.00
2398,LungStrong,LinkedIn,2025-12-11,57163,6094,11398.00
2399,CancerCare,YouTube,2025-09-30,246621,6424,26013.00
2400,HeartAware,Google,2025-06-21,95071,1087,16041.00
2401,Diabetes Plus,Facebook,2025-02-13,212026,3294,10654.00
2402,CancerCare,YouTube,2025-04-18,85473,5532,33846.00
2403,LungStrong,YouTube,2025-02-15,153264,7171,13153.00
2404,Diabetes Plus,YouTube,2025-02-20,222344,2299,21651.00
2405,LungStrong,Facebook,2025-07-25,78255,4792,19543.00
2406,LungStrong,YouTube,2025-09-27,159256,1241,5300.00
2407,HeartAware,LinkedIn,2025-04-25,228339,7288,11289.00
2408,Diabetes Plus,YouTube,2025-01-23,80179,4033,12629.00
2409,CancerCare,Facebook,2025-06-09,158273,4422,32470.00
2410,HeartAware,YouTube,2025-06-29,123194,1794,6714.00
2411,LungStrong,Google,2025-03-22,172194,3475,33365.00
2412,HeartAware,LinkedIn,2025-12-30,120927,6678,33822.00
2413,Diabetes Plus,Facebook,2025-10-06,164820,4641,20197.00
2414,LungStrong,YouTube,2025-08-12,70951,3350,26686.00
2415,LungStrong,YouTube,2025-06-05,137241,2374,7447.00
2416,LungStrong,LinkedIn,2025-07-15,131128,3904,22958.00
2417,LungStrong,YouTube,2025-02-21,229568,2585,32414.00
2418,LungStrong,YouTube,2025-05-26,185260,4845,16575.00
2419,HeartAware,Google,2025-09-13,62733,5359,7975.00
2420,CancerCare,YouTube,2025-11-09,189948,1648,17638.00
2421,HeartAware,YouTube,2025-03-09,106935,7108,34008.00
2422,Diabetes Plus,YouTube,2025-09-07,53584,4905,18310.00
2423,LungStrong,Facebook,2025-07-10,156688,4453,8049.00
2424,CancerCare,YouTube,2025-10-27,60975,6508,27300.00
2425,LungStrong,YouTube,2025-03-30,55906,5965,30732.00
2426,HeartAware,YouTube,2025-03-21,74350,5103,14339.00
2427,CancerCare,YouTube,2025-07-21,111525,4930,29527.00
2428,Diabetes Plus,Google,2025-04-10,92763,2849,26741.00
2429,LungStrong,Facebook,2025-02-23,149942,1765,29285.00
2430,CancerCare,Facebook,2025-11-05,220473,7014,22162.00
2431,Diabetes Plus,Facebook,2025-05-23,83863,6858,32196.00
2432,LungStrong,Google,2025-06-02,225406,4985,28852.00
2433,Diabetes Plus,YouTube,2025-03-29,188217,1097,8316.00
2434,LungStrong,Google,2025-04-05,153200,1229,5737.00
2435,HeartAware,YouTube,2025-01-09,167299,3866,19615.00
2436,LungStrong,Facebook,2025-09-30,61467,1465,12299.00
2437,LungStrong,Facebook,2025-09-06,96925,4636,13404.00
2438,Diabetes Plus,LinkedIn,2025-12-04,122419,6061,17802.00
2439,LungStrong,LinkedIn,2025-11-14,176590,6896,33157.00
2440,LungStrong,Facebook,2025-10-25,143225,7977,33175.00
2441,HeartAware,Google,2025-04-08,122037,4266,34764.00
2442,Diabetes Plus,Google,2025-08-06,160779,5553,34673.00
2443,HeartAware,YouTube,2025-03-31,183707,2109,28002.00
2444,CancerCare,Google,2025-12-10,87606,3527,27988.00
2445,LungStrong,Facebook,2025-12-09,112836,6111,18363.00
2446,HeartAware,Google,2025-09-05,181044,5806,31926.00
2447,HeartAware,LinkedIn,2025-04-07,110389,4091,24472.00
2448,LungStrong,Facebook,2025-03-09,155888,3948,12990.00
2449,Diabetes Plus,YouTube,2025-04-14,245110,4675,29886.00
2450,Diabetes Plus,YouTube,2025-12-18,106856,3473,32288.00
2451,LungStrong,LinkedIn,2025-01-06,61771,1741,7383.00
2452,Diabetes Plus,YouTube,2025-08-11,202106,2433,30419.00
2453,Diabetes Plus,Google,2025-11-06,156282,2775,11075.00
2454,Diabetes Plus,Facebook,2025-08-20,248267,2478,17550.00
2455,CancerCare,YouTube,2025-05-19,58797,3161,32279.00
2456,Diabetes Plus,LinkedIn,2025-07-24,245693,1967,21323.00
2457,LungStrong,Facebook,2025-02-20,78060,5715,26499.00
2458,LungStrong,Facebook,2025-12-05,142772,5198,21493.00
2459,CancerCare,YouTube,2025-07-31,242533,4939,24327.00
2460,HeartAware,YouTube,2025-01-17,200931,3354,7565.00
2461,Diabetes Plus,YouTube,2025-01-05,196550,5136,25670.00
2462,Diabetes Plus,YouTube,2025-01-25,162681,5705,24922.00
2463,LungStrong,Google,2025-12-28,72433,5514,25306.00
2464,LungStrong,Google,2025-02-12,168855,4560,15904.00
2465,Diabetes Plus,YouTube,2025-09-10,148446,4469,5370.00
2466,LungStrong,LinkedIn,2025-06-22,211703,6378,32274.00
2467,Diabetes Plus,YouTube,2025-01-14,202250,6647,18508.00
2468,HeartAware,Facebook,2025-04-15,184999,3835,31310.00
2469,HeartAware,YouTube,2025-07-05,121053,6782,18817.00
2470,CancerCare,Google,2025-07-13,246518,1569,31363.00
2471,HeartAware,Google,2025-01-04,81149,2413,20630.00
2472,Diabetes Plus,YouTube,2025-01-03,99211,1413,20343.00
2473,LungStrong,YouTube,2025-10-02,243145,6019,10294.00
2474,LungStrong,LinkedIn,2025-12-29,81633,5045,17859.00
2475,LungStrong,YouTube,2025-05-29,91882,4995,20626.00
2476,Diabetes Plus,YouTube,2025-09-30,168648,1751,31277.00
2477,CancerCare,Facebook,2025-07-07,233898,1092,12333.00
2478,CancerCare,YouTube,2025-03-09,75556,4313,32681.00
2479,LungStrong,YouTube,2025-12-01,142530,5815,7263.00
2480,HeartAware,LinkedIn,2025-11-26,81471,4906,30813.00
2481,LungStrong,YouTube,2025-11-06,241746,1570,34028.00
2482,Diabetes Plus,YouTube,2025-01-06,119064,1628,33790.00
2483,LungStrong,LinkedIn,2025-05-16,154045,7226,17944.00
2484,HeartAware,YouTube,2025-11-05,150306,7002,33273.00
2485,LungStrong,YouTube,2025-10-18,75831,3443,13110.00
2486,LungStrong,YouTube,2025-07-11,162450,3420,8795.00
2487,LungStrong,YouTube,2025-08-22,244861,5628,19123.00
2488,CancerCare,YouTube,2025-10-17,211808,4233,6962.00
2489,LungStrong,YouTube,2025-02-02,229383,5101,9592.00
2490,Diabetes Plus,Google,2025-11-27,101993,5816,25124.00
2491,CancerCare,Google,2025-04-25,192965,5793,32641.00
2492,Diabetes Plus,YouTube,2025-06-25,103255,5061,8858.00
2493,HeartAware,Facebook,2025-11-09,230362,4909,7838.00
2494,Diabetes Plus,Google,2025-03-18,60014,1849,31270.00
2495,HeartAware,YouTube,2025-11-11,228972,5963,29141.00
2496,LungStrong,YouTube,2025-09-15,163633,3385,9220.00
2497,Diabetes Plus,YouTube,2025-09-05,148437,4122,13108.00
2498,LungStrong,YouTube,2025-09-20,176516,5976,29755.00
2499,LungStrong,Facebook,2025-07-31,146769,2638,9979.00
2500,Diabetes Plus,YouTube,2025-06-23,67101,2716,19879.00
2501,LungStrong,Google,2025-07-23,204339,4251,10517.00
2502,HeartAware,LinkedIn,2025-05-27,183839,2347,33334.00
2503,LungStrong,YouTube,2025-08-09,144492,7492,19099.00
2504,LungStrong,Google,2025-03-27,187434,1365,18596.00
2505,LungStrong,Google,2025-11-19,101629,3437,34059.00
2506,CancerCare,YouTube,2025-02-03,101087,5139,11687.00
2507,CancerCare,YouTube,2025-09-21,52733,5058,14712.00
2508,Diabetes Plus,YouTube,2025-01-12,55125,4932,12929.00
2509,LungStrong,YouTube,2025-10-18,179379,3484,17043.00
2510,HeartAware,Facebook,2025-04-03,70439,3422,31898.00
2511,CancerCare,LinkedIn,2025-03-09,229297,3383,14364.00
2512,HeartAware,YouTube,2025-11-17,128708,2451,12836.00
2513,LungStrong,YouTube,2025-06-29,107563,3923,7916.00
2514,Diabetes Plus,YouTube,2025-11-01,84955,6005,32176.00
2515,HeartAware,YouTube,2025-10-15,182974,4545,10604.00
2516,CancerCare,Facebook,2025-06-27,122941,6574,9334.00
2517,Diabetes Plus,Facebook,2025-01-30,246334,2075,16415.00
2518,CancerCare,YouTube,2025-01-15,99720,3352,25032.00
2519,CancerCare,Facebook,2025-02-21,71230,7763,9264.00
2520,CancerCare,Google,2025-12-19,74347,5368,22649.00
2521,Diabetes Plus,YouTube,2025-06-21,126044,4557,22270.00
2522,Diabetes Plus,YouTube,2025-02-15,197540,4408,14148.00
2523,CancerCare,LinkedIn,2025-07-03,221393,6393,7662.00
2524,HeartAware,LinkedIn,2025-01-18,162045,5829,17379.00
2525,LungStrong,YouTube,2025-02-07,64793,6032,27447.00
2526,LungStrong,YouTube,2025-03-02,187118,7125,11129.00
2527,LungStrong,Google,2025-12-31,203382,5440,28939.00
2528,Diabetes Plus,YouTube,2025-08-27,225657,6201,33651.00
2529,HeartAware,Facebook,2025-04-26,217971,5561,32384.00
2530,LungStrong,YouTube,2025-08-14,60504,6916,27219.00
2531,HeartAware,YouTube,2025-10-04,176934,6303,20092.00
2532,LungStrong,YouTube,2025-09-29,64647,6751,24568.00
2533,HeartAware,Google,2025-08-25,82210,5803,13461.00
2534,HeartAware,Google,2025-09-16,169532,7007,20862.00
2535,LungStrong,YouTube,2025-03-22,247335,4631,19392.00
2536,CancerCare,YouTube,2025-10-02,56636,7855,30853.00
2537,HeartAware,YouTube,2025-01-20,241410,5113,6348.00
2538,LungStrong,YouTube,2025-03-02,189825,7966,25339.00
2539,CancerCare,Google,2025-07-23,193503,2330,10209.00
2540,HeartAware,YouTube,2025-06-15,117519,7967,18505.00
2541,LungStrong,YouTube,2025-01-19,97607,1084,5787.00
2542,HeartAware,YouTube,2025-10-28,145015,7343,7071.00
2543,LungStrong,LinkedIn,2025-01-23,81186,7856,19758.00
2544,Diabetes Plus,YouTube,2025-11-11,61623,2409,27691.00
2545,LungStrong,LinkedIn,2025-06-01,56801,5547,31334.00
2546,LungStrong,YouTube,2025-09-19,194848,7764,7415.00
2547,LungStrong,Google,2025-10-31,103668,4521,23569.00
2548,CancerCare,LinkedIn,2025-06-04,101243,1286,24545.00
2549,CancerCare,YouTube,2025-09-10,67667,2385,28709.00
2550,Diabetes Plus,YouTube,2025-02-09,238593,5570,27717.00
2551,HeartAware,YouTube,2025-03-04,235399,7460,10891.00
2552,LungStrong,YouTube,2025-09-08,124942,6116,17128.00
2553,HeartAware,YouTube,2025-07-21,80331,3971,17556.00
2554,LungStrong,Google,2025-12-06,230852,3456,30444.00
2555,CancerCare,YouTube,2025-12-05,128897,1045,31485.00
2556,CancerCare,YouTube,2025-09-07,166519,6193,19545.00
2557,LungStrong,YouTube,2025-11-28,104817,4033,34544.00
2558,LungStrong,YouTube,2025-07-22,197039,6477,16092.00
2559,LungStrong,YouTube,2025-09-01,172922,2403,15478.00
2560,CancerCare,Google,2025-01-16,129475,7039,12961.00
2561,LungStrong,LinkedIn,2025-04-26,102276,5648,28570.00
2562,LungStrong,YouTube,2025-01-06,248180,5805,28304.00
2563,CancerCare,Facebook,2025-06-26,167662,6531,19485.00
2564,HeartAware,YouTube,2025-10-09,209048,2869,16656.00
2565,LungStrong,Google,2025-09-10,51613,4696,8719.00
2566,LungStrong,LinkedIn,2025-04-11,70649,7515,9365.00
2567,Diabetes Plus,YouTube,2025-08-13,53223,6362,19029.00
2568,LungStrong,Google,2025-11-13,222367,1925,11583.00
2569,LungStrong,Google,2025-01-23,107167,6193,21626.00
2570,Diabetes Plus,YouTube,2025-02-10,93437,5655,17328.00
2571,LungStrong,YouTube,2025-10-29,177182,2930,9772.00
2572,Diabetes Plus,LinkedIn,2025-12-06,96702,5426,20739.00
2573,HeartAware,Facebook,2025-08-25,219709,5856,26323.00
2574,HeartAware,YouTube,2025-10-05,194241,2986,9779.00
2575,LungStrong,Google,2025-05-04,234698,7104,10565.00
2576,HeartAware,YouTube,2025-10-22,77996,6261,30263.00
2577,CancerCare,Google,2025-12-17,123051,2226,20816.00
2578,LungStrong,LinkedIn,2025-09-25,96355,1347,33826.00
2579,HeartAware,Facebook,2025-06-18,211786,1799,16169.00
2580,Diabetes Plus,YouTube,2025-03-07,177545,7870,10805.00
2581,CancerCare,Facebook,2025-05-07,112123,5879,5374.00
2582,LungStrong,Google,2025-06-16,164337,3985,11887.00
2583,LungStrong,LinkedIn,2025-05-17,200026,6606,22554.00
2584,LungStrong,YouTube,2025-06-10,113396,7337,17921.00
2585,LungStrong,Google,2025-06-02,172806,5317,29780.00
2586,LungStrong,Facebook,2025-01-26,191505,5483,33799.00
2587,LungStrong,YouTube,2025-01-08,165211,3883,11126.00
2588,LungStrong,LinkedIn,2025-06-26,102977,7205,10694.00
2589,HeartAware,YouTube,2025-10-24,113767,3060,16820.00
2590,CancerCare,YouTube,2025-09-04,58775,1456,13806.00
2591,LungStrong,YouTube,2025-05-16,164267,3936,20205.00
2592,HeartAware,Google,2025-08-02,141697,1587,11732.00
2593,HeartAware,LinkedIn,2025-10-02,51369,6503,23645.00
2594,Diabetes Plus,YouTube,2025-08-14,53472,1787,11311.00
2595,Diabetes Plus,YouTube,2025-10-16,84588,6263,33018.00
2596,LungStrong,YouTube,2025-08-05,170783,1700,16223.00
2597,HeartAware,YouTube,2025-05-25,123462,7082,26297.00
2598,CancerCare,YouTube,2025-04-25,175571,5731,23884.00
2599,LungStrong,LinkedIn,2025-09-24,187257,3494,20777.00
2600,LungStrong,Google,2025-12-23,119562,5627,24739.00
2601,HeartAware,Google,2025-02-22,217420,7798,8465.00
2602,Diabetes Plus,YouTube,2025-03-24,180170,5550,22236.00
2603,HeartAware,YouTube,2025-12-09,70429,6968,20156.00
2604,Diabetes Plus,Google,2025-07-06,233359,3043,15557.00
2605,Diabetes Plus,LinkedIn,2025-08-22,176873,2794,27699.00
2606,HeartAware,Facebook,2025-06-13,202224,6116,21819.00
2607,HeartAware,LinkedIn,2025-12-17,192044,1188,10721.00
2608,LungStrong,YouTube,2025-08-13,141103,3849,26161.00
2609,HeartAware,Google,2025-12-18,201558,7154,8593.00
2610,HeartAware,YouTube,2025-05-16,109676,6137,19685.00
2611,LungStrong,YouTube,2025-04-28,102091,4051,10908.00
2612,CancerCare,YouTube,2025-06-30,236489,7284,11999.00
2613,HeartAware,LinkedIn,2025-12-30,89710,4748,13401.00
2614,HeartAware,LinkedIn,2025-05-18,174039,6333,9583.00
2615,HeartAware,LinkedIn,2025-06-09,135652,4445,19793.00
2616,HeartAware,YouTube,2025-11-07,85128,3854,25931.00
2617,Diabetes Plus,Google,2025-01-28,65117,1543,11117.00
2618,HeartAware,LinkedIn,2025-08-10,62498,2441,21125.00
2619,LungStrong,Facebook,2025-07-16,106272,5412,20049.00
2620,Diabetes Plus,YouTube,2025-11-17,199001,7529,27784.00
2621,Diabetes Plus,Facebook,2025-06-29,186729,2115,28732.00
2622,LungStrong,LinkedIn,2025-08-05,213767,4580,6651.00
2623,HeartAware,Google,2025-07-23,61506,5788,15531.00
2624,LungStrong,Google,2025-12-16,139026,2803,29304.00
2625,Diabetes Plus,YouTube,2025-09-11,208679,7711,34117.00
2626,LungStrong,Google,2025-10-05,226482,2336,27428.00
2627,Diabetes Plus,Google,2025-04-18,233140,7241,29924.00
2628,HeartAware,YouTube,2025-05-20,74389,1827,28930.00
2629,LungStrong,Facebook,2025-06-08,189634,3726,26333.00
2630,LungStrong,Google,2025-03-04,199152,5216,29071.00
2631,HeartAware,Facebook,2025-06-21,50336,1486,7252.00
2632,LungStrong,Google,2025-09-10,57802,4817,33095.00
2633,LungStrong,Google,2025-09-18,60052,2100,17069.00
2634,CancerCare,YouTube,2025-12-12,153914,2216,14726.00
2635,HeartAware,LinkedIn,2025-12-20,204863,6598,17659.00
2636,Diabetes Plus,Google,2025-07-28,161755,1107,28442.00
2637,HeartAware,Google,2025-03-12,249442,7763,17883.00
2638,HeartAware,YouTube,2025-06-22,235398,7113,8001.00
2639,Diabetes Plus,Google,2025-02-26,116818,4954,33338.00
2640,HeartAware,YouTube,2025-07-02,211202,1063,7773.00
2641,HeartAware,Facebook,2025-02-22,177777,2934,25954.00
2642,Diabetes Plus,YouTube,2025-04-06,233107,3129,24865.00
2643,LungStrong,Facebook,2025-03-11,107038,7541,6744.00
2644,HeartAware,Facebook,2025-10-27,86105,2138,34807.00
2645,HeartAware,YouTube,2025-11-25,170499,4612,30565.00
2646,LungStrong,YouTube,2025-09-23,137804,7146,17433.00
2647,HeartAware,YouTube,2025-10-09,167775,7859,7931.00
2648,Diabetes Plus,YouTube,2025-04-16,209873,6125,7267.00
2649,HeartAware,YouTube,2025-08-27,157008,2713,9004.00
2650,LungStrong,LinkedIn,2025-10-07,190977,3051,15225.00
2651,LungStrong,Google,2025-12-18,173453,2861,32548.00
2652,CancerCare,Google,2025-08-27,178475,2343,5919.00
2653,CancerCare,Google,2025-08-22,249837,1604,25890.00
2654,HeartAware,YouTube,2025-05-17,88760,3724,29323.00
2655,Diabetes Plus,Google,2025-02-02,91752,3478,31639.00
2656,HeartAware,Facebook,2025-01-24,212434,3742,22731.00
2657,Diabetes Plus,Facebook,2025-11-28,147390,6783,22336.00
2658,Diabetes Plus,YouTube,2025-05-04,58999,6057,30338.00
2659,LungStrong,YouTube,2025-07-05,171825,3870,13515.00
2660,HeartAware,LinkedIn,2025-06-25,111163,3006,17234.00
2661,LungStrong,Google,2025-02-27,102018,2034,5218.00
2662,HeartAware,Facebook,2025-10-27,242645,3431,12715.00
2663,HeartAware,Facebook,2025-08-16,120530,4683,7749.00
2664,LungStrong,LinkedIn,2025-11-17,189956,1421,18730.00
2665,CancerCare,YouTube,2025-11-08,104980,7256,12979.00
2666,Diabetes Plus,Google,2025-10-14,221203,5268,28833.00
2667,HeartAware,YouTube,2025-10-23,81852,2854,21759.00
2668,HeartAware,Google,2025-02-23,106358,2197,25362.00
2669,CancerCare,LinkedIn,2025-04-03,190308,5418,25722.00
2670,CancerCare,YouTube,2025-11-04,183233,1307,34093.00
2671,Diabetes Plus,Facebook,2025-08-24,172771,1906,19398.00
2672,LungStrong,Facebook,2025-03-03,192802,6047,16125.00
2673,Diabetes Plus,Google,2025-05-06,136224,3168,18869.00
2674,HeartAware,YouTube,2025-06-14,61213,6105,29824.00
2675,CancerCare,YouTube,2025-03-05,118419,6962,28435.00
2676,Diabetes Plus,YouTube,2025-10-27,186803,6109,13443.00
2677,HeartAware,YouTube,2025-11-27,186679,3290,16348.00
2678,LungStrong,YouTube,2025-08-26,124882,3269,27605.00
2679,Diabetes Plus,YouTube,2025-11-20,156077,1830,13164.00
2680,HeartAware,LinkedIn,2025-02-08,147725,7001,27302.00
2681,HeartAware,Google,2025-05-31,123904,3733,8997.00
2682,HeartAware,Facebook,2025-04-06,100209,5674,12026.00
2683,Diabetes Plus,Google,2025-12-25,82617,4846,29880.00
2684,LungStrong,YouTube,2025-04-21,59897,7421,11131.00
2685,LungStrong,YouTube,2025-07-15,129436,3489,7574.00
2686,Diabetes Plus,YouTube,2025-03-31,100637,4043,7989.00
2687,LungStrong,LinkedIn,2025-05-27,235841,7520,9801.00
2688,HeartAware,Google,2025-03-11,50431,6857,33563.00
2689,CancerCare,Google,2025-02-02,181770,4090,13920.00
2690,HeartAware,YouTube,2025-06-26,149433,5279,7381.00
2691,LungStrong,YouTube,2025-06-10,95304,6808,10124.00
2692,LungStrong,YouTube,2025-07-09,216237,1836,31886.00
2693,Diabetes Plus,Facebook,2025-11-20,164808,4549,24305.00
2694,LungStrong,YouTube,2025-05-14,237225,4999,22569.00
2695,HeartAware,YouTube,2025-05-10,183782,7896,28516.00
2696,HeartAware,YouTube,2025-09-26,130974,1193,18647.00
2697,HeartAware,Facebook,2025-08-11,161532,2182,24939.00
2698,Diabetes Plus,LinkedIn,2025-10-09,192652,4940,30417.00
2699,Diabetes Plus,LinkedIn,2025-06-14,243381,2414,19937.00
2700,HeartAware,Google,2025-03-20,120689,3407,31042.00
2701,LungStrong,YouTube,2025-03-17,112312,7481,12978.00
2702,Diabetes Plus,YouTube,2025-01-19,146814,5752,29925.00
2703,Diabetes Plus,YouTube,2025-01-15,64509,3591,10068.00
2704,HeartAware,YouTube,2025-12-27,188268,1390,21674.00
2705,CancerCare,LinkedIn,2025-11-19,160318,5744,14567.00
2706,Diabetes Plus,YouTube,2025-11-01,140022,7033,12893.00
2707,LungStrong,LinkedIn,2025-03-10,248900,1625,21708.00
2708,Diabetes Plus,YouTube,2025-08-23,233584,2595,24792.00
2709,HeartAware,Facebook,2025-09-28,87618,5026,9511.00
2710,LungStrong,YouTube,2025-05-15,246589,2533,21543.00
2711,CancerCare,Google,2025-06-17,199490,1045,28727.00
2712,LungStrong,YouTube,2025-09-20,171816,4495,16733.00
2713,LungStrong,Facebook,2025-08-02,198513,3625,22882.00
2714,HeartAware,LinkedIn,2025-08-15,227907,5589,6610.00
2715,Diabetes Plus,LinkedIn,2025-06-13,89155,1029,29685.00
2716,LungStrong,Facebook,2025-03-10,185084,1573,28133.00
2717,HeartAware,Google,2025-08-27,140496,1558,10454.00
2718,Diabetes Plus,LinkedIn,2025-12-20,152849,5127,7472.00
2719,LungStrong,YouTube,2025-08-29,110599,1206,15545.00
2720,CancerCare,YouTube,2025-04-26,222097,2838,25363.00
2721,LungStrong,YouTube,2025-08-12,126662,2695,34198.00
2722,CancerCare,YouTube,2025-01-12,135004,6446,28107.00
2723,LungStrong,YouTube,2025-09-11,220807,3018,25002.00
2724,HeartAware,Facebook,2025-10-02,94611,4245,25211.00
2725,HeartAware,YouTube,2025-07-26,150684,6448,28142.00
2726,HeartAware,YouTube,2025-10-10,131150,5671,24633.00
2727,Diabetes Plus,Google,2025-08-24,98728,6537,16712.00
2728,CancerCare,LinkedIn,2025-08-22,54814,6558,8127.00
2729,LungStrong,LinkedIn,2025-02-27,217066,7507,31517.00
2730,HeartAware,Google,2025-09-03,237671,3826,8383.00
2731,HeartAware,YouTube,2025-05-21,221578,4801,34639.00
2732,LungStrong,YouTube,2025-03-03,187017,5496,29324.00
2733,LungStrong,YouTube,2025-08-18,201012,3140,12847.00
2734,CancerCare,YouTube,2025-09-06,171112,5309,29931.00
2735,LungStrong,YouTube,2025-02-07,85648,1818,17595.00
2736,LungStrong,Google,2025-07-24,83816,2911,18205.00
2737,Diabetes Plus,Facebook,2025-02-16,224805,7618,14648.00
2738,LungStrong,Facebook,2025-04-08,167489,3922,31925.00
2739,LungStrong,Google,2025-10-17,169163,2933,32926.00
2740,LungStrong,Google,2025-05-03,128733,2902,9896.00
2741,HeartAware,Google,2025-07-08,210619,1773,10141.00
2742,LungStrong,Facebook,2025-05-31,87279,3448,23818.00
2743,Diabetes Plus,Google,2025-06-26,168892,1429,27671.00
2744,HeartAware,Google,2025-03-15,62196,1949,16180.00
2745,LungStrong,Facebook,2025-05-01,198207,7771,13635.00
2746,HeartAware,YouTube,2025-09-07,186306,5759,26180.00
2747,LungStrong,YouTube,2025-12-02,189350,3189,20156.00
2748,LungStrong,YouTube,2025-11-29,91215,6186,16835.00
2749,LungStrong,Facebook,2025-08-20,158337,7100,7689.00
2750,LungStrong,YouTube,2025-04-21,220413,6465,11469.00
2751,LungStrong,LinkedIn,2025-06-10,244739,6713,30712.00
2752,HeartAware,LinkedIn,2025-07-21,197286,2554,33426.00
2753,Diabetes Plus,YouTube,2025-11-14,212863,5247,26781.00
2754,LungStrong,Google,2025-02-16,88955,1410,20827.00
2755,HeartAware,Google,2025-08-24,66093,4766,26464.00
2756,LungStrong,YouTube,2025-06-16,188900,3811,14479.00
2757,HeartAware,Facebook,2025-10-28,129015,6527,20654.00
2758,CancerCare,YouTube,2025-01-13,119943,2010,14232.00
2759,HeartAware,Facebook,2025-11-16,180175,4799,21310.00
2760,HeartAware,YouTube,2025-02-15,228518,3791,33912.00
2761,CancerCare,LinkedIn,2025-02-13,196701,4276,14478.00
2762,HeartAware,Google,2025-05-02,55974,3971,6514.00
2763,Diabetes Plus,Google,2025-08-30,129540,5093,34319.00
2764,CancerCare,YouTube,2025-11-29,206244,2461,20734.00
2765,Diabetes Plus,Google,2025-08-13,58674,6051,13257.00
2766,LungStrong,YouTube,2025-08-04,191573,7277,34680.00
2767,LungStrong,YouTube,2025-03-07,51549,7195,10625.00
2768,HeartAware,YouTube,2025-01-31,193561,6380,26078.00
2769,CancerCare,Google,2025-12-19,187965,4914,13273.00
2770,Diabetes Plus,YouTube,2025-09-30,241265,6873,10473.00
2771,Diabetes Plus,LinkedIn,2025-09-25,168295,7799,30237.00
2772,HeartAware,YouTube,2025-07-01,210997,3785,22830.00
2773,LungStrong,Facebook,2025-08-30,129572,6810,20029.00
2774,HeartAware,Facebook,2025-09-11,104682,7987,6514.00
2775,LungStrong,LinkedIn,2025-02-25,165679,3571,19251.00
2776,HeartAware,YouTube,2025-07-18,146193,7257,14367.00
2777,Diabetes Plus,YouTube,2025-10-11,249865,6722,19775.00
2778,HeartAware,Facebook,2025-08-19,217380,5058,29418.00
2779,HeartAware,YouTube,2025-04-16,219439,4608,6860.00
2780,LungStrong,LinkedIn,2025-03-05,119800,7353,20096.00
2781,LungStrong,YouTube,2025-07-08,96452,6448,12712.00
2782,CancerCare,Google,2025-10-07,143349,6898,29841.00
2783,CancerCare,YouTube,2025-04-25,226321,7645,12589.00
2784,CancerCare,YouTube,2025-08-03,168456,4553,26595.00
2785,HeartAware,Google,2025-12-28,117706,1633,28619.00
2786,CancerCare,Google,2025-03-04,181993,2867,13831.00
2787,LungStrong,Google,2025-07-14,66009,2836,22367.00
2788,HeartAware,Google,2025-10-05,137051,2324,31841.00
2789,CancerCare,YouTube,2025-04-06,90366,1442,22848.00
2790,HeartAware,YouTube,2025-11-04,74045,6884,16139.00
2791,HeartAware,Google,2025-09-28,54495,2761,24967.00
2792,LungStrong,Google,2025-04-17,191218,7977,17771.00
2793,HeartAware,Google,2025-08-26,123215,5208,29016.00
2794,CancerCare,YouTube,2025-11-23,160488,5854,15055.00
2795,HeartAware,YouTube,2025-11-11,185445,5243,13160.00
2796,Diabetes Plus,YouTube,2025-04-27,92774,5449,7665.00
2797,LungStrong,YouTube,2025-06-29,75244,6316,19773.00
2798,LungStrong,YouTube,2025-11-01,240280,3555,17910.00
2799,Diabetes Plus,Google,2025-12-21,99598,1986,33451.00
2800,Diabetes Plus,YouTube,2025-04-21,103320,1844,11361.00
2801,CancerCare,Google,2025-11-10,233539,4883,12311.00
2802,HeartAware,YouTube,2025-09-06,70203,3202,8558.00
2803,HeartAware,YouTube,2025-11-21,93465,3486,8350.00
2804,LungStrong,Google,2025-09-02,233537,5134,6051.00
2805,Diabetes Plus,LinkedIn,2025-09-18,140472,7265,15422.00
2806,HeartAware,Google,2025-05-19,134569,1342,19193.00
2807,Diabetes Plus,YouTube,2025-01-24,147782,4677,22148.00
2808,HeartAware,YouTube,2025-08-06,69653,6078,24964.00
2809,LungStrong,YouTube,2025-03-31,160781,5454,28858.00
2810,HeartAware,LinkedIn,2025-09-24,242429,2664,15693.00
2811,HeartAware,YouTube,2025-02-18,245390,6326,6645.00
2812,LungStrong,Google,2025-08-11,164788,2164,5611.00
2813,LungStrong,YouTube,2025-01-06,114842,5612,29252.00
2814,CancerCare,Google,2025-06-03,86035,4588,33281.00
2815,Diabetes Plus,LinkedIn,2025-11-28,168577,5173,20319.00
2816,HeartAware,YouTube,2025-06-01,232259,4755,25181.00
2817,HeartAware,YouTube,2025-12-18,245982,2451,22659.00
2818,HeartAware,LinkedIn,2025-05-05,53535,6144,32314.00
2819,HeartAware,Facebook,2025-05-23,141577,1091,21734.00
2820,LungStrong,Facebook,2025-01-03,152794,4456,23742.00
2821,HeartAware,YouTube,2025-02-03,235201,1620,26198.00
2822,LungStrong,YouTube,2025-08-13,194158,6185,11135.00
2823,HeartAware,YouTube,2025-07-17,64270,6103,28341.00
2824,LungStrong,Facebook,2025-03-05,120921,5505,12356.00
2825,HeartAware,Facebook,2025-10-18,188218,4406,17705.00
2826,Diabetes Plus,YouTube,2025-11-12,59027,2550,9942.00
2827,LungStrong,LinkedIn,2025-12-28,136023,3449,8180.00
2828,LungStrong,YouTube,2025-12-02,211324,5991,33547.00
2829,LungStrong,LinkedIn,2025-04-30,216150,3794,23079.00
2830,HeartAware,YouTube,2025-02-25,245391,7786,20964.00
2831,HeartAware,Google,2025-06-17,82329,3950,23530.00
2832,LungStrong,YouTube,2025-06-26,51426,7642,10588.00
2833,LungStrong,Google,2025-09-15,248215,5783,7158.00
2834,LungStrong,LinkedIn,2025-05-19,224031,5089,31573.00
2835,HeartAware,Google,2025-11-14,175022,3179,21344.00
2836,Diabetes Plus,YouTube,2025-03-18,215187,2606,10252.00
2837,HeartAware,Facebook,2025-06-28,147314,6225,32775.00
2838,LungStrong,YouTube,2025-11-27,96993,6385,22270.00
2839,Diabetes Plus,YouTube,2025-01-11,140997,7187,15357.00
2840,CancerCare,YouTube,2025-04-24,98407,7804,31984.00
2841,Diabetes Plus,YouTube,2025-08-24,242590,6344,15724.00
2842,LungStrong,Facebook,2025-03-16,168561,2010,8019.00
2843,HeartAware,YouTube,2025-07-31,238283,1833,31779.00
2844,LungStrong,LinkedIn,2025-09-06,186496,2577,7837.00
2845,LungStrong,Google,2025-12-04,110734,5541,27585.00
2846,Diabetes Plus,LinkedIn,2025-08-04,89713,4365,8310.00
2847,HeartAware,YouTube,2025-04-25,114941,6644,26494.00
2848,Diabetes Plus,Google,2025-01-14,114979,3196,24988.00
2849,Diabetes Plus,YouTube,2025-02-03,239893,4486,22181.00
2850,LungStrong,YouTube,2025-01-03,193029,4804,7738.00
2851,HeartAware,Facebook,2025-11-26,121877,4640,10880.00
2852,LungStrong,YouTube,2025-03-30,188920,2524,29168.00
2853,LungStrong,Google,2025-05-05,88333,1683,14698.00
2854,Diabetes Plus,Google,2025-09-05,220480,2245,26728.00
2855,LungStrong,Facebook,2025-07-08,237338,6347,31141.00
2856,LungStrong,YouTube,2025-12-21,82820,6959,6567.00
2857,LungStrong,YouTube,2025-05-25,80982,5861,5245.00
2858,Diabetes Plus,Google,2025-01-05,173858,7666,23215.00
2859,HeartAware,Google,2025-08-12,103527,5555,24947.00
2860,LungStrong,LinkedIn,2025-02-08,164665,2835,21972.00
2861,LungStrong,LinkedIn,2025-04-06,242532,2248,20497.00
2862,LungStrong,LinkedIn,2025-04-25,207703,2515,26730.00
2863,HeartAware,YouTube,2025-10-09,96800,6666,9023.00
2864,CancerCare,Google,2025-10-21,84724,4173,8193.00
2865,LungStrong,YouTube,2025-01-09,224857,4818,11543.00
2866,Diabetes Plus,Google,2025-08-10,123995,2410,15786.00
2867,Diabetes Plus,LinkedIn,2025-05-03,234526,3667,17211.00
2868,HeartAware,YouTube,2025-12-25,104979,6531,26313.00
2869,LungStrong,LinkedIn,2025-08-13,83919,7165,26993.00
2870,HeartAware,YouTube,2025-12-16,95807,5194,23257.00
2871,LungStrong,Facebook,2025-12-11,232012,2695,23036.00
2872,LungStrong,Facebook,2025-07-31,147711,2977,31956.00
2873,Diabetes Plus,Facebook,2025-05-25,197930,4830,28691.00
2874,LungStrong,LinkedIn,2025-08-20,150360,4727,33053.00
2875,LungStrong,Facebook,2025-01-17,188444,5487,15946.00
2876,HeartAware,YouTube,2025-05-23,50911,5582,16171.00
2877,LungStrong,Facebook,2025-05-11,92481,4598,30193.00
2878,LungStrong,Google,2025-09-14,217244,6559,19221.00
2879,Diabetes Plus,Google,2025-11-23,212345,4532,33079.00
2880,HeartAware,LinkedIn,2025-06-03,111339,5718,19278.00
2881,LungStrong,YouTube,2025-09-11,77462,6960,14467.00
2882,LungStrong,YouTube,2025-04-12,107668,3482,25239.00
2883,LungStrong,YouTube,2025-06-13,68969,5436,11120.00
2884,HeartAware,Facebook,2025-08-17,247763,6225,10443.00
2885,LungStrong,LinkedIn,2025-03-26,166624,7830,23101.00
2886,CancerCare,Google,2025-01-08,194050,7034,11731.00
2887,HeartAware,LinkedIn,2025-09-16,172048,1305,12078.00
2888,HeartAware,YouTube,2025-10-13,161634,3088,10866.00
2889,HeartAware,YouTube,2025-12-02,132086,7677,16703.00
2890,CancerCare,YouTube,2025-09-02,88675,3699,19136.00
2891,Diabetes Plus,Facebook,2025-10-21,96809,2583,5969.00
2892,Diabetes Plus,YouTube,2025-07-05,195313,6011,34181.00
2893,Diabetes Plus,Facebook,2025-12-11,112958,5861,9664.00
2894,LungStrong,YouTube,2025-09-29,146177,2642,13092.00
2895,LungStrong,YouTube,2025-08-21,173203,3361,23512.00
2896,LungStrong,Google,2025-12-03,79068,7496,11833.00
2897,LungStrong,YouTube,2025-06-22,99722,6504,17404.00
2898,HeartAware,Google,2025-02-20,63123,2760,33143.00
2899,HeartAware,YouTube,2025-03-22,165801,4509,21072.00
2900,HeartAware,YouTube,2025-01-29,77541,4224,12651.00
2901,CancerCare,YouTube,2025-03-26,131907,2079,19468.00
2902,HeartAware,Facebook,2025-04-04,61012,6927,31660.00
2903,LungStrong,YouTube,2025-03-06,242085,7325,15359.00
2904,LungStrong,Facebook,2025-02-15,165082,3147,17749.00
2905,CancerCare,YouTube,2025-05-24,110594,2931,28994.00
2906,Diabetes Plus,YouTube,2025-08-27,108639,7679,13585.00
2907,Diabetes Plus,LinkedIn,2025-01-24,101862,5561,28108.00
2908,Diabetes Plus,YouTube,2025-08-27,88446,3332,6262.00
2909,HeartAware,Google,2025-02-11,177552,3465,12961.00
2910,LungStrong,Google,2025-05-02,244028,4297,14133.00
2911,LungStrong,LinkedIn,2025-10-29,192334,7999,20835.00
2912,LungStrong,YouTube,2025-01-19,63766,6523,30800.00
2913,LungStrong,YouTube,2025-03-28,94747,6447,26852.00
2914,CancerCare,YouTube,2025-04-15,59024,3930,34350.00
2915,LungStrong,YouTube,2025-05-30,150942,5486,16038.00
2916,HeartAware,Google,2025-02-02,107612,3178,13679.00
2917,Diabetes Plus,YouTube,2025-02-17,104119,5449,5316.00
2918,LungStrong,YouTube,2025-09-06,194822,2727,17441.00
2919,HeartAware,LinkedIn,2025-12-28,226112,3267,12085.00
2920,LungStrong,Google,2025-07-15,147146,1538,11403.00
2921,HeartAware,YouTube,2025-09-07,162347,4777,16879.00
2922,LungStrong,Google,2025-03-14,107360,7711,21350.00
2923,CancerCare,Facebook,2025-05-28,92241,7285,33112.00
2924,CancerCare,Google,2025-01-27,230370,5450,15298.00
2925,LungStrong,YouTube,2025-05-28,166160,6102,16249.00
2926,CancerCare,YouTube,2025-07-06,116555,2055,20432.00
2927,Diabetes Plus,Google,2025-05-01,193824,2193,29106.00
2928,LungStrong,YouTube,2025-09-08,164902,2615,31946.00
2929,HeartAware,Google,2025-07-02,94243,3104,33974.00
2930,HeartAware,YouTube,2025-06-10,238889,1514,34030.00
2931,LungStrong,Facebook,2025-06-14,248877,5044,24696.00
2932,LungStrong,YouTube,2025-03-29,148468,4794,7090.00
2933,LungStrong,Google,2025-11-16,236650,1248,29566.00
2934,Diabetes Plus,Google,2025-08-14,172990,1093,28759.00
2935,Diabetes Plus,Google,2025-08-05,206818,6853,14577.00
2936,HeartAware,Facebook,2025-08-18,126441,4497,15011.00
2937,LungStrong,YouTube,2025-07-24,72063,7219,14096.00
2938,LungStrong,YouTube,2025-11-13,110239,2365,22673.00
2939,HeartAware,YouTube,2025-04-17,165677,6065,20090.00
2940,HeartAware,YouTube,2025-01-28,239319,7908,12316.00
2941,LungStrong,LinkedIn,2025-10-24,133117,4642,6502.00
2942,HeartAware,YouTube,2025-10-02,70135,5074,34060.00
2943,LungStrong,Google,2025-03-28,177493,6125,21664.00
2944,CancerCare,Google,2025-01-21,85708,4255,7906.00
2945,LungStrong,Facebook,2025-06-02,151434,6689,15722.00
2946,LungStrong,Google,2025-12-12,166374,6802,31853.00
2947,LungStrong,LinkedIn,2025-02-16,173202,7689,6168.00
2948,Diabetes Plus,YouTube,2025-08-04,56624,3320,30737.00
2949,CancerCare,YouTube,2025-08-22,86847,4440,23406.00
2950,CancerCare,YouTube,2025-01-12,129212,5766,22013.00
2951,HeartAware,Google,2025-09-05,161335,3925,19304.00
2952,Diabetes Plus,YouTube,2025-07-04,118254,1009,23141.00
2953,LungStrong,Google,2025-11-10,107859,1209,26034.00
2954,HeartAware,YouTube,2025-02-10,238714,2361,16142.00
2955,LungStrong,Google,2025-06-28,120302,6265,17411.00
2956,LungStrong,LinkedIn,2025-10-03,247319,2552,29359.00
2957,CancerCare,LinkedIn,2025-05-05,177202,4610,24921.00
2958,LungStrong,Facebook,2025-10-09,53423,3839,13762.00
2959,CancerCare,YouTube,2025-12-31,111046,6034,5836.00
2960,LungStrong,Facebook,2025-01-11,213735,1084,11215.00
2961,HeartAware,YouTube,2025-01-01,59201,6556,24334.00
2962,LungStrong,Facebook,2025-10-26,65497,3814,29676.00
2963,HeartAware,YouTube,2025-07-12,127113,1672,9031.00
2964,HeartAware,YouTube,2025-09-11,166105,3516,19462.00
2965,LungStrong,Facebook,2025-12-16,138195,4338,27017.00
2966,CancerCare,Google,2025-05-17,107099,7557,34929.00
2967,Diabetes Plus,Facebook,2025-05-09,53612,3322,15340.00
2968,HeartAware,YouTube,2025-04-04,81335,3886,12944.00
2969,HeartAware,Facebook,2025-07-06,86522,6198,30600.00
2970,CancerCare,YouTube,2025-09-28,169427,2412,27508.00
2971,LungStrong,Google,2025-03-17,219727,1563,16603.00
2972,LungStrong,YouTube,2025-09-04,227383,6506,15535.00
2973,HeartAware,YouTube,2025-05-06,60663,6294,9598.00
2974,CancerCare,LinkedIn,2025-12-15,98543,2033,11891.00
2975,Diabetes Plus,YouTube,2025-10-04,243138,6585,9721.00
2976,HeartAware,YouTube,2025-05-25,160130,2531,13661.00
2977,LungStrong,YouTube,2025-08-20,210315,6372,24659.00
2978,LungStrong,YouTube,2025-01-24,196014,3225,26614.00
2979,Diabetes Plus,Facebook,2025-12-09,198334,5447,31834.00
2980,HeartAware,Google,2025-12-17,183047,6509,6345.00
2981,Diabetes Plus,Facebook,2025-04-10,60671,4042,17761.00
2982,LungStrong,YouTube,2025-08-31,118258,1941,20283.00
2983,HeartAware,YouTube,2025-02-07,219245,7700,6736.00
2984,LungStrong,Google,2025-03-13,116897,1704,31156.00
2985,HeartAware,YouTube,2025-03-12,119029,1256,25677.00
2986,HeartAware,YouTube,2025-01-11,185735,1040,20783.00
2987,LungStrong,YouTube,2025-09-27,204986,6978,14390.00
2988,CancerCare,YouTube,2025-11-23,109716,7938,27087.00
2989,CancerCare,YouTube,2025-02-14,109215,1930,31411.00
2990,CancerCare,YouTube,2025-09-16,169706,3344,13834.00
2991,LungStrong,LinkedIn,2025-01-17,189714,7097,34899.00
2992,Diabetes Plus,Facebook,2025-11-14,79537,5315,26246.00
2993,Diabetes Plus,Google,2025-06-27,182295,1092,29450.00
2994,CancerCare,YouTube,2025-12-10,161271,3704,25259.00
2995,Diabetes Plus,Google,2025-11-28,133740,1150,20036.00
2996,CancerCare,Google,2025-08-13,55911,3609,18030.00
2997,LungStrong,YouTube,2025-08-23,77694,4289,32240.00
2998,LungStrong,Google,2025-09-14,245480,7592,30753.00
2999,LungStrong,Facebook,2025-08-24,206634,2191,6550.00
3000,CancerCare,LinkedIn,2025-09-06,155847,2243,10537.00
