1,1519,P02553,Yes,5327.00
2,1158,P03001,Yes,2194.00
3,2365,P03462,Yes,5064.00
4,1906,P00735,Yes,4246.00
5,1887,P01298,Yes,3118.00
6,1763,P02218,Yes,4286.00
7,1736,P02881,Yes,1853.00
8,2235,P00895,Yes,3760.00
9,1079,P02712,Yes,5987.00
10,2905,P02093,Yes,4578.00
11,2222,P02386,Yes,5495.00
12,2847,P00673,Yes,5277.00
13,1329,P01972,Yes,5855.00
14,2837,P00153,Yes,3637.00
15,1530,P04126,Yes,2062.00
16,1716,P03468,Yes,2909.00
17,2119,P01963,Yes,1360.00
18,1767,P04566,Yes,2843.00
19,2399,P01751,Yes,5311.00
20,2615,P00768,Yes,5626.00
21,2660,P00798,Yes,5872.00
22,1668,P01590,Yes,1000.00
23,1265,P00900,Yes,1220.00
24,2264,P03740,Yes,5379.00
25,1381,P00232,Yes,4238.00
26,2119,P01782,Yes,4323.00
27,2503,P02339,Yes,5777.00
28,1568,P02919,Yes,4188.00
29,2195,P04303,Yes,3747.00
30,1568,P04731,Yes,5702.00
31,1623,P01575,Yes,2310.00
32,1829,P00855,Yes,3717.00
33,1101,P02966,Yes,4263.00
34,2179,P00007,Yes,1157.00
35,2230,P02783,Yes,1203.00
36,2218,P01222,Yes,3406.00
37,1452,P01753,Yes,4026.00
38,1127,P02317,Yes,0.00
39,2414,P01519,Yes,2478.00
40,2553,P04068,Yes,4728.00
41,2440,P00586,Yes,2115.00
42,2719,P03413,Yes,3653.00
43,1315,P04492,Yes,1199.00
44,1317,P02243,Yes,5470.00
45,1739,P02288,Yes,1783.00
46,2558,P03536,Yes,5642.00
47,2443,P04843,Yes,1318.00
48,2459,P02362,Yes,4122.00
49,1180,P04191,Yes,4768.00
50,1248,P01112,Yes,1948.00
51,1781,P01537,Yes,2815.00
52,1150,P01088,Yes,4115.00
53,2475,P01131,Yes,3245.00
54,2529,P00375,Yes,5120.00
55,2541,P04167,Yes,2036.00
56,1704,P03825,Yes,3970.00
57,2866,P03220,Yes,3780.00
58,1709,P02132,Yes,3006.00
59,2598,P02170,Yes,2434.00
60,1715,P02899,Yes,1586.00
61,1757,P03023,Yes,1004.00
62,1888,P04168,Yes,2827.00
63,1633,P02521,Yes,3732.00
64,2110,P01053,Yes,3706.00
65,2477,P02602,Yes,5144.00
66,1682,P02210,Yes,3091.00
67,1785,P02957,Yes,3871.00
68,1421,P01944,Yes,5452.00
69,2811,P04860,Yes,4281.00
70,1950,P01362,Yes,4956.00
71,2579,P02519,Yes,1125.00
72,1214,P03355,Yes,4450.00
73,2871,P01404,Yes,5986.00
74,2866,P00334,Yes,1483.00
75,2113,P03900,Yes,5755.00
76,2163,P02821,Yes,1041.00
77,2478,P03078,Yes,3169.00
78,2862,P01903,Yes,1841.00
79,1471,P03500,Yes,2261.00
80,1844,P02753,Yes,2500.00
81,2167,P04593,Yes,3432.00
82,1522,P02812,Yes,1174.00
83,1000,P04902,Yes,2299.00
84,2209,P00345,Yes,5118.00
85,1034,P03914,Yes,2335.00
86,2737,P02368,Yes,3118.00
87,2660,P03328,Yes,4431.00
88,1287,P03012,Yes,4408.00
89,2206,P03049,Yes,5009.00
90,1421,P04037,No,4650.00
91,1133,P01940,Yes,5110.00
92,1977,P02715,Yes,2734.00
93,1943,P03915,Yes,2930.00
94,2686,P01147,Yes,1856.00
95,2680,P02028,Yes,4863.00
96,2445,P02772,Yes,1360.00
97,1353,P03269,Yes,5757.00
98,1744,P04939,Yes,5655.00
99,1907,P01335,Yes,1210.00
100,2754,P02615,Yes,5122.00
101,2133,P01102,Yes,3016.00
102,1001,P01747,Yes,5143.00
103,1360,P03586,Yes,5830.00
104,2807,P04979,Yes,4847.00
105,1664,P01982,Yes,3483.00
106,2021,P01277,Yes,2373.00
107,2850,P03883,Yes,2536.00
108,2757,P02964,Yes,5701.00
109,1708,P03281,Yes,1451.00
110,2448,P03839,Yes,3649.00
111,1621,P00456,Yes,1316.00
112,2426,P00951,Yes,1931.00
113,2095,P04041,Yes,3967.00
114,2119,P04283,Yes,1015.00
115,1716,P00470,No,1767.00
116,1898,P02746,Yes,3509.00
117,1111,P00016,Yes,5061.00
118,1122,P02134,Yes,2543.00
119,2526,P03062,Yes,3771.00
120,2056,P03624,Yes,2968.00
121,1738,P01627,Yes,3094.00
122,2968,P00818,Yes,3225.00
123,2063,P04918,Yes,0.00
124,2681,P04316,Yes,5833.00
125,1205,P01374,Yes,1786.00
126,1517,P02683,Yes,2489.00
127,1465,P03402,Yes,3291.00
128,1368,P01965,Yes,2191.00
129,2893,P04461,Yes,1265.00
130,2873,P04526,Yes,4651.00
131,1269,P00144,Yes,2718.00
132,1855,P03734,Yes,2291.00
133,1530,P01746,Yes,2359.00
134,1575,P04472,Yes,3183.00
135,2235,P01144,Yes,4087.00
136,1074,P03306,Yes,1917.00
137,2681,P03348,Yes,4157.00
138,1533,P02957,Yes,5422.00
139,2249,P03770,Yes,2128.00
140,1041,P02460,Yes,4060.00
141,1797,P01598,Yes,3067.00
142,1470,P00770,Yes,2436.00
143,1123,P01494,Yes,2283.00
144,2331,P04201,Yes,5268.00
145,2585,P00596,Yes,5919.00
146,2202,P02384,Yes,3769.00
147,1654,P01655,Yes,0.00
148,2242,P00554,Yes,3913.00
149,2712,P04993,Yes,4153.00
150,1796,P01940,Yes,4531.00
151,2522,P02479,No,2612.00
152,2487,P01905,Yes,4393.00
153,2620,P01986,Yes,2304.00
154,2069,P01959,Yes,1776.00
155,2025,P04438,Yes,5999.00
156,2612,P03375,Yes,0.00
157,2470,P03609,Yes,3193.00
158,2055,P04006,Yes,1450.00
159,1091,P04816,Yes,4123.00
160,1104,P00418,Yes,4049.00
161,1855,P03164,Yes,5963.00
162,1918,P01935,Yes,5069.00
163,1509,P03218,Yes,3999.00
164,2573,P03115,Yes,3073.00
165,2669,P04484,Yes,4686.00
166,1813,P01891,Yes,4231.00
167,1899,P03342,Yes,2457.00
168,1658,P00380,Yes,1136.00
169,1602,P04337,Yes,3162.00
170,1721,P01022,No,5617.00
171,1566,P01989,Yes,2355.00
172,1187,P03144,Yes,1832.00
173,1339,P01062,Yes,5215.00
174,2611,P02734,No,3494.00
175,1826,P02365,Yes,3989.00
176,1514,P04373,Yes,1200.00
177,1858,P00858,Yes,1468.00
178,1645,P01151,Yes,2989.00
179,1488,P03090,Yes,0.00
180,1778,P02183,Yes,5430.00
181,1415,P03688,Yes,2027.00
182,1390,P00110,Yes,2530.00
183,2553,P02241,Yes,3386.00
184,2836,P00620,Yes,1043.00
185,2891,P03686,Yes,5647.00
186,1877,P03241,Yes,1428.00
187,2233,P03080,Yes,1717.00
188,2985,P00489,Yes,5836.00
189,1606,P02455,Yes,0.00
190,2453,P04105,Yes,1908.00
191,1942,P02699,Yes,0.00
192,2941,P01672,Yes,2624.00
193,2641,P03913,Yes,4750.00
194,2832,P04067,Yes,1178.00
195,2804,P00411,Yes,5926.00
196,2924,P04612,Yes,3392.00
197,2531,P01648,Yes,3625.00
198,1358,P00065,Yes,4239.00
199,1414,P04175,Yes,4509.00
200,1122,P04019,Yes,5827.00
201,2538,P02168,Yes,3144.00
202,1547,P04776,Yes,5181.00
203,2419,P01841,Yes,1762.00
204,1420,P03949,Yes,4507.00
205,2291,P01061,Yes,1327.00
206,2856,P02716,Yes,1227.00
207,1669,P02573,Yes,1174.00
208,1817,P03330,Yes,5317.00
209,2686,P00330,Yes,5847.00
210,1362,P02550,Yes,4578.00
211,2511,P02486,Yes,3745.00
212,1913,P02856,Yes,1659.00
213,2137,P04121,Yes,2628.00
214,1135,P00590,Yes,3051.00
215,2790,P00878,Yes,0.00
216,1379,P02770,Yes,2255.00
217,2160,P01091,Yes,5155.00
218,1641,P03842,Yes,3280.00
219,1116,P03954,Yes,2043.00
220,1334,P04121,Yes,4407.00
221,1177,P00350,Yes,3347.00
222,1859,P01855,Yes,3966.00
223,2694,P04061,Yes,1207.00
224,2234,P01027,Yes,3623.00
225,2674,P03369,Yes,4909.00
226,1941,P01325,Yes,3442.00
227,2462,P04687,Yes,2514.00
228,1396,P03937,Yes,5632.00
229,1580,P01127,Yes,3962.00
230,1101,P00928,Yes,5229.00
231,1574,P02734,Yes,1217.00
232,2915,P03223,Yes,4302.00
233,1508,P04269,Yes,4227.00
234,2709,P04904,Yes,1881.00
235,2217,P02908,Yes,2697.00
236,1423,P04734,Yes,1416.00
237,1850,P02168,Yes,4847.00
238,2215,P03929,Yes,1711.00
239,2704,P01895,Yes,1900.00
240,2115,P01874,Yes,1127.00
241,1853,P02834,Yes,2228.00
242,2585,P02508,Yes,5127.00
243,1122,P01805,No,1249.00
244,2678,P04708,Yes,3945.00
245,1465,P01022,Yes,4447.00
246,2618,P01581,Yes,5052.00
247,2348,P00305,Yes,1299.00
248,1378,P04615,Yes,1426.00
249,2232,P03693,Yes,5214.00
250,2557,P02758,Yes,5996.00
251,2781,P02319,Yes,1367.00
252,2320,P03589,Yes,1919.00
253,2793,P04691,Yes,5277.00
254,2443,P04639,Yes,4802.00
255,1218,P01780,Yes,4748.00
256,2195,P04162,Yes,4585.00
257,1871,P00439,Yes,5700.00
258,1437,P00521,Yes,2935.00
259,1591,P00505,Yes,5213.00
260,2149,P00765,Yes,5329.00
261,2138,P00025,Yes,2029.00
262,2387,P01538,Yes,3286.00
263,1280,P02005,Yes,5352.00
264,2030,P03610,Yes,5615.00
265,1424,P03399,No,4756.00
266,1582,P01305,Yes,4101.00
267,1595,P01387,Yes,1526.00
268,1695,P03920,Yes,4426.00
269,2156,P00720,Yes,0.00
270,1766,P00555,Yes,1237.00
271,1873,P04464,Yes,5228.00
272,1448,P00608,Yes,3080.00
273,1631,P02238,Yes,2876.00
274,2737,P00535,Yes,1519.00
275,2342,P03856,Yes,4636.00
276,2543,P02300,Yes,4218.00
277,1393,P03894,Yes,5464.00
278,1081,P03720,Yes,4595.00
279,2003,P01338,Yes,4568.00
280,1882,P02764,Yes,4211.00
281,1931,P04494,Yes,5375.00
282,1845,P01680,Yes,5049.00
283,1268,P04432,Yes,2591.00
284,1108,P01008,Yes,0.00
285,1980,P02312,Yes,3381.00
286,1818,P01272,Yes,4257.00
287,2962,P04046,Yes,2338.00
288,2976,P04259,Yes,2683.00
289,2192,P01049,Yes,4048.00
290,2590,P01801,Yes,3713.00
291,2330,P04479,Yes,5801.00
292,2889,P01713,Yes,3210.00
293,1925,P04133,Yes,4679.00
294,2753,P04765,Yes,1744.00
295,1116,P02965,Yes,5584.00
296,1099,P04201,Yes,3821.00
297,1852,P00810,Yes,4399.00
298,2140,P04954,Yes,1638.00
299,2667,P04057,Yes,5099.00
300,2976,P01743,Yes,2172.00
301,2611,P03766,Yes,3027.00
302,2322,P02013,Yes,5502.00
303,1906,P04036,Yes,2352.00
304,2698,P02391,Yes,3113.00
305,1671,P01842,Yes,1010.00
306,1438,P04330,Yes,4833.00
307,2994,P02627,Yes,1089.00
308,1770,P03264,Yes,3740.00
309,1897,P01979,Yes,3277.00
310,1064,P04038,Yes,4484.00
311,2887,P03105,Yes,1564.00
312,1999,P00788,Yes,5103.00
313,2884,P00767,Yes,5429.00
314,2723,P03177,Yes,3658.00
315,2537,P01190,Yes,2241.00
316,2952,P02018,Yes,3429.00
317,1078,P00663,Yes,1635.00
318,2826,P02328,Yes,5463.00
319,2033,P04162,Yes,2079.00
320,2687,P02237,Yes,1836.00
321,2946,P01874,Yes,2075.00
322,2522,P04698,Yes,1236.00
323,2682,P00805,No,5298.00
324,2198,P02095,Yes,2200.00
325,1584,P01472,Yes,5834.00
326,1489,P02405,Yes,4977.00
327,2951,P03851,Yes,1320.00
328,2086,P01812,Yes,1073.00
329,2526,P02250,Yes,3121.00
330,2280,P00817,Yes,3385.00
331,2993,P02255,Yes,1517.00
332,1810,P04631,Yes,1918.00
333,2488,P00488,Yes,2404.00
334,2432,P03450,Yes,4095.00
335,2082,P04718,Yes,5495.00
336,1268,P03206,Yes,2608.00
337,1285,P03527,No,1567.00
338,1036,P01494,Yes,1640.00
339,2997,P00332,Yes,3379.00
340,1239,P01095,Yes,2587.00
341,2966,P04797,Yes,2663.00
342,1668,P01641,Yes,4101.00
343,2798,P01466,Yes,1626.00
344,2838,P01291,Yes,4931.00
345,2078,P01894,Yes,4206.00
346,1598,P01989,Yes,5083.00
347,1707,P03760,Yes,2148.00
348,2078,P03519,Yes,1271.00
349,2334,P02691,Yes,0.00
350,1267,P00347,Yes,1551.00
351,1676,P00419,Yes,4486.00
352,1135,P02585,Yes,5586.00
353,2290,P03469,Yes,1128.00
354,1547,P03181,Yes,2463.00
355,2044,P03294,Yes,3650.00
356,2016,P02464,Yes,2665.00
357,2732,P02716,Yes,3004.00
358,2307,P01903,Yes,5447.00
359,1627,P00849,Yes,1929.00
360,2435,P00344,Yes,5808.00
361,1599,P00542,Yes,2615.00
362,1339,P01293,Yes,5201.00
363,1722,P01098,Yes,2846.00
364,1231,P03344,Yes,2626.00
365,1086,P01342,Yes,3773.00
366,1934,P03056,Yes,3877.00
367,2471,P00985,Yes,1614.00
368,2907,P00631,Yes,5717.00
369,1016,P02248,Yes,5997.00
370,2413,P04128,Yes,5096.00
371,2611,P03269,Yes,1327.00
372,2196,P02082,Yes,2272.00
373,1317,P02913,Yes,0.00
374,2925,P00629,Yes,0.00
375,1318,P01528,Yes,5636.00
376,2652,P03128,Yes,3357.00
377,1616,P00064,Yes,1727.00
378,2256,P00892,Yes,2402.00
379,2023,P01523,Yes,1902.00
380,2587,P00050,Yes,1409.00
381,1745,P03673,No,5311.00
382,2563,P04461,Yes,3199.00
383,2407,P00389,Yes,3249.00
384,2120,P02747,Yes,1680.00
385,1385,P00876,Yes,1035.00
386,2089,P02981,Yes,5985.00
387,2545,P04137,Yes,4974.00
388,2697,P01331,Yes,5109.00
389,1424,P00071,Yes,4211.00
390,2714,P00859,Yes,2928.00
391,1532,P00368,Yes,5728.00
392,1701,P01632,Yes,5189.00
393,2932,P02172,Yes,2862.00
394,1338,P00747,Yes,2890.00
395,2566,P02801,Yes,3390.00
396,2156,P04860,Yes,2413.00
397,2678,P03467,Yes,5894.00
398,1292,P04484,Yes,2366.00
399,2710,P00074,Yes,2461.00
400,1962,P04437,Yes,1990.00
401,1794,P04361,Yes,4679.00
402,1273,P03879,Yes,4652.00
403,1206,P04057,Yes,2116.00
404,2644,P02582,No,5770.00
405,2868,P04904,Yes,1781.00
406,2636,P04322,Yes,4280.00
407,1720,P03881,Yes,4921.00
408,1003,P01869,Yes,2770.00
409,2808,P02037,Yes,3042.00
410,1744,P00698,Yes,2212.00
411,1013,P01195,Yes,1592.00
412,1506,P02559,Yes,2750.00
413,2885,P02680,Yes,1209.00
414,1110,P01600,Yes,0.00
415,2291,P01842,Yes,4215.00
416,2404,P00732,Yes,1729.00
417,1107,P03506,Yes,1054.00
418,1815,P01996,Yes,2293.00
419,2644,P02525,Yes,3792.00
420,2948,P03386,Yes,2993.00
421,1481,P00219,Yes,4259.00
422,2432,P02925,Yes,1051.00
423,2183,P00268,Yes,4980.00
424,1426,P03957,Yes,3706.00
425,2952,P00085,Yes,1851.00
426,1193,P04412,Yes,5738.00
427,2230,P02431,Yes,2031.00
428,2828,P02091,Yes,5965.00
429,1701,P02630,Yes,4784.00
430,1260,P01400,Yes,2897.00
431,2202,P02748,Yes,1989.00
432,1648,P00220,Yes,2541.00
433,1723,P03244,Yes,1893.00
434,2840,P04940,Yes,1989.00
435,1560,P03049,Yes,5281.00
436,2865,P01430,Yes,1177.00
437,1924,P04829,Yes,2788.00
438,1009,P03574,Yes,3584.00
439,1923,P04164,Yes,4332.00
440,2641,P04522,Yes,4001.00
441,2097,P01627,Yes,2433.00
442,2928,P03357,Yes,5464.00
443,2948,P00761,Yes,2343.00
444,1644,P01056,Yes,2110.00
445,2318,P04144,No,4469.00
446,1621,P04943,Yes,2868.00
447,1688,P01086,Yes,1090.00
448,1036,P03093,Yes,5462.00
449,1544,P00935,Yes,1401.00
450,2781,P02078,Yes,3614.00
451,1233,P03234,Yes,1133.00
452,2699,P00359,Yes,4011.00
453,1717,P00007,Yes,4237.00
454,1743,P02142,Yes,5849.00
455,2364,P02505,Yes,2949.00
456,2824,P03233,Yes,3636.00
457,2348,P02828,Yes,2563.00
458,1845,P03258,Yes,4630.00
459,2909,P01161,Yes,2814.00
460,1262,P02699,Yes,4696.00
461,1467,P04197,Yes,1752.00
462,1785,P02409,Yes,5027.00
463,2083,P03608,Yes,5944.00
464,2549,P01731,Yes,1695.00
465,2339,P01786,No,2753.00
466,2116,P00111,Yes,5653.00
467,2793,P02340,Yes,1498.00
468,1267,P04483,Yes,4018.00
469,2989,P00244,Yes,2003.00
470,2651,P02350,Yes,1132.00
471,2235,P00566,Yes,4736.00
472,1960,P04568,Yes,4845.00
473,2905,P03906,Yes,4211.00
474,1612,P03645,Yes,1376.00
475,2176,P01527,No,1897.00
476,1997,P00537,Yes,2317.00
477,1677,P02644,Yes,4838.00
478,2424,P04564,Yes,5248.00
479,2911,P03623,Yes,3839.00
480,2118,P01492,Yes,4380.00
481,1884,P02848,Yes,1111.00
482,1012,P03939,Yes,5625.00
483,1965,P00769,Yes,1329.00
484,2014,P03935,Yes,4399.00
485,2869,P04255,Yes,2267.00
486,1152,P03220,Yes,1934.00
487,1406,P02826,Yes,5582.00
488,1268,P00837,Yes,2078.00
489,2328,P01467,Yes,1062.00
490,1286,P03089,Yes,1649.00
491,2782,P01344,Yes,2639.00
492,1477,P00725,Yes,3938.00
493,1292,P04314,Yes,5633.00
494,1186,P02246,Yes,4527.00
495,1515,P03274,Yes,1704.00
496,1259,P04115,No,1658.00
497,1842,P00161,Yes,5300.00
498,2292,P00616,No,2415.00
499,2535,P01932,Yes,3909.00
500,1722,P01918,Yes,5703.00
501,2167,P01994,Yes,2453.00
502,2397,P02223,Yes,2328.00
503,1181,P03774,Yes,3279.00
504,1034,P01326,No,5598.00
505,1393,P00212,Yes,1769.00
506,2833,P04969,Yes,1286.00
507,2329,P04730,Yes,1807.00
508,2355,P01803,Yes,3111.00
509,1967,P03773,Yes,1916.00
510,1680,P03258,Yes,4959.00
511,2053,P02487,Yes,3037.00
512,1487,P04191,Yes,4305.00
513,1452,P01967,Yes,4088.00
514,2997,P04579,Yes,1130.00
515,1564,P01085,Yes,3435.00
516,2767,P02429,Yes,5844.00
517,1773,P00491,Yes,2534.00
518,2787,P04863,Yes,2898.00
519,2185,P04743,Yes,4095.00
520,2501,P01495,Yes,5564.00
521,2847,P00371,Yes,5079.00
522,1986,P04394,Yes,0.00
523,1149,P03548,Yes,3508.00
524,1666,P02787,Yes,5637.00
525,1999,P03256,Yes,1515.00
526,1876,P04955,Yes,5294.00
527,2020,P04949,Yes,1767.00
528,1699,P02668,Yes,1338.00
529,1901,P02460,No,0.00
530,2881,P03444,Yes,1266.00
531,1221,P02835,Yes,5723.00
532,1147,P03391,Yes,4158.00
533,1277,P00466,Yes,1787.00
534,2220,P00446,Yes,3375.00
535,2073,P04723,Yes,1373.00
536,1863,P01289,Yes,4418.00
537,1281,P04318,Yes,2407.00
538,2558,P00527,Yes,4557.00
539,2361,P00035,Yes,4225.00
540,2667,P01015,Yes,4015.00
541,1766,P02294,Yes,4959.00
542,1320,P04899,Yes,5952.00
543,1661,P04716,Yes,2224.00
544,2684,P01456,Yes,3680.00
545,1289,P00024,Yes,4395.00
546,1099,P01926,Yes,4418.00
547,2889,P03222,Yes,2127.00
548,2646,P00487,Yes,0.00
549,2186,P04090,Yes,5186.00
550,2555,P01216,Yes,4467.00
551,2759,P04557,Yes,4261.00
552,2143,P02379,Yes,1845.00
553,2739,P03391,Yes,3898.00
554,1570,P01967,Yes,1078.00
555,2366,P00630,Yes,5323.00
556,2652,P04878,Yes,1827.00
557,1124,P02351,Yes,3351.00
558,2567,P01924,Yes,3406.00
559,1349,P01522,Yes,1235.00
560,2062,P02665,Yes,2387.00
561,2097,P01827,Yes,5744.00
562,2271,P01286,Yes,4753.00
563,2616,P03065,Yes,1387.00
564,1183,P04514,Yes,1486.00
565,1817,P00384,Yes,0.00
566,1716,P02551,Yes,2704.00
567,1072,P03889,Yes,3206.00
568,1873,P00124,Yes,5389.00
569,1364,P02384,Yes,5159.00
570,2624,P04321,Yes,3108.00
571,1363,P01518,Yes,2351.00
572,1094,P02493,Yes,0.00
573,2256,P02191,Yes,1772.00
574,1136,P01454,Yes,1209.00
575,2256,P04172,Yes,5396.00
576,1770,P04255,Yes,2504.00
577,1386,P03433,Yes,4907.00
578,2603,P01289,Yes,5294.00
579,1080,P03590,Yes,1925.00
580,1310,P00898,Yes,5349.00
581,2267,P01044,Yes,2027.00
582,1723,P01161,Yes,3312.00
583,1912,P01089,Yes,3758.00
584,1715,P00418,Yes,1286.00
585,2755,P02943,Yes,5625.00
586,1995,P04876,Yes,5510.00
587,2011,P02313,Yes,5859.00
588,1235,P03107,Yes,0.00
589,1693,P04026,Yes,1441.00
590,1860,P04692,Yes,4946.00
591,2544,P03153,No,4058.00
592,2400,P00087,Yes,5896.00
593,2380,P04765,Yes,2585.00
594,2969,P01687,Yes,4410.00
595,2595,P04003,Yes,5225.00
596,1549,P02084,Yes,3873.00
597,2115,P01391,Yes,2243.00
598,2925,P01610,Yes,1003.00
599,2646,P02129,Yes,1930.00
600,2375,P04814,Yes,5912.00
601,2058,P03682,Yes,2740.00
602,2275,P03222,Yes,5855.00
603,1704,P01576,Yes,4596.00
604,2731,P03109,Yes,5920.00
605,1356,P00725,Yes,5636.00
606,1445,P01739,Yes,0.00
607,1721,P01831,Yes,5512.00
608,1915,P04939,Yes,4680.00
609,1112,P04970,Yes,1213.00
610,1103,P00435,Yes,5400.00
611,1214,P02137,No,1541.00
612,2848,P01312,Yes,3388.00
613,2003,P01913,Yes,3137.00
614,1605,P00910,Yes,1407.00
615,2599,P04535,Yes,1829.00
616,2589,P02648,Yes,4702.00
617,2112,P02174,Yes,3832.00
618,2094,P01852,Yes,3068.00
619,2201,P00236,No,1307.00
620,1461,P03259,Yes,4217.00
621,1628,P03143,Yes,4076.00
622,2445,P03327,Yes,3794.00
623,2889,P02237,Yes,3631.00
624,1103,P02074,Yes,3385.00
625,1350,P03225,Yes,5053.00
626,2400,P04089,Yes,4218.00
627,1645,P00274,Yes,0.00
628,1197,P04465,Yes,1757.00
629,1742,P04909,Yes,5671.00
630,2944,P02833,Yes,2138.00
631,2044,P02248,Yes,4991.00
632,2662,P01720,Yes,1988.00
633,1714,P04938,Yes,1006.00
634,2881,P00746,Yes,0.00
635,1464,P00857,Yes,1724.00
636,1670,P04112,Yes,2891.00
637,1152,P02617,Yes,3029.00
638,2462,P02018,Yes,2518.00
639,1206,P03320,Yes,4288.00
640,2135,P03209,No,2524.00
641,2146,P00199,Yes,5879.00
642,1483,P01069,Yes,5792.00
643,2858,P01317,Yes,1993.00
644,2252,P01576,Yes,2145.00
645,1226,P00306,Yes,4696.00
646,2089,P03462,Yes,3779.00
647,1074,P00016,Yes,2100.00
648,1437,P00822,Yes,5991.00
649,1530,P01351,Yes,4210.00
650,1666,P00296,Yes,2112.00
651,1325,P01383,Yes,1043.00
652,1293,P01025,Yes,3893.00
653,2482,P03773,Yes,1300.00
654,1723,P04767,Yes,3211.00
655,2197,P00225,Yes,1375.00
656,2188,P04628,Yes,1393.00
657,1027,P01369,Yes,2365.00
658,2107,P04828,Yes,5571.00
659,1554,P02828,Yes,5472.00
660,2101,P02416,Yes,2916.00
661,1686,P00686,Yes,2290.00
662,2208,P04601,Yes,4859.00
663,2748,P01014,Yes,5345.00
664,2167,P02205,Yes,1859.00
665,1596,P01373,Yes,5739.00
666,2055,P01531,Yes,1075.00
667,2224,P04637,Yes,3606.00
668,1757,P00404,Yes,5747.00
669,2437,P01891,Yes,2232.00
670,1806,P03039,Yes,4163.00
671,2734,P00815,Yes,1756.00
672,2800,P02840,Yes,2639.00
673,1580,P02128,Yes,4350.00
674,1443,P02962,Yes,2143.00
675,1318,P03011,Yes,1250.00
676,1412,P02627,Yes,5648.00
677,1672,P03499,Yes,1198.00
678,1907,P00149,Yes,5601.00
679,2407,P04283,Yes,4595.00
680,1681,P04253,Yes,1271.00
681,1398,P04519,Yes,5469.00
682,1154,P02728,Yes,1663.00
683,1254,P00413,Yes,1509.00
684,1091,P04716,Yes,2008.00
685,2657,P03670,Yes,3672.00
686,1196,P01908,No,4025.00
687,1652,P01586,Yes,3854.00
688,2372,P00667,Yes,3285.00
689,1557,P01108,Yes,1127.00
690,2862,P03079,Yes,1466.00
691,1643,P02607,Yes,4883.00
692,2260,P04703,Yes,4110.00
693,1060,P00148,Yes,4700.00
694,1381,P00837,Yes,5559.00
695,2887,P00597,Yes,5634.00
696,1033,P04591,Yes,2129.00
697,2110,P04982,Yes,3961.00
698,2086,P01402,Yes,4838.00
699,2293,P01483,Yes,1332.00
700,1302,P04836,Yes,0.00
701,2562,P03411,Yes,4608.00
702,1817,P02232,Yes,5607.00
703,2307,P04335,Yes,4890.00
704,1519,P02009,Yes,5097.00
705,2720,P00501,Yes,2542.00
706,1829,P04505,Yes,4153.00
707,1000,P01452,No,2383.00
708,2695,P03530,Yes,3079.00
709,2396,P01927,Yes,2290.00
710,1998,P01109,Yes,1319.00
711,1103,P02769,Yes,5900.00
712,2655,P03941,Yes,3800.00
713,1658,P00645,Yes,1717.00
714,1232,P01017,No,1691.00
715,2309,P04562,Yes,1484.00
716,2612,P00451,Yes,3551.00
717,2620,P02494,Yes,5888.00
718,2118,P04289,Yes,2798.00
719,2024,P01363,Yes,4262.00
720,2569,P02616,No,1141.00
721,1569,P04393,Yes,5322.00
722,2435,P00236,Yes,3403.00
723,2740,P01725,Yes,2475.00
724,2791,P04398,Yes,3679.00
725,1526,P02478,Yes,4137.00
726,2262,P02589,Yes,2173.00
727,1545,P03236,Yes,0.00
728,2372,P02072,Yes,2255.00
729,2145,P01566,Yes,4661.00
730,2522,P04778,Yes,5090.00
731,1154,P02460,Yes,3925.00
732,1931,P00213,Yes,2936.00
733,1074,P01043,Yes,1122.00
734,2223,P01344,Yes,3267.00
735,1214,P02433,Yes,2760.00
736,1406,P00006,Yes,1323.00
737,2555,P00586,Yes,4793.00
738,1700,P04119,Yes,2743.00
739,2989,P01553,Yes,2820.00
740,2236,P01810,Yes,5050.00
741,1519,P02630,Yes,3727.00
742,2245,P04586,Yes,5764.00
743,2998,P00636,Yes,5430.00
744,1618,P04465,Yes,2843.00
745,1911,P04429,Yes,5752.00
746,2593,P04481,Yes,1645.00
747,2099,P03148,Yes,1413.00
748,2461,P01638,Yes,0.00
749,2055,P01044,Yes,3493.00
750,1240,P00885,Yes,1481.00
751,2309,P03505,Yes,1265.00
752,1815,P02451,Yes,2665.00
753,2634,P02787,Yes,1874.00
754,1798,P00323,Yes,5864.00
755,2409,P00824,Yes,2093.00
756,2469,P01922,Yes,4198.00
757,1548,P01698,Yes,3938.00
758,2931,P01215,Yes,4901.00
759,2969,P01337,Yes,5928.00
760,2908,P00421,Yes,3934.00
761,1576,P02090,Yes,1239.00
762,2776,P04603,Yes,2831.00
763,2843,P03581,Yes,4212.00
764,2484,P02312,Yes,2177.00
765,1076,P00429,Yes,4039.00
766,1787,P02857,Yes,4882.00
767,1539,P02976,Yes,4080.00
768,1497,P03671,Yes,3298.00
769,2155,P00239,Yes,0.00
770,1503,P02371,Yes,4105.00
771,1612,P04754,Yes,4777.00
772,2528,P01411,Yes,5707.00
773,1277,P01539,Yes,1009.00
774,2074,P02078,Yes,3540.00
775,1690,P04300,Yes,1515.00
776,1844,P04370,Yes,2262.00
777,1267,P00504,Yes,2279.00
778,2283,P04515,Yes,2759.00
779,2790,P03891,Yes,5284.00
780,1703,P02073,Yes,5715.00
781,2534,P03225,Yes,0.00
782,2352,P02740,Yes,3825.00
783,1846,P03839,Yes,3646.00
784,2346,P00704,No,3505.00
785,2565,P04387,Yes,5871.00
786,1185,P03582,Yes,4679.00
787,2243,P02201,Yes,0.00
788,2202,P01835,Yes,4618.00
789,1104,P02004,Yes,1005.00
790,2002,P04420,Yes,3996.00
791,1691,P02630,Yes,1652.00
792,2953,P01559,Yes,3984.00
793,1018,P02478,Yes,5714.00
794,1963,P00105,Yes,3488.00
795,2650,P02361,Yes,0.00
796,1264,P04550,Yes,1100.00
797,2318,P00393,Yes,5413.00
798,2479,P01869,Yes,3600.00
799,1545,P01513,Yes,1418.00
800,2374,P01461,Yes,1900.00
801,1256,P00501,Yes,3656.00
802,2475,P02968,Yes,4945.00
803,1792,P00458,Yes,0.00
804,2626,P02340,Yes,5052.00
805,2825,P04415,Yes,4796.00
806,2251,P00121,Yes,1165.00
807,1747,P00377,Yes,2657.00
808,2560,P01240,Yes,4084.00
809,2195,P03146,Yes,5608.00
810,2603,P01764,Yes,1979.00
811,2986,P01164,Yes,2957.00
812,1796,P04975,No,1197.00
813,1389,P04583,Yes,0.00
814,1482,P00020,Yes,5931.00
815,2677,P00045,Yes,4762.00
816,2195,P02289,Yes,3223.00
817,2447,P00064,Yes,4741.00
818,1812,P03421,Yes,4346.00
819,1892,P01414,Yes,2967.00
820,2656,P03971,Yes,3260.00
821,2467,P04186,Yes,1428.00
822,2414,P03883,Yes,3629.00
823,2438,P01422,Yes,2970.00
824,2413,P04840,Yes,4295.00
825,2302,P00519,Yes,5192.00
826,2987,P01471,Yes,4496.00
827,1479,P01977,Yes,2768.00
828,2447,P00819,Yes,1243.00
829,1158,P00239,Yes,4553.00
830,2986,P04839,Yes,1149.00
831,2408,P01622,Yes,1712.00
832,2903,P01451,Yes,4553.00
833,1577,P03927,Yes,3600.00
834,2678,P03393,Yes,2567.00
835,1182,P03303,Yes,4783.00
836,1017,P03193,No,1357.00
837,2774,P04511,Yes,3376.00
838,2096,P04068,Yes,1056.00
839,1523,P00544,Yes,4233.00
840,1498,P01024,Yes,5924.00
841,1282,P04054,Yes,2634.00
842,1541,P00904,Yes,1155.00
843,1945,P03238,Yes,5102.00
844,2692,P00691,Yes,2120.00
845,2545,P02328,Yes,5052.00
846,2139,P02833,Yes,4641.00
847,1599,P01263,Yes,4763.00
848,1450,P03344,Yes,2761.00
849,2734,P03029,Yes,5938.00
850,1785,P03990,Yes,4668.00
851,1611,P01356,Yes,2777.00
852,2154,P04876,Yes,1343.00
853,1991,P04992,Yes,5649.00
854,2937,P03878,Yes,3027.00
855,2849,P02090,Yes,5360.00
856,1178,P02277,Yes,1183.00
857,2009,P00843,Yes,2530.00
858,2919,P00501,Yes,1951.00
859,2600,P00673,Yes,5178.00
860,2837,P01958,Yes,3584.00
861,1602,P02829,Yes,5730.00
862,2288,P00548,Yes,3175.00
863,2885,P04233,Yes,3315.00
864,2989,P00888,Yes,3012.00
865,2692,P01270,Yes,5523.00
866,1960,P00814,Yes,2697.00
867,2043,P01054,Yes,2519.00
868,1323,P02929,Yes,1693.00
869,2542,P04703,No,3848.00
870,1080,P01745,Yes,4329.00
871,2420,P02379,Yes,0.00
872,1672,P01886,Yes,3341.00
873,1825,P01006,Yes,4956.00
874,2477,P01325,Yes,5317.00
875,1013,P04518,Yes,3238.00
876,2879,P02308,Yes,5085.00
877,2595,P01731,Yes,2100.00
878,1046,P02798,Yes,5008.00
879,2085,P03673,Yes,5403.00
880,2311,P00187,Yes,1312.00
881,2786,P03141,Yes,5639.00
882,2279,P02282,Yes,3896.00
883,1220,P04915,Yes,1163.00
884,2791,P01487,Yes,3429.00
885,2022,P03172,Yes,4189.00
886,2777,P02420,Yes,2565.00
887,2743,P03110,Yes,4766.00
888,1027,P04505,Yes,1069.00
889,1537,P04570,Yes,5614.00
890,1185,P00039,Yes,5292.00
891,1338,P04432,Yes,3100.00
892,2107,P00303,Yes,0.00
893,1845,P02114,Yes,1068.00
894,2732,P00425,No,4500.00
895,2417,P00563,Yes,3495.00
896,2183,P00326,Yes,1605.00
897,1696,P04830,Yes,2703.00
898,2438,P03996,Yes,1306.00
899,1834,P04329,Yes,2556.00
900,1002,P01697,Yes,5201.00
901,2388,P02823,Yes,1997.00
902,1315,P03396,Yes,1716.00
903,2873,P00711,Yes,1194.00
904,1531,P02164,Yes,1051.00
905,1089,P00506,Yes,2994.00
906,1586,P00846,Yes,2609.00
907,2838,P02814,Yes,2268.00
908,1999,P00839,Yes,1880.00
909,2978,P03532,Yes,5954.00
910,2952,P00795,Yes,5746.00
911,2874,P04143,Yes,2394.00
912,1300,P04954,Yes,2902.00
913,2658,P03012,Yes,5517.00
914,2567,P04745,Yes,4691.00
915,2310,P04487,Yes,5191.00
916,1454,P03759,Yes,3049.00
917,2848,P01629,Yes,4576.00
918,1008,P00053,Yes,3273.00
919,1683,P02110,Yes,0.00
920,2212,P02994,Yes,5393.00
921,2992,P00778,Yes,2494.00
922,1271,P00570,Yes,1704.00
923,2989,P03300,Yes,1834.00
924,1251,P02366,Yes,4522.00
925,2956,P03241,Yes,3219.00
926,2072,P03989,Yes,4003.00
927,1899,P02613,Yes,4672.00
928,2095,P01011,Yes,1221.00
929,1773,P01054,Yes,0.00
930,2172,P01633,Yes,3829.00
931,1603,P04063,Yes,3071.00
932,1327,P04544,Yes,4624.00
933,2574,P03552,No,3642.00
934,1162,P02062,Yes,2460.00
935,2673,P03254,Yes,2661.00
936,1648,P03068,Yes,1489.00
937,1585,P04657,Yes,2761.00
938,2855,P00098,Yes,5272.00
939,1438,P02562,Yes,5693.00
940,2686,P01638,Yes,4594.00
941,2025,P03295,Yes,1023.00
942,1361,P00104,Yes,4060.00
943,1543,P03248,Yes,4318.00
944,1183,P02365,Yes,2668.00
945,2049,P04006,No,3415.00
946,2276,P02891,Yes,2656.00
947,1305,P04495,Yes,5452.00
948,1932,P01623,Yes,5479.00
949,1209,P03088,Yes,4952.00
950,1477,P03613,Yes,2031.00
951,2603,P01219,Yes,4437.00
952,1750,P03228,No,1350.00
953,1116,P02212,Yes,1457.00
954,2958,P02548,Yes,3288.00
955,2680,P00393,Yes,1184.00
956,2556,P04346,Yes,4059.00
957,1350,P04931,Yes,1642.00
958,1890,P04040,Yes,4995.00
959,1971,P04767,Yes,5352.00
960,1252,P01738,Yes,5108.00
961,1405,P00848,Yes,4080.00
962,1661,P04937,Yes,1029.00
963,2159,P02103,Yes,5002.00
964,1213,P03663,Yes,4810.00
965,2600,P00970,Yes,1295.00
966,1730,P04228,Yes,2630.00
967,2882,P01705,Yes,5443.00
968,1033,P04423,Yes,1494.00
969,1185,P01436,Yes,5465.00
970,1692,P02047,Yes,4088.00
971,1931,P01433,Yes,4369.00
972,2078,P00434,Yes,1618.00
973,2200,P04409,Yes,5229.00
974,2736,P01526,Yes,5456.00
975,2874,P02104,Yes,4708.00
976,2738,P02127,Yes,4615.00
977,2156,P03715,Yes,1121.00
978,2745,P03180,Yes,2815.00
979,2440,P04963,Yes,2228.00
980,2999,P00131,Yes,2271.00
981,2141,P03350,Yes,2686.00
982,2593,P04941,Yes,1468.00
983,2249,P00681,Yes,2811.00
984,1284,P03082,Yes,5286.00
985,1457,P02924,Yes,0.00
986,2580,P00811,Yes,1354.00
987,1225,P01727,Yes,3242.00
988,1801,P01049,Yes,2252.00
989,2854,P01365,Yes,1014.00
990,1867,P02663,Yes,0.00
991,2538,P04295,Yes,1971.00
992,2247,P01602,Yes,1515.00
993,1719,P02501,Yes,5284.00
994,1023,P02466,Yes,3513.00
995,1242,P02100,Yes,4557.00
996,1946,P01299,Yes,3137.00
997,1422,P04851,Yes,2128.00
998,2183,P03346,Yes,5371.00
999,2994,P02913,Yes,4741.00
1000,2243,P02515,Yes,3022.00
1001,1028,P04668,Yes,4438.00
1002,1394,P01069,Yes,5516.00
1003,1598,P01485,Yes,1800.00
1004,1549,P02884,Yes,1852.00
1005,2930,P03014,Yes,4165.00
1006,2385,P01122,Yes,4294.00
1007,2181,P04004,Yes,5953.00
1008,2819,P01005,Yes,2650.00
1009,1380,P00784,Yes,5536.00
1010,1473,P04197,Yes,2692.00
1011,1992,P03146,Yes,2516.00
1012,1696,P03391,Yes,2746.00
1013,2212,P01704,Yes,5191.00
1014,2497,P03704,Yes,3588.00
1015,1638,P02002,Yes,2014.00
1016,1912,P03139,Yes,1996.00
1017,1169,P00385,Yes,4443.00
1018,2038,P03438,Yes,2774.00
1019,1862,P00577,Yes,5268.00
1020,2162,P03633,Yes,0.00
1021,1546,P00647,Yes,3444.00
1022,1719,P01820,Yes,1012.00
1023,1912,P00353,Yes,2019.00
1024,2775,P01071,Yes,2912.00
1025,1695,P02230,Yes,1037.00
1026,1247,P04546,Yes,3374.00
1027,1954,P01057,Yes,2056.00
1028,1046,P01076,Yes,2636.00
1029,2069,P03389,Yes,1943.00
1030,2616,P04223,Yes,1621.00
1031,1905,P03483,Yes,2071.00
1032,1636,P00397,Yes,5749.00
1033,1203,P04663,Yes,3378.00
1034,2565,P04991,Yes,5645.00
1035,1764,P03845,Yes,5450.00
1036,1359,P03284,Yes,5098.00
1037,2768,P03345,Yes,4468.00
1038,2443,P02951,Yes,1204.00
1039,2596,P03688,Yes,1508.00
1040,2567,P02750,Yes,3994.00
1041,2190,P01425,Yes,5619.00
1042,1716,P02177,Yes,2687.00
1043,2008,P01192,Yes,2564.00
1044,2523,P03981,Yes,4863.00
1045,1110,P01436,Yes,2242.00
1046,1119,P01403,Yes,5419.00
1047,1901,P01221,Yes,5007.00
1048,2092,P04004,Yes,1662.00
1049,2788,P00449,Yes,0.00
1050,1062,P00987,Yes,1630.00
1051,1305,P01598,Yes,2302.00
1052,1102,P04120,Yes,4533.00
1053,2810,P00716,Yes,4764.00
1054,2663,P03107,Yes,1463.00
1055,2244,P04940,Yes,1491.00
1056,1433,P00180,Yes,4007.00
1057,2245,P01818,Yes,2050.00
1058,2671,P01426,Yes,1629.00
1059,1307,P00343,Yes,1294.00
1060,2193,P03953,Yes,4420.00
1061,2739,P00783,Yes,4255.00
1062,1360,P03891,Yes,4061.00
1063,2913,P03112,Yes,5568.00
1064,2378,P04929,No,5321.00
1065,2968,P03613,Yes,3469.00
1066,1888,P01612,Yes,3720.00
1067,2248,P01364,Yes,2677.00
1068,2121,P00555,Yes,5661.00
1069,2342,P00615,Yes,2662.00
1070,1376,P03066,Yes,4125.00
1071,1126,P02642,Yes,4371.00
1072,2943,P00256,Yes,2871.00
1073,2033,P01186,Yes,3291.00
1074,1526,P02612,Yes,2257.00
1075,2329,P03715,Yes,4629.00
1076,2136,P00257,Yes,4562.00
1077,1433,P01593,Yes,2838.00
1078,2091,P04042,Yes,3237.00
1079,2907,P01894,Yes,5523.00
1080,1946,P04457,Yes,4592.00
1081,1563,P04372,Yes,4904.00
1082,2834,P00941,Yes,2189.00
1083,1105,P02078,Yes,3390.00
1084,1075,P02229,Yes,2559.00
1085,2707,P03215,Yes,2821.00
1086,2892,P03539,Yes,3938.00
1087,2496,P01933,Yes,2042.00
1088,2029,P04419,Yes,1188.00
1089,2207,P03279,Yes,5833.00
1090,2397,P03129,Yes,4347.00
1091,2111,P04662,No,1968.00
1092,1705,P02390,Yes,4812.00
1093,2938,P03871,Yes,5313.00
1094,1362,P00499,Yes,2467.00
1095,2606,P01335,Yes,5109.00
1096,1834,P04356,Yes,5014.00
1097,1263,P01083,Yes,1285.00
1098,1742,P00545,Yes,2185.00
1099,2719,P00784,Yes,2215.00
1100,2456,P03498,Yes,0.00
1101,2964,P03503,Yes,5678.00
1102,2859,P03428,Yes,2480.00
1103,1208,P00550,Yes,2313.00
1104,2312,P01725,Yes,1546.00
1105,2797,P03189,Yes,5681.00
1106,2886,P03960,Yes,5712.00
1107,2538,P00751,Yes,4981.00
1108,2560,P04824,Yes,1427.00
1109,2610,P04736,Yes,1924.00
1110,2097,P02372,Yes,5411.00
1111,1240,P00713,Yes,3881.00
1112,2433,P00920,Yes,5018.00
1113,2892,P00496,Yes,5697.00
1114,1673,P03883,Yes,3693.00
1115,2756,P03153,Yes,2789.00
1116,2732,P03361,Yes,1938.00
1117,1401,P03517,Yes,4218.00
1118,2570,P01177,Yes,1711.00
1119,1536,P01643,Yes,2214.00
1120,1245,P03419,Yes,5832.00
1121,2364,P00471,Yes,3355.00
1122,1625,P00952,Yes,3482.00
1123,1592,P02077,Yes,3898.00
1124,1986,P01291,Yes,3060.00
1125,1532,P01239,Yes,1913.00
1126,1100,P02214,Yes,1775.00
1127,1660,P04670,Yes,1875.00
1128,1794,P03431,Yes,1825.00
1129,1902,P00881,Yes,2634.00
1130,1411,P02233,Yes,1172.00
1131,1837,P02502,Yes,2687.00
1132,1533,P03565,Yes,5843.00
1133,1171,P03919,Yes,2381.00
1134,1570,P00020,Yes,1742.00
1135,1977,P02685,Yes,3231.00
1136,2307,P02659,Yes,5314.00
1137,1203,P00864,Yes,1796.00
1138,1282,P00185,Yes,4693.00
1139,2068,P03150,Yes,1612.00
1140,2203,P00061,Yes,4332.00
1141,1691,P00772,Yes,1798.00
1142,2634,P03402,Yes,2227.00
1143,1242,P02370,Yes,1050.00
1144,1799,P02488,Yes,1237.00
1145,2253,P02353,Yes,5379.00
1146,1760,P02217,Yes,4093.00
1147,2282,P00170,Yes,5502.00
1148,1977,P04822,Yes,2826.00
1149,1531,P02692,Yes,5185.00
1150,2769,P00363,Yes,3824.00
1151,2678,P04340,Yes,3580.00
1152,1414,P01810,Yes,2454.00
1153,1467,P04807,Yes,1305.00
1154,1083,P00151,Yes,1975.00
1155,1531,P02916,Yes,2189.00
1156,1810,P02845,Yes,4292.00
1157,1486,P00186,Yes,2363.00
1158,2415,P01611,Yes,3397.00
1159,1372,P02617,Yes,2006.00
1160,2930,P00154,Yes,2448.00
1161,2801,P00440,Yes,1322.00
1162,2424,P04295,No,4072.00
1163,1458,P04225,Yes,2936.00
1164,2731,P01463,Yes,2497.00
1165,2894,P01450,Yes,3195.00
1166,2385,P04406,Yes,2346.00
1167,2032,P04639,No,4668.00
1168,1402,P04445,Yes,4088.00
1169,1021,P04567,Yes,1300.00
1170,1705,P03281,Yes,1646.00
1171,2663,P00809,Yes,1701.00
1172,1187,P01590,Yes,1267.00
1173,1632,P00982,Yes,1089.00
1174,2802,P04004,Yes,3253.00
1175,2530,P04585,Yes,2837.00
1176,2667,P00774,Yes,1910.00
1177,2460,P04705,Yes,2589.00
1178,2602,P00260,Yes,4885.00
1179,1112,P01957,Yes,2307.00
1180,2115,P03627,Yes,5343.00
1181,1247,P02092,Yes,3778.00
1182,1488,P00987,Yes,2460.00
1183,1998,P00233,Yes,1767.00
1184,2663,P03867,Yes,4255.00
1185,1859,P03270,Yes,5140.00
1186,2953,P02092,Yes,2405.00
1187,1513,P00383,No,4288.00
1188,2691,P00556,Yes,2800.00
1189,2494,P04809,Yes,5246.00
1190,1238,P03891,Yes,1272.00
1191,1674,P02453,Yes,3328.00
1192,1179,P00787,Yes,1001.00
1193,1776,P00685,Yes,2767.00
1194,1051,P00286,Yes,4667.00
1195,1442,P03024,Yes,5421.00
1196,1674,P02432,Yes,3978.00
1197,2559,P01543,Yes,5695.00
1198,1416,P04797,Yes,2416.00
1199,1448,P01469,Yes,2980.00
1200,1526,P01067,Yes,4877.00
1201,2482,P00753,Yes,1548.00
1202,2709,P02496,Yes,1354.00
1203,2361,P02623,Yes,4789.00
1204,1331,P04127,Yes,1221.00
1205,2051,P04630,Yes,1486.00
1206,2244,P02572,Yes,5103.00
1207,2551,P00948,Yes,5207.00
1208,1253,P04065,Yes,3179.00
1209,2075,P04167,Yes,3500.00
1210,2155,P00848,Yes,1668.00
1211,1306,P02750,Yes,5583.00
1212,1932,P01086,Yes,4182.00
1213,1744,P04506,Yes,3898.00
1214,2597,P04669,Yes,3327.00
1215,2263,P01649,Yes,3671.00
1216,1406,P02569,Yes,5741.00
1217,2613,P04203,Yes,4938.00
1218,1428,P04031,Yes,2186.00
1219,2894,P01937,Yes,3610.00
1220,1378,P02103,Yes,3430.00
1221,1731,P04882,Yes,2566.00
1222,1893,P00514,Yes,4176.00
1223,1139,P02760,Yes,5626.00
1224,2340,P02396,Yes,1342.00
1225,1980,P03100,Yes,4210.00
1226,1552,P00489,Yes,2710.00
1227,1936,P03990,Yes,2027.00
1228,2303,P02841,Yes,5018.00
1229,1830,P04433,Yes,5410.00
1230,2697,P04475,Yes,5142.00
1231,1689,P01431,Yes,2242.00
1232,2655,P02715,Yes,5596.00
1233,1610,P01630,Yes,3281.00
1234,2194,P01727,Yes,4137.00
1235,1075,P03432,Yes,4559.00
1236,1338,P03867,Yes,2619.00
1237,2324,P03092,Yes,1975.00
1238,1539,P02713,Yes,1054.00
1239,2013,P02972,Yes,4529.00
1240,1734,P01998,Yes,2356.00
1241,2999,P02775,Yes,3526.00
1242,2074,P01238,Yes,1230.00
1243,1805,P03004,Yes,4841.00
1244,1313,P01466,Yes,1630.00
1245,2760,P02451,Yes,3733.00
1246,2009,P04090,Yes,3779.00
1247,2403,P03085,Yes,1215.00
1248,2569,P02060,Yes,2111.00
1249,1733,P02120,Yes,1872.00
1250,2246,P01881,Yes,4119.00
1251,1641,P03351,Yes,1314.00
1252,2296,P02124,Yes,3366.00
1253,2277,P02355,Yes,4841.00
1254,2189,P04087,Yes,1743.00
1255,2322,P01982,Yes,2373.00
1256,2417,P04212,Yes,4472.00
1257,1133,P01311,Yes,1234.00
1258,2363,P02588,Yes,3340.00
1259,1162,P01609,Yes,1003.00
1260,2609,P01943,Yes,4563.00
1261,1533,P04901,Yes,5460.00
1262,1406,P03373,Yes,5241.00
1263,2854,P02765,Yes,1543.00
1264,1314,P01010,Yes,3515.00
1265,1378,P00429,Yes,2998.00
1266,1126,P04571,Yes,1622.00
1267,1469,P00614,Yes,1685.00
1268,1933,P01517,Yes,2159.00
1269,2794,P02554,Yes,5908.00
1270,1721,P03678,Yes,5000.00
1271,1157,P01779,Yes,2150.00
1272,2432,P03695,Yes,2689.00
1273,1049,P01072,Yes,0.00
1274,2462,P00226,Yes,5958.00
1275,2436,P01467,No,1331.00
1276,1605,P01994,Yes,2137.00
1277,1801,P04900,Yes,4844.00
1278,1459,P02706,Yes,5271.00
1279,2756,P01754,Yes,2118.00
1280,1401,P02904,Yes,2684.00
1281,2229,P01209,Yes,5682.00
1282,1257,P02532,Yes,1652.00
1283,1576,P03346,Yes,2334.00
1284,2403,P02186,Yes,1832.00
1285,1322,P04418,Yes,3656.00
1286,1926,P00997,Yes,1261.00
1287,2218,P02971,Yes,1995.00
1288,2636,P04550,Yes,4872.00
1289,1747,P01826,Yes,1546.00
1290,2754,P03614,Yes,2439.00
1291,1226,P01372,Yes,2149.00
1292,1350,P03328,Yes,3607.00
1293,1656,P04560,Yes,2814.00
1294,2953,P00720,Yes,3021.00
1295,2515,P02186,Yes,1928.00
1296,2428,P02892,Yes,4378.00
1297,1556,P04048,Yes,1032.00
1298,1552,P04685,Yes,2321.00
1299,2064,P04573,No,2775.00
1300,1210,P01697,Yes,4824.00
1301,1339,P02832,Yes,4245.00
1302,2320,P02163,Yes,0.00
1303,1773,P00752,Yes,5430.00
1304,2233,P00047,Yes,4553.00
1305,1179,P03167,Yes,2983.00
1306,2181,P01972,Yes,2718.00
1307,1174,P01381,Yes,4664.00
1308,1335,P00564,Yes,1938.00
1309,2297,P03588,Yes,2913.00
1310,2590,P03933,Yes,1484.00
1311,2956,P00102,No,1293.00
1312,1177,P04317,Yes,4922.00
1313,2030,P00223,Yes,2224.00
1314,1634,P01083,Yes,4940.00
1315,2904,P01057,Yes,3739.00
1316,2567,P01566,Yes,3463.00
1317,2017,P02796,Yes,2564.00
1318,1881,P00982,Yes,2588.00
1319,1359,P04317,Yes,1734.00
1320,1549,P00424,Yes,1136.00
1321,2532,P00387,Yes,5965.00
1322,2256,P01725,Yes,2462.00
1323,1271,P04371,Yes,3093.00
1324,1533,P00848,Yes,5530.00
1325,2513,P04256,Yes,4820.00
1326,2192,P03708,Yes,2162.00
1327,2287,P03444,Yes,3413.00
1328,2927,P02201,Yes,1619.00
1329,2463,P00896,Yes,5457.00
1330,2967,P04019,Yes,4960.00
1331,2458,P03763,Yes,5210.00
1332,2213,P04240,Yes,1554.00
1333,1308,P02278,Yes,2115.00
1334,2582,P02488,Yes,4136.00
1335,1181,P02229,Yes,3526.00
1336,2425,P00757,Yes,5743.00
1337,2030,P00178,Yes,2170.00
1338,2793,P03154,Yes,4478.00
1339,1424,P02571,Yes,3690.00
1340,2823,P04375,Yes,1117.00
1341,1814,P00364,Yes,5013.00
1342,2398,P02017,No,5478.00
1343,1507,P01687,No,3890.00
1344,1967,P04198,Yes,5727.00
1345,1112,P00771,Yes,4023.00
1346,2023,P04070,Yes,4123.00
1347,1911,P00057,Yes,4583.00
1348,1197,P04913,Yes,3926.00
1349,1175,P02151,Yes,3604.00
1350,1360,P01344,Yes,3329.00
1351,1651,P03963,No,5879.00
1352,1212,P02349,Yes,1494.00
1353,2617,P01527,Yes,2901.00
1354,2575,P02026,Yes,5455.00
1355,1609,P01614,Yes,5711.00
1356,1766,P00619,Yes,4897.00
1357,2467,P01525,Yes,0.00
1358,2167,P02965,No,1946.00
1359,1356,P00406,Yes,1631.00
1360,2766,P02425,Yes,1843.00
1361,1283,P03225,Yes,1691.00
1362,1224,P03333,Yes,4431.00
1363,1248,P02987,Yes,3952.00
1364,2052,P01249,Yes,1679.00
1365,2141,P00249,Yes,5978.00
1366,1819,P02938,Yes,2071.00
1367,1523,P03270,Yes,4208.00
1368,2039,P02036,Yes,2302.00
1369,2866,P03130,Yes,3451.00
1370,2159,P00378,Yes,4008.00
1371,1345,P00139,Yes,5511.00
1372,2253,P04656,Yes,2893.00
1373,1466,P03041,Yes,5512.00
1374,1295,P00405,Yes,3281.00
1375,2152,P00661,Yes,5453.00
1376,1049,P04193,Yes,2647.00
1377,2537,P03424,Yes,5236.00
1378,1479,P00474,Yes,5513.00
1379,1135,P04434,Yes,4224.00
1380,2316,P04695,Yes,5830.00
1381,2366,P04416,Yes,3108.00
1382,2153,P01474,Yes,3429.00
1383,1796,P01399,Yes,5490.00
1384,2238,P02469,Yes,1400.00
1385,1519,P01813,Yes,3879.00
1386,2461,P04337,Yes,2199.00
1387,1437,P03887,Yes,3158.00
1388,1882,P02487,Yes,2360.00
1389,1104,P00142,Yes,5703.00
1390,1966,P03903,Yes,5900.00
1391,1340,P03711,Yes,4172.00
1392,1153,P02033,Yes,5579.00
1393,2406,P00832,Yes,3762.00
1394,1977,P00546,Yes,4372.00
1395,2831,P04919,Yes,4361.00
1396,2753,P00517,Yes,3907.00
1397,2690,P03152,Yes,2595.00
1398,2894,P03456,Yes,1086.00
1399,1775,P00815,Yes,2373.00
1400,2042,P03173,Yes,5305.00
1401,1624,P04904,Yes,1601.00
1402,1412,P01271,Yes,2249.00
1403,1707,P02985,Yes,2619.00
1404,1597,P01159,Yes,5589.00
1405,2445,P04183,Yes,0.00
1406,2426,P03006,Yes,1987.00
1407,2905,P03448,Yes,1040.00
1408,1598,P04153,Yes,2587.00
1409,2489,P00846,Yes,2672.00
1410,2815,P01327,Yes,5272.00
1411,2063,P02672,Yes,2607.00
1412,2578,P03513,Yes,3058.00
1413,1252,P02579,Yes,4410.00
1414,2280,P00214,Yes,2387.00
1415,2227,P00349,Yes,3954.00
1416,2009,P04516,Yes,1872.00
1417,1117,P01460,Yes,1311.00
1418,2308,P00843,Yes,5365.00
1419,2126,P03791,Yes,5084.00
1420,2029,P04835,Yes,2937.00
1421,1797,P00062,Yes,2688.00
1422,1943,P00933,Yes,5328.00
1423,2467,P01524,Yes,2919.00
1424,2769,P04966,Yes,0.00
1425,2073,P02073,Yes,5656.00
1426,1511,P01619,Yes,2971.00
1427,1650,P00599,Yes,1864.00
1428,2651,P03511,Yes,3059.00
1429,1700,P00912,Yes,1237.00
1430,1828,P00345,Yes,4179.00
1431,1598,P00210,Yes,4620.00
1432,1283,P02018,Yes,4725.00
1433,2295,P04237,Yes,4820.00
1434,1610,P00783,Yes,0.00
1435,2241,P02976,Yes,4633.00
1436,2842,P04769,Yes,3440.00
1437,1166,P01695,Yes,4444.00
1438,2291,P01209,Yes,4201.00
1439,2054,P01372,Yes,1053.00
1440,2437,P02238,Yes,1042.00
1441,1764,P01609,Yes,1033.00
1442,1665,P01675,Yes,4192.00
1443,2065,P02025,Yes,4090.00
1444,1161,P03981,Yes,1150.00
1445,2189,P00268,Yes,1172.00
1446,2079,P04892,Yes,0.00
1447,2744,P01917,Yes,0.00
1448,1273,P02394,Yes,3294.00
1449,1132,P04779,Yes,4923.00
1450,1239,P04907,Yes,5568.00
1451,2317,P00513,Yes,1900.00
1452,2279,P04610,Yes,4865.00
1453,2750,P02559,Yes,3617.00
1454,1559,P04544,Yes,4337.00
1455,2580,P03690,Yes,3912.00
1456,1273,P01203,Yes,4000.00
1457,2094,P01958,No,4540.00
1458,2831,P02708,Yes,5532.00
1459,1458,P04533,Yes,3438.00
1460,2989,P02110,Yes,1144.00
1461,2339,P04963,Yes,3616.00
1462,2540,P02543,Yes,0.00
1463,1122,P00861,Yes,1358.00
1464,1268,P02493,Yes,2094.00
1465,1443,P03913,Yes,1694.00
1466,2151,P02233,Yes,5117.00
1467,2238,P01188,Yes,5960.00
1468,1611,P03967,Yes,5996.00
1469,2889,P04164,Yes,1678.00
1470,1608,P04845,Yes,5847.00
1471,2251,P01777,Yes,3326.00
1472,2850,P03487,Yes,5526.00
1473,2605,P02908,Yes,1996.00
1474,2345,P00470,Yes,2714.00
1475,2252,P04627,No,2270.00
1476,2751,P02919,Yes,5437.00
1477,2896,P00446,Yes,5011.00
1478,1511,P01914,Yes,2593.00
1479,2841,P00655,Yes,3201.00
1480,2729,P02861,Yes,3125.00
1481,1182,P04181,Yes,3169.00
1482,1466,P02367,Yes,4939.00
1483,2477,P02284,Yes,2115.00
1484,1656,P00197,Yes,1548.00
1485,1788,P02242,Yes,1414.00
1486,1532,P00779,Yes,3649.00
1487,1453,P02506,Yes,1748.00
1488,1279,P04588,Yes,3809.00
1489,1551,P00907,Yes,1519.00
1490,2717,P01953,Yes,2375.00
1491,2205,P00068,Yes,3220.00
1492,1430,P04885,No,1504.00
1493,1313,P04499,Yes,2005.00
1494,2617,P04088,Yes,2228.00
1495,2460,P02404,Yes,2736.00
1496,2759,P00970,Yes,4830.00
1497,2512,P02798,Yes,5620.00
1498,1465,P04478,Yes,1540.00
1499,2883,P02699,Yes,2538.00
1500,2926,P03914,Yes,4116.00
1501,1893,P02127,Yes,4337.00
1502,2563,P02939,Yes,1119.00
1503,2115,P01416,Yes,3253.00
1504,2843,P03928,Yes,1439.00
1505,2510,P00318,Yes,3219.00
1506,1768,P00365,No,5852.00
1507,2426,P00526,Yes,5256.00
1508,2480,P00105,Yes,1291.00
1509,2400,P03728,Yes,3707.00
1510,1362,P03028,Yes,4574.00
1511,2858,P01330,Yes,4134.00
1512,1382,P03226,Yes,3961.00
1513,2284,P02526,Yes,4802.00
1514,2057,P02258,Yes,3574.00
1515,1741,P02791,Yes,1237.00
1516,2796,P03328,Yes,2499.00
1517,1639,P00138,Yes,2149.00
1518,2044,P03123,Yes,3404.00
1519,2893,P01565,Yes,3059.00
1520,1296,P01775,Yes,3121.00
1521,2653,P03812,Yes,1150.00
1522,2990,P00774,Yes,1671.00
1523,2804,P03806,Yes,5777.00
1524,1988,P00967,Yes,2163.00
1525,2313,P02493,Yes,4982.00
1526,1557,P01587,Yes,4900.00
1527,2963,P01815,Yes,2354.00
1528,1181,P04617,Yes,3175.00
1529,1183,P01370,Yes,5448.00
1530,2513,P03100,Yes,1427.00
1531,2260,P04138,Yes,5686.00
1532,2836,P01076,Yes,4173.00
1533,1342,P02849,Yes,1348.00
1534,1798,P00914,Yes,1579.00
1535,2816,P04649,Yes,5823.00
1536,1946,P04188,Yes,3777.00
1537,2931,P02032,Yes,0.00
1538,1037,P00631,Yes,2717.00
1539,2127,P02722,Yes,3871.00
1540,2713,P04646,Yes,3620.00
1541,1450,P01666,Yes,1097.00
1542,2295,P02546,Yes,4203.00
1543,1477,P00625,Yes,2474.00
1544,1297,P02385,Yes,5572.00
1545,1343,P01365,Yes,4827.00
1546,1552,P00430,Yes,4588.00
1547,2479,P04261,Yes,2691.00
1548,1242,P04914,Yes,2689.00
1549,2373,P00171,Yes,5188.00
1550,1464,P03082,Yes,2929.00
1551,2979,P00621,Yes,5194.00
1552,2157,P03976,Yes,2170.00
1553,2463,P04272,Yes,3086.00
1554,1588,P04228,Yes,1466.00
1555,2596,P02866,Yes,2361.00
1556,1852,P04907,Yes,4865.00
1557,1227,P01039,Yes,3084.00
1558,2859,P01577,Yes,3392.00
1559,1847,P04273,Yes,5330.00
1560,1309,P01892,Yes,3604.00
1561,1777,P03670,Yes,2186.00
1562,2312,P04172,Yes,2641.00
1563,1420,P04276,Yes,5179.00
1564,2642,P03568,Yes,5557.00
1565,1610,P01721,Yes,4288.00
1566,2688,P04687,Yes,1509.00
1567,1892,P02227,Yes,2833.00
1568,2569,P00429,Yes,5758.00
1569,2406,P03419,Yes,0.00
1570,1585,P00669,Yes,1519.00
1571,1575,P01674,Yes,3237.00
1572,1723,P04708,Yes,5884.00
1573,1411,P03899,Yes,4106.00
1574,1838,P04224,Yes,4269.00
1575,1996,P02682,Yes,5742.00
1576,2584,P04142,Yes,5942.00
1577,1550,P04029,Yes,4749.00
1578,2245,P00410,Yes,3410.00
1579,1987,P00688,Yes,3547.00
1580,1223,P02706,Yes,1694.00
1581,2732,P02171,Yes,0.00
1582,2937,P04532,Yes,5106.00
1583,2030,P02452,Yes,4437.00
1584,1700,P00403,Yes,3726.00
1585,1543,P04811,Yes,2315.00
1586,2082,P04179,Yes,4051.00
1587,2171,P01684,Yes,3940.00
1588,2487,P00133,Yes,5808.00
1589,2537,P02395,Yes,5598.00
1590,1390,P03059,Yes,3337.00
1591,2146,P03227,Yes,1961.00
1592,1476,P04862,Yes,4612.00
1593,2105,P01299,Yes,3704.00
1594,2067,P03962,Yes,0.00
1595,1393,P00977,Yes,3789.00
1596,1447,P02766,Yes,1044.00
1597,1107,P03830,Yes,4821.00
1598,1874,P01183,Yes,1457.00
1599,2439,P02518,Yes,2146.00
1600,2431,P00965,Yes,2388.00
1601,1123,P02895,Yes,3250.00
1602,1017,P00074,Yes,3698.00
1603,1706,P01297,Yes,4964.00
1604,2988,P04182,Yes,3581.00
1605,2966,P04461,Yes,3845.00
1606,2739,P02244,Yes,4442.00
1607,2134,P03901,Yes,2776.00
1608,1781,P02283,Yes,3800.00
1609,1340,P03444,Yes,5223.00
1610,2979,P01621,Yes,2983.00
1611,2809,P02449,Yes,1034.00
1612,1766,P03456,Yes,3294.00
1613,1920,P03748,Yes,2890.00
1614,1918,P04939,Yes,4666.00
1615,1615,P03110,Yes,1925.00
1616,1798,P00871,Yes,3866.00
1617,2491,P04479,Yes,5579.00
1618,2838,P03803,Yes,1729.00
1619,1097,P01419,Yes,2657.00
1620,1011,P01915,Yes,2068.00
1621,1554,P02640,Yes,2084.00
1622,1583,P04202,Yes,1803.00
1623,2758,P04715,Yes,3498.00
1624,1989,P01463,Yes,4387.00
1625,1826,P04298,Yes,5841.00
1626,2822,P01823,Yes,2806.00
1627,2914,P01540,Yes,1634.00
1628,2917,P03641,Yes,5286.00
1629,1016,P00416,Yes,3004.00
1630,2809,P00832,Yes,5843.00
1631,2554,P00998,Yes,2780.00
1632,2022,P04684,Yes,4540.00
1633,1844,P02562,Yes,4581.00
1634,1477,P00931,Yes,3491.00
1635,1021,P01723,Yes,2009.00
1636,2074,P00978,Yes,3691.00
1637,1751,P03937,Yes,5990.00
1638,1249,P00121,Yes,1862.00
1639,1198,P03882,Yes,1870.00
1640,2451,P02759,Yes,1380.00
1641,2456,P01762,No,5399.00
1642,2209,P00048,Yes,2359.00
1643,2748,P03976,Yes,4780.00
1644,1252,P01050,Yes,5203.00
1645,2218,P00607,Yes,1781.00
1646,1730,P02363,Yes,1404.00
1647,1885,P02386,Yes,4624.00
1648,1399,P04855,Yes,4699.00
1649,1239,P02179,Yes,4715.00
1650,1507,P04973,Yes,5088.00
1651,2988,P04653,Yes,5893.00
1652,2580,P03766,Yes,2249.00
1653,2556,P00352,Yes,4078.00
1654,1573,P00782,Yes,5343.00
1655,1506,P01021,Yes,2536.00
1656,2999,P00136,Yes,5067.00
1657,1042,P00826,Yes,3975.00
1658,1814,P04049,Yes,3353.00
1659,2163,P00147,Yes,2957.00
1660,1756,P00287,Yes,4850.00
1661,2040,P01351,Yes,0.00
1662,1387,P00814,Yes,2146.00
1663,1287,P04561,Yes,2009.00
1664,1523,P01327,Yes,5540.00
1665,1573,P03065,Yes,4307.00
1666,1668,P04164,Yes,4522.00
1667,1315,P01317,Yes,4592.00
1668,1925,P00684,Yes,4788.00
1669,1303,P03821,Yes,1207.00
1670,1582,P01426,Yes,1767.00
1671,2240,P02632,Yes,2691.00
1672,1796,P04190,Yes,5045.00
1673,1235,P03649,Yes,5123.00
1674,1477,P04351,Yes,1488.00
1675,1897,P02240,No,3303.00
1676,2708,P00109,Yes,2909.00
1677,1103,P00939,Yes,4676.00
1678,1320,P00581,Yes,0.00
1679,1988,P03493,Yes,2593.00
1680,1237,P03005,Yes,3828.00
1681,2916,P03183,Yes,2951.00
1682,1126,P03136,Yes,0.00
1683,2574,P00416,Yes,1548.00
1684,1026,P00327,Yes,1451.00
1685,2185,P02972,Yes,4143.00
1686,2959,P03706,Yes,5169.00
1687,2988,P04427,Yes,2604.00
1688,1052,P04905,Yes,4562.00
1689,1473,P04922,Yes,2962.00
1690,2449,P00252,Yes,1522.00
1691,1563,P02276,Yes,3098.00
1692,2773,P01017,Yes,1171.00
1693,1935,P03484,No,2437.00
1694,2728,P02953,Yes,3541.00
1695,2409,P04431,Yes,2770.00
1696,2079,P03174,Yes,3678.00
1697,2158,P02656,Yes,3428.00
1698,1003,P04024,Yes,4350.00
1699,2133,P02238,Yes,2530.00
1700,2268,P02758,Yes,2017.00
1701,1987,P00136,Yes,4369.00
1702,2375,P04847,Yes,0.00
1703,1643,P04439,No,2708.00
1704,2701,P02935,Yes,3804.00
1705,1115,P04616,Yes,1396.00
1706,1075,P04360,Yes,1606.00
1707,2958,P01609,Yes,5118.00
1708,2252,P03407,Yes,3882.00
1709,2955,P04111,Yes,2518.00
1710,2572,P01270,Yes,4441.00
1711,2316,P04037,Yes,0.00
1712,1317,P03368,Yes,1730.00
1713,1440,P02498,Yes,5931.00
1714,1158,P00469,Yes,5538.00
1715,2765,P02749,Yes,1827.00
1716,2246,P04034,Yes,4046.00
1717,1738,P01652,Yes,3853.00
1718,1851,P00952,Yes,3791.00
1719,1609,P04077,Yes,5056.00
1720,2318,P00220,Yes,3845.00
1721,2714,P02979,Yes,1962.00
1722,2545,P02783,Yes,4531.00
1723,2817,P04208,Yes,3790.00
1724,2705,P02983,Yes,4164.00
1725,1228,P04671,Yes,5769.00
1726,2888,P01990,Yes,1068.00
1727,2334,P02666,Yes,2229.00
1728,2383,P02324,No,4303.00
1729,2674,P04406,Yes,4282.00
1730,1667,P04011,Yes,2375.00
1731,2109,P00056,Yes,5719.00
1732,1337,P01016,Yes,4318.00
1733,1813,P04180,Yes,1317.00
1734,2742,P03648,Yes,4115.00
1735,2061,P00078,Yes,4080.00
1736,1445,P04645,Yes,4111.00
1737,1004,P04557,Yes,5854.00
1738,2716,P04855,Yes,2077.00
1739,1916,P02326,Yes,4237.00
1740,1811,P01416,Yes,1142.00
1741,2031,P01919,Yes,4273.00
1742,1470,P03849,Yes,1048.00
1743,2242,P00569,Yes,1141.00
1744,1730,P04849,Yes,4846.00
1745,1751,P02547,Yes,2161.00
1746,2899,P00984,Yes,4269.00
1747,1457,P01105,Yes,5108.00
1748,2590,P01577,Yes,3449.00
1749,1722,P02304,Yes,5211.00
1750,2346,P04936,Yes,2052.00
1751,1340,P02395,Yes,5161.00
1752,1536,P02076,Yes,5839.00
1753,2350,P01494,Yes,5522.00
1754,1193,P00681,Yes,4257.00
1755,1437,P02559,Yes,5836.00
1756,2209,P03537,Yes,4468.00
1757,1454,P00788,No,3876.00
1758,2900,P03177,Yes,3503.00
1759,1306,P03612,Yes,3475.00
1760,2847,P04877,Yes,2588.00
1761,2466,P02692,Yes,1001.00
1762,2892,P04651,Yes,4915.00
1763,2977,P01446,Yes,2630.00
1764,2516,P00489,Yes,4079.00
1765,2747,P01506,Yes,3606.00
1766,1779,P03788,Yes,1814.00
1767,2350,P01273,Yes,3042.00
1768,2152,P04218,Yes,1231.00
1769,1494,P04506,Yes,2332.00
1770,1489,P01780,Yes,3306.00
1771,1349,P00669,Yes,3142.00
1772,2112,P03407,Yes,1111.00
1773,1529,P01290,Yes,3530.00
1774,1290,P01108,Yes,4604.00
1775,1017,P02270,Yes,2587.00
1776,2616,P03269,Yes,4149.00
1777,2411,P04124,Yes,2696.00
1778,1625,P04609,Yes,5337.00
1779,2725,P02679,Yes,2182.00
1780,1865,P01699,Yes,1653.00
1781,2552,P03159,Yes,0.00
1782,2666,P01411,Yes,1016.00
1783,1896,P03939,Yes,2437.00
1784,1412,P01054,Yes,5109.00
1785,2871,P04614,Yes,2756.00
1786,2832,P01217,Yes,3891.00
1787,2788,P01722,Yes,1475.00
1788,2445,P03058,Yes,5559.00
1789,1023,P02375,Yes,2082.00
1790,2257,P02101,Yes,2391.00
1791,1649,P01691,Yes,5218.00
1792,2956,P03840,Yes,1746.00
1793,1787,P00922,Yes,5765.00
1794,1890,P00185,Yes,5139.00
1795,1851,P03102,Yes,0.00
1796,2250,P01538,Yes,4075.00
1797,2855,P00022,Yes,1249.00
1798,2641,P03858,Yes,5911.00
1799,2477,P02995,Yes,5654.00
1800,2547,P02692,Yes,4839.00
1801,1687,P00969,Yes,2030.00
1802,2136,P04717,Yes,1766.00
1803,1236,P02793,Yes,4967.00
1804,1307,P00119,Yes,4609.00
1805,1707,P00408,Yes,5896.00
1806,2038,P04849,Yes,1763.00
1807,1873,P01242,Yes,4417.00
1808,1200,P04248,Yes,5497.00
1809,2178,P03096,Yes,3063.00
1810,2083,P03662,Yes,1881.00
1811,1437,P00202,Yes,1084.00
1812,2323,P02253,Yes,2908.00
1813,1792,P02108,Yes,1195.00
1814,1683,P03293,Yes,5642.00
1815,1728,P00830,Yes,4998.00
1816,1206,P03782,Yes,5370.00
1817,2534,P04515,Yes,1561.00
1818,2695,P00605,Yes,5534.00
1819,1280,P00058,Yes,2846.00
1820,2365,P00495,Yes,5839.00
1821,2900,P04731,Yes,2049.00
1822,1716,P00942,Yes,1183.00
1823,2154,P03754,Yes,5561.00
1824,1074,P01386,Yes,4051.00
1825,1082,P03903,Yes,4173.00
1826,2502,P01328,Yes,5220.00
1827,1574,P00188,Yes,1137.00
1828,1514,P02073,No,2326.00
1829,1837,P01229,Yes,3845.00
1830,1711,P04802,Yes,3609.00
1831,1073,P02811,Yes,5825.00
1832,1011,P00194,Yes,3015.00
1833,2128,P01268,Yes,4018.00
1834,1954,P00782,Yes,3467.00
1835,2034,P00369,Yes,5550.00
1836,2363,P03607,Yes,2026.00
1837,2732,P04990,Yes,0.00
1838,2898,P03633,Yes,5014.00
1839,2719,P02817,Yes,3717.00
1840,1096,P03543,Yes,1522.00
1841,2742,P03307,Yes,5056.00
1842,1991,P02350,Yes,1570.00
1843,1354,P01696,Yes,4999.00
1844,2388,P03315,Yes,4425.00
1845,2155,P02937,Yes,2041.00
1846,1796,P03839,Yes,5089.00
1847,2473,P03341,Yes,2560.00
1848,1273,P03043,Yes,1669.00
1849,1549,P00286,Yes,5391.00
1850,1448,P00844,Yes,5842.00
1851,1583,P02208,Yes,1357.00
1852,2399,P04445,Yes,3958.00
1853,1318,P02086,Yes,4097.00
1854,1908,P01366,Yes,0.00
1855,2869,P00207,Yes,3619.00
1856,1740,P00721,Yes,3213.00
1857,2108,P00478,Yes,4694.00
1858,1475,P00483,Yes,4961.00
1859,2691,P04204,Yes,5540.00
1860,2191,P03244,Yes,2844.00
1861,1281,P02708,Yes,5238.00
1862,2826,P01292,Yes,3893.00
1863,1058,P01178,Yes,5715.00
1864,1773,P02108,Yes,5738.00
1865,1558,P03607,No,4082.00
1866,2800,P01938,Yes,1760.00
1867,1734,P03208,Yes,4213.00
1868,1088,P02196,Yes,3033.00
1869,2076,P01867,Yes,3406.00
1870,1227,P01237,Yes,5257.00
1871,2180,P03593,Yes,1357.00
1872,1772,P00916,Yes,1286.00
1873,2509,P03057,Yes,5830.00
1874,2872,P01159,Yes,2586.00
1875,1243,P03586,Yes,0.00
1876,1523,P03556,Yes,2582.00
1877,1147,P02219,Yes,1051.00
1878,1413,P04131,Yes,5290.00
1879,1507,P04233,Yes,4553.00
1880,1718,P01644,Yes,2246.00
1881,2795,P03960,Yes,5864.00
1882,1516,P03809,Yes,3384.00
1883,1584,P04720,Yes,1951.00
1884,2473,P01155,Yes,3788.00
1885,1178,P00014,Yes,4240.00
1886,2416,P04453,Yes,4650.00
1887,1483,P00680,Yes,4298.00
1888,2986,P01381,Yes,2592.00
1889,2757,P04242,Yes,3152.00
1890,2397,P00324,Yes,2244.00
1891,2248,P00832,Yes,1999.00
1892,1842,P01228,Yes,3031.00
1893,1230,P03616,Yes,1964.00
1894,1896,P02804,Yes,5791.00
1895,2255,P03613,Yes,1561.00
1896,1899,P01932,Yes,1219.00
1897,2031,P04179,Yes,4838.00
1898,1625,P04219,Yes,0.00
1899,2604,P02931,Yes,3342.00
1900,2800,P01752,Yes,1110.00
1901,1149,P04314,Yes,4859.00
1902,2247,P04625,Yes,1868.00
1903,1467,P04891,Yes,5375.00
1904,2058,P03000,Yes,3374.00
1905,1283,P01100,Yes,2296.00
1906,2897,P00608,Yes,2113.00
1907,2381,P01433,Yes,4475.00
1908,2529,P00194,Yes,1276.00
1909,1109,P04073,Yes,1282.00
1910,2696,P02307,Yes,5622.00
1911,2825,P01056,Yes,3598.00
1912,1343,P02962,Yes,4402.00
1913,1872,P01788,Yes,2237.00
1914,2936,P02134,Yes,2646.00
1915,2354,P04931,Yes,4349.00
1916,2625,P02591,Yes,1660.00
1917,2935,P04458,Yes,4959.00
1918,2888,P02037,Yes,2982.00
1919,2409,P02482,Yes,2756.00
1920,2866,P01836,Yes,4976.00
1921,1994,P02076,Yes,1218.00
1922,2701,P02775,Yes,1147.00
1923,1325,P02235,Yes,5777.00
1924,1758,P00487,Yes,2909.00
1925,2141,P00494,Yes,2162.00
1926,2350,P00008,Yes,3467.00
1927,2729,P03526,Yes,5651.00
1928,1700,P03271,Yes,2741.00
1929,1774,P00320,Yes,5981.00
1930,1011,P04452,Yes,4190.00
1931,2726,P01796,Yes,5193.00
1932,1312,P02055,Yes,5708.00
1933,1843,P03961,Yes,3358.00
1934,2243,P00622,Yes,5304.00
1935,1187,P04877,Yes,5152.00
1936,1366,P03771,Yes,5061.00
1937,2874,P01806,Yes,2532.00
1938,1334,P03243,Yes,4786.00
1939,1800,P02519,Yes,1374.00
1940,1519,P02609,Yes,3490.00
1941,1921,P00414,Yes,3738.00
1942,1452,P00635,Yes,4412.00
1943,2714,P04144,Yes,4643.00
1944,2445,P02363,Yes,0.00
1945,1637,P02247,Yes,4379.00
1946,1963,P01356,Yes,4854.00
1947,1326,P01431,Yes,2028.00
1948,2653,P01639,Yes,4634.00
1949,2503,P02419,Yes,5205.00
1950,1896,P03457,Yes,4600.00
1951,2507,P04303,Yes,4224.00
1952,2646,P04969,Yes,3445.00
1953,2124,P03330,Yes,1449.00
1954,2421,P00208,Yes,3457.00
1955,1908,P00320,Yes,5470.00
1956,2740,P04020,Yes,5888.00
1957,1404,P00057,Yes,1623.00
1958,1430,P04543,Yes,4407.00
1959,2474,P03588,Yes,1750.00
1960,2996,P03981,Yes,0.00
1961,1926,P04364,Yes,5872.00
1962,2909,P01743,Yes,2760.00
1963,2822,P03204,Yes,2857.00
1964,1764,P01051,Yes,4876.00
1965,1524,P02821,Yes,4207.00
1966,1050,P04457,Yes,3199.00
1967,2557,P02497,Yes,3792.00
1968,1981,P03750,Yes,3551.00
1969,1404,P04628,Yes,1856.00
1970,2630,P00839,Yes,3791.00
1971,2247,P03377,Yes,3462.00
1972,1175,P03417,Yes,3698.00
1973,1131,P00557,Yes,0.00
1974,2427,P00693,Yes,2327.00
1975,2396,P00245,Yes,1691.00
1976,1417,P03321,Yes,5832.00
1977,1056,P03678,Yes,2502.00
1978,1668,P03500,Yes,4796.00
1979,1750,P01690,Yes,1247.00
1980,1943,P01889,Yes,2716.00
1981,1342,P02462,Yes,2519.00
1982,1178,P04588,Yes,3463.00
1983,1306,P02599,Yes,1267.00
1984,2044,P01168,Yes,3390.00
1985,2292,P03904,Yes,2882.00
1986,2374,P01094,Yes,3916.00
1987,2608,P04095,Yes,3532.00
1988,1107,P03135,Yes,3006.00
1989,2671,P04038,No,5656.00
1990,2036,P01457,Yes,5627.00
1991,1902,P00302,Yes,1430.00
1992,2017,P00901,Yes,5382.00
1993,2020,P01281,Yes,4179.00
1994,1051,P02525,Yes,5489.00
1995,1379,P02611,Yes,5309.00
1996,2535,P02556,Yes,3004.00
1997,2175,P03126,Yes,3727.00
1998,2804,P02248,Yes,5113.00
1999,2836,P02658,Yes,1518.00
2000,2646,P00419,Yes,1198.00
2001,2727,P03865,Yes,2963.00
2002,2033,P01602,Yes,3469.00
2003,1086,P04996,Yes,5901.00
2004,1289,P00573,Yes,2016.00
2005,2273,P02240,Yes,3867.00
2006,2645,P03965,Yes,2136.00
2007,2350,P00852,Yes,3443.00
2008,1283,P01823,Yes,3824.00
2009,2183,P02498,Yes,3062.00
2010,1887,P03973,Yes,2254.00
2011,1904,P02989,Yes,1281.00
2012,2309,P03237,Yes,4346.00
2013,2105,P01157,Yes,5574.00
2014,1478,P04008,Yes,1243.00
2015,2545,P04237,Yes,3822.00
2016,1641,P04251,Yes,4420.00
2017,2560,P00682,Yes,5961.00
2018,2509,P01765,Yes,3159.00
2019,1461,P03602,Yes,2066.00
2020,2420,P04602,Yes,3991.00
2021,1985,P04661,Yes,4268.00
2022,1048,P02408,Yes,1562.00
2023,1987,P04523,Yes,2464.00
2024,1264,P04913,Yes,5344.00
2025,2180,P01506,Yes,3953.00
2026,1288,P03742,Yes,4285.00
2027,2002,P00441,Yes,1437.00
2028,2122,P02868,Yes,3305.00
2029,2271,P00543,Yes,3597.00
2030,1658,P03620,Yes,2895.00
2031,2853,P04746,Yes,4846.00
2032,1696,P02201,Yes,2171.00
2033,2141,P04454,Yes,1902.00
2034,1139,P03169,Yes,0.00
2035,1434,P02829,Yes,1757.00
2036,2011,P04845,No,2765.00
2037,2036,P01778,Yes,5933.00
2038,2339,P02912,Yes,5097.00
2039,1365,P01985,Yes,1120.00
2040,2895,P04882,Yes,4371.00
2041,2114,P02694,Yes,1697.00
2042,2202,P00479,Yes,4053.00
2043,1697,P01408,Yes,4195.00
2044,1675,P01237,Yes,4129.00
2045,2686,P04842,Yes,1064.00
2046,2693,P04487,No,1096.00
2047,1180,P01663,Yes,2866.00
2048,2236,P02354,Yes,5170.00
2049,1863,P01763,Yes,2280.00
2050,2964,P03715,Yes,4173.00
2051,1979,P04976,Yes,4037.00
2052,1773,P01221,Yes,5310.00
2053,2564,P04894,Yes,3551.00
2054,2424,P02678,Yes,1939.00
2055,1015,P03668,Yes,3225.00
2056,1188,P00640,Yes,1535.00
2057,1657,P04367,Yes,5484.00
2058,2781,P01849,Yes,3587.00
2059,1176,P02466,Yes,3203.00
2060,1947,P04833,Yes,5468.00
2061,1321,P01512,Yes,1756.00
2062,2118,P03290,Yes,2667.00
2063,2362,P02351,Yes,4205.00
2064,2277,P04440,Yes,1093.00
2065,1214,P02651,Yes,3358.00
2066,2803,P04358,Yes,3631.00
2067,2238,P04241,Yes,5063.00
2068,1749,P01447,Yes,5092.00
2069,2904,P02747,Yes,3824.00
2070,2400,P03028,Yes,1448.00
2071,1656,P04150,Yes,4881.00
2072,2492,P01602,Yes,2961.00
2073,2227,P00306,Yes,3298.00
2074,2164,P04168,Yes,4867.00
2075,2175,P02621,Yes,2829.00
2076,1649,P00257,Yes,3111.00
2077,1862,P04499,Yes,5757.00
2078,2696,P04409,Yes,5165.00
2079,1002,P00792,Yes,1470.00
2080,2613,P02746,Yes,5903.00
2081,2672,P01221,Yes,4168.00
2082,1695,P00275,Yes,2794.00
2083,2965,P00308,Yes,1807.00
2084,1579,P04150,Yes,1101.00
2085,2608,P02794,Yes,3050.00
2086,1937,P02697,Yes,1533.00
2087,1201,P01091,Yes,2878.00
2088,2566,P00552,Yes,1094.00
2089,2329,P03121,Yes,4083.00
2090,2686,P00297,Yes,3115.00
2091,1291,P02820,Yes,3865.00
2092,1374,P02301,Yes,1748.00
2093,2789,P02112,Yes,4352.00
2094,1143,P02242,Yes,4839.00
2095,2877,P01005,Yes,1252.00
2096,2779,P01271,Yes,4979.00
2097,2188,P02086,Yes,5250.00
2098,1299,P04226,Yes,4660.00
2099,2906,P02776,Yes,1324.00
2100,1565,P00788,Yes,1835.00
2101,1294,P04853,Yes,5612.00
2102,2283,P00571,Yes,1143.00
2103,1254,P02532,Yes,5101.00
2104,1671,P04146,Yes,2636.00
2105,1755,P04134,Yes,2373.00
2106,2177,P04340,Yes,5738.00
2107,1862,P01855,Yes,5202.00
2108,1732,P03195,Yes,1618.00
2109,2208,P03773,Yes,3077.00
2110,1883,P03114,Yes,4169.00
2111,2517,P01053,Yes,3947.00
2112,2880,P01659,Yes,2771.00
2113,2603,P00112,Yes,4726.00
2114,1039,P02903,Yes,4705.00
2115,2893,P04727,Yes,5732.00
2116,2143,P01699,No,4860.00
2117,2127,P02899,Yes,5334.00
2118,1269,P04240,Yes,2924.00
2119,2892,P01746,Yes,1364.00
2120,1726,P04857,Yes,0.00
2121,2834,P03276,Yes,4463.00
2122,1314,P02703,Yes,4037.00
2123,1187,P03592,Yes,1301.00
2124,2578,P00415,Yes,4877.00
2125,2535,P00524,Yes,2433.00
2126,2452,P01227,Yes,4903.00
2127,2395,P03229,Yes,1072.00
2128,1344,P03754,Yes,2469.00
2129,1335,P01559,Yes,1753.00
2130,1957,P00191,Yes,4242.00
2131,1581,P03554,Yes,1067.00
2132,2117,P00672,Yes,2978.00
2133,1358,P00848,Yes,1342.00
2134,1799,P03252,Yes,3969.00
2135,1557,P03786,Yes,4532.00
2136,1462,P00407,Yes,4334.00
2137,1503,P00847,Yes,1659.00
2138,1255,P00446,Yes,1626.00
2139,1221,P03427,Yes,1230.00
2140,2436,P03860,Yes,1993.00
2141,1772,P01863,Yes,2289.00
2142,2851,P01656,Yes,2068.00
2143,1061,P04129,Yes,4063.00
2144,2466,P01464,Yes,4514.00
2145,2882,P02954,Yes,4896.00
2146,2731,P01726,Yes,2133.00
2147,2746,P00502,Yes,3012.00
2148,1343,P02320,Yes,2096.00
2149,2827,P00597,Yes,3228.00
2150,2188,P02081,Yes,3163.00
2151,1114,P00693,Yes,2050.00
2152,1168,P00213,Yes,3954.00
2153,2300,P01108,Yes,5250.00
2154,2366,P03242,Yes,5864.00
2155,2411,P02553,Yes,1202.00
2156,2555,P03073,Yes,5465.00
2157,1704,P01323,Yes,4101.00
2158,1960,P04602,Yes,3844.00
2159,1288,P02923,Yes,1941.00
2160,1990,P04076,Yes,1731.00
2161,2759,P02042,Yes,5776.00
2162,2175,P02787,Yes,5441.00
2163,1942,P04464,Yes,1335.00
2164,1257,P00801,Yes,1576.00
2165,2241,P01442,Yes,3248.00
2166,2989,P02578,Yes,5352.00
2167,1228,P01836,Yes,1656.00
2168,2989,P03510,Yes,2676.00
2169,1901,P00802,Yes,2601.00
2170,2351,P00610,Yes,5578.00
2171,1491,P03944,Yes,4950.00
2172,2720,P01102,Yes,5953.00
2173,1360,P01426,Yes,4565.00
2174,1474,P00866,Yes,1260.00
2175,1523,P03516,Yes,3481.00
2176,1054,P04112,Yes,3101.00
2177,1837,P00731,Yes,2312.00
2178,1766,P04883,Yes,1451.00
2179,2554,P02712,Yes,5103.00
2180,2122,P00254,Yes,5806.00
2181,2720,P03574,Yes,3890.00
2182,1431,P04639,Yes,2681.00
2183,1152,P03562,Yes,2299.00
2184,1680,P04422,Yes,1984.00
2185,1434,P01661,Yes,4664.00
2186,2051,P03593,Yes,1996.00
2187,2004,P03147,Yes,2216.00
2188,2398,P01401,Yes,0.00
2189,2503,P04065,Yes,4852.00
2190,1029,P03147,Yes,3200.00
2191,1324,P03376,Yes,4598.00
2192,2063,P04327,Yes,3030.00
2193,1598,P03177,Yes,4384.00
2194,1237,P00117,Yes,1685.00
2195,1768,P01221,Yes,2762.00
2196,1380,P01788,Yes,4504.00
2197,2479,P01146,Yes,5357.00
2198,2326,P02251,Yes,0.00
2199,1632,P03441,No,2889.00
2200,2369,P04068,Yes,3620.00
2201,2063,P04075,No,5859.00
2202,2321,P00423,Yes,1817.00
2203,2798,P00354,Yes,4138.00
2204,1998,P03544,Yes,4126.00
2205,1801,P01042,Yes,5136.00
2206,2008,P00268,Yes,3793.00
2207,2821,P03840,Yes,2570.00
2208,1411,P01705,Yes,1273.00
2209,2434,P03358,Yes,5285.00
2210,2287,P00240,Yes,1719.00
2211,2411,P04784,Yes,2992.00
2212,2539,P03238,Yes,5845.00
2213,2278,P00376,Yes,2396.00
2214,1846,P04295,Yes,2851.00
2215,1126,P03032,Yes,2102.00
2216,1301,P01233,Yes,4078.00
2217,2248,P01858,Yes,5421.00
2218,2263,P03810,Yes,3997.00
2219,2194,P02745,Yes,3578.00
2220,2067,P03415,Yes,0.00
2221,1147,P01244,Yes,5817.00
2222,1740,P00542,Yes,1346.00
2223,1971,P00103,Yes,4461.00
2224,2213,P02321,Yes,5934.00
2225,2155,P03530,Yes,4772.00
2226,2845,P04105,Yes,1145.00
2227,1174,P00879,Yes,2913.00
2228,1024,P04530,Yes,3198.00
2229,1380,P02274,Yes,5526.00
2230,2724,P03673,Yes,4799.00
2231,2567,P04261,No,4817.00
2232,2270,P01519,Yes,5026.00
2233,1579,P01063,Yes,1032.00
2234,2241,P01909,Yes,2989.00
2235,1179,P00725,Yes,1367.00
2236,2365,P03094,Yes,1954.00
2237,1220,P04437,Yes,5384.00
2238,2929,P00931,Yes,1768.00
2239,2362,P00838,Yes,1289.00
2240,2046,P00735,Yes,2627.00
2241,1535,P00726,Yes,5632.00
2242,2772,P03920,Yes,2296.00
2243,1721,P02253,Yes,2850.00
2244,1455,P04295,Yes,2431.00
2245,2873,P03755,Yes,3638.00
2246,2579,P00541,Yes,4470.00
2247,1498,P04104,Yes,1738.00
2248,2309,P00052,Yes,4723.00
2249,2949,P02015,Yes,2942.00
2250,1220,P01223,Yes,3294.00
2251,1411,P01031,Yes,2539.00
2252,1347,P02093,Yes,4769.00
2253,2512,P00645,Yes,1901.00
2254,2311,P04006,Yes,2597.00
2255,2888,P04705,Yes,1497.00
2256,1255,P04964,Yes,2689.00
2257,2032,P00529,Yes,0.00
2258,1030,P03170,Yes,4013.00
2259,1308,P00485,Yes,4870.00
2260,2119,P03849,Yes,3327.00
2261,1329,P00259,Yes,1419.00
2262,1657,P01384,Yes,1510.00
2263,1390,P00289,Yes,3502.00
2264,1545,P02891,Yes,0.00
2265,1675,P04763,Yes,5278.00
2266,1763,P00646,Yes,2997.00
2267,1049,P01812,Yes,1196.00
2268,2679,P01148,Yes,4329.00
2269,2698,P04488,Yes,5190.00
2270,2178,P03564,No,4379.00
2271,1115,P03506,Yes,4529.00
2272,2797,P00772,Yes,5374.00
2273,2931,P02806,Yes,2763.00
2274,1835,P02700,Yes,1385.00
2275,1258,P00761,Yes,1418.00
2276,2377,P03705,Yes,1670.00
2277,2120,P01169,Yes,2419.00
2278,1158,P02971,Yes,0.00
2279,2205,P03683,Yes,1045.00
2280,1883,P04101,Yes,2845.00
2281,1401,P01017,Yes,3037.00
2282,2963,P04174,Yes,2799.00
2283,2529,P02008,Yes,3304.00
2284,2681,P03574,Yes,1490.00
2285,1579,P01462,Yes,4950.00
2286,1590,P04720,Yes,5734.00
2287,1680,P01129,Yes,4780.00
2288,2575,P02560,No,2694.00
2289,1284,P03202,Yes,3802.00
2290,1861,P02291,Yes,4251.00
2291,2771,P01473,Yes,5571.00
2292,1507,P03083,Yes,1594.00
2293,2840,P03626,Yes,5415.00
2294,2358,P02528,Yes,1807.00
2295,1366,P01587,Yes,5983.00
2296,1176,P01369,Yes,2525.00
2297,1327,P03042,Yes,2591.00
2298,2974,P02649,Yes,3408.00
2299,1234,P00460,Yes,5611.00
2300,2306,P02676,Yes,4492.00
2301,2816,P03763,Yes,3567.00
2302,1149,P02315,Yes,4795.00
2303,1136,P04832,Yes,5732.00
2304,2496,P03175,Yes,5368.00
2305,2777,P04809,Yes,3837.00
2306,2995,P01363,Yes,4296.00
2307,2098,P04615,Yes,5064.00
2308,1656,P01870,Yes,3362.00
2309,1063,P02999,Yes,2022.00
2310,2809,P02475,Yes,1230.00
2311,1652,P04418,Yes,4788.00
2312,1781,P02755,Yes,2060.00
2313,2933,P00967,Yes,2184.00
2314,2236,P04010,Yes,3083.00
2315,2417,P03442,Yes,4368.00
2316,2750,P04655,Yes,4191.00
2317,1462,P03969,Yes,4916.00
2318,1963,P00763,Yes,5999.00
2319,2100,P01834,Yes,2419.00
2320,1642,P04689,Yes,4531.00
2321,2712,P02016,Yes,0.00
2322,1625,P02665,Yes,5508.00
2323,2338,P01516,Yes,1505.00
2324,1915,P03501,Yes,2905.00
2325,2010,P00568,Yes,1288.00
2326,1358,P04447,Yes,4611.00
2327,2603,P01274,Yes,1175.00
2328,2532,P02015,Yes,2608.00
2329,1571,P04470,Yes,1678.00
2330,1718,P01810,Yes,1303.00
2331,1910,P01843,Yes,1232.00
2332,2248,P01954,Yes,1336.00
2333,2597,P00662,No,4057.00
2334,2825,P03073,Yes,4064.00
2335,2612,P02794,Yes,5833.00
2336,2547,P01806,Yes,4435.00
2337,1628,P01652,Yes,5238.00
2338,2740,P04736,Yes,3725.00
2339,1652,P04018,Yes,1102.00
2340,2501,P03334,No,3366.00
2341,2265,P01211,Yes,2562.00
2342,1161,P01688,Yes,3139.00
2343,2034,P03807,Yes,1797.00
2344,2365,P00817,Yes,5063.00
2345,2810,P03955,Yes,5208.00
2346,1841,P03311,Yes,4474.00
2347,1647,P04952,No,5905.00
2348,1937,P02185,Yes,4618.00
2349,1668,P02702,Yes,4165.00
2350,1951,P04788,Yes,0.00
2351,1774,P03759,Yes,1951.00
2352,1263,P03313,Yes,5648.00
2353,2873,P00858,Yes,3435.00
2354,2512,P03972,Yes,1701.00
2355,1315,P00667,Yes,3359.00
2356,1241,P03601,Yes,1695.00
2357,2569,P03910,Yes,1644.00
2358,2105,P02983,Yes,1001.00
2359,2188,P02347,Yes,4068.00
2360,1802,P04690,No,2153.00
2361,2637,P01384,Yes,3213.00
2362,2493,P00862,Yes,4783.00
2363,1029,P00978,Yes,1201.00
2364,2468,P04866,Yes,2530.00
2365,2665,P03654,No,5400.00
2366,1782,P02596,No,2680.00
2367,1032,P03683,Yes,1446.00
2368,1511,P03139,Yes,4839.00
2369,2854,P00065,Yes,5811.00
2370,2164,P04731,No,4543.00
2371,2308,P01128,Yes,3437.00
2372,2705,P01928,Yes,4085.00
2373,2440,P02892,Yes,1589.00
2374,1880,P02017,Yes,2408.00
2375,2850,P04460,Yes,3108.00
2376,1231,P03941,Yes,5002.00
2377,2243,P02436,Yes,4528.00
2378,2421,P01634,Yes,2417.00
2379,2935,P02564,Yes,4171.00
2380,1607,P04665,Yes,3582.00
2381,2777,P00974,Yes,1650.00
2382,1455,P00176,Yes,1308.00
2383,2772,P00202,Yes,2699.00
2384,2569,P03432,Yes,4678.00
2385,2233,P02617,Yes,4774.00
2386,2807,P02654,Yes,2848.00
2387,2038,P03080,Yes,1565.00
2388,1842,P00195,Yes,3289.00
2389,2255,P04029,Yes,4670.00
2390,1681,P00948,No,2259.00
2391,1105,P01581,Yes,5574.00
2392,1147,P00425,Yes,3634.00
2393,1674,P04860,Yes,2822.00
2394,2076,P00920,Yes,1267.00
2395,1514,P04766,Yes,2002.00
2396,2710,P03286,Yes,5911.00
2397,1751,P04025,Yes,3014.00
2398,2041,P02140,Yes,4529.00
2399,2685,P00098,Yes,2015.00
2400,2820,P02669,Yes,2518.00
2401,1830,P00716,Yes,1552.00
2402,2901,P01684,Yes,4856.00
2403,2978,P00542,Yes,4711.00
2404,1838,P03083,Yes,2255.00
2405,2587,P04207,Yes,3456.00
2406,2225,P00170,Yes,2553.00
2407,2006,P00335,Yes,4889.00
2408,1602,P00569,Yes,5039.00
2409,2106,P04762,Yes,1959.00
2410,2549,P01429,Yes,0.00
2411,1166,P01368,Yes,2144.00
2412,1439,P00825,Yes,5191.00
2413,1723,P03833,Yes,4465.00
2414,2352,P00522,Yes,2635.00
2415,1683,P02731,Yes,5017.00
2416,1431,P02121,Yes,2059.00
2417,2582,P01582,Yes,5499.00
2418,2068,P03013,Yes,1873.00
2419,1986,P03388,Yes,3906.00
2420,2724,P03792,Yes,1334.00
2421,1466,P00826,Yes,2155.00
2422,1765,P04985,Yes,4953.00
2423,1932,P02564,Yes,5723.00
2424,2663,P03608,Yes,2197.00
2425,2013,P01191,Yes,3660.00
2426,1806,P04947,Yes,5952.00
2427,1787,P04840,Yes,0.00
2428,2272,P04434,No,1754.00
2429,1200,P03500,Yes,4211.00
2430,2373,P04687,Yes,0.00
2431,2849,P04194,Yes,2439.00
2432,1997,P01951,Yes,2732.00
2433,2217,P01017,Yes,2847.00
2434,2064,P03780,Yes,3932.00
2435,1054,P00388,Yes,2920.00
2436,2789,P03038,Yes,1034.00
2437,2821,P03142,Yes,2193.00
2438,1668,P04791,Yes,1422.00
2439,1122,P02706,Yes,4456.00
2440,2683,P04473,Yes,0.00
2441,1473,P01292,Yes,3320.00
2442,1700,P01562,Yes,1000.00
2443,1437,P03933,Yes,0.00
2444,2714,P03421,Yes,3267.00
2445,2694,P04536,Yes,3173.00
2446,1851,P02946,Yes,0.00
2447,1621,P02630,Yes,4353.00
2448,1390,P03466,Yes,3030.00
2449,1200,P02549,Yes,2720.00
2450,2668,P00552,Yes,2128.00
2451,2669,P01199,Yes,3455.00
2452,1139,P02072,Yes,5874.00
2453,2691,P04647,Yes,4172.00
2454,1596,P01992,Yes,5474.00
2455,2693,P00652,Yes,4077.00
2456,1898,P03927,Yes,2399.00
2457,1636,P03143,Yes,4222.00
2458,2871,P01134,Yes,5620.00
2459,1366,P03611,Yes,4750.00
2460,2692,P00610,Yes,2002.00
2461,1952,P00382,Yes,5251.00
2462,1437,P04634,Yes,1285.00
2463,1981,P01102,Yes,1769.00
2464,2656,P03832,Yes,1937.00
2465,2721,P03546,Yes,2943.00
2466,2238,P00847,Yes,5889.00
2467,1072,P02143,Yes,1788.00
2468,1955,P03146,Yes,5353.00
2469,1551,P01018,Yes,1675.00
2470,1852,P01707,Yes,5013.00
2471,2504,P00128,Yes,5839.00
2472,1926,P04942,Yes,3859.00
2473,1440,P03776,Yes,3221.00
2474,1806,P01031,Yes,5893.00
2475,2723,P00176,Yes,1548.00
2476,2241,P01297,No,1229.00
2477,2649,P04005,Yes,5208.00
2478,2133,P02465,Yes,4602.00
2479,2628,P00430,Yes,1622.00
2480,1451,P01839,Yes,1102.00
2481,1006,P04541,Yes,5737.00
2482,2762,P00276,Yes,1889.00
2483,1237,P01740,Yes,2908.00
2484,2841,P03340,Yes,4766.00
2485,1594,P02088,Yes,5432.00
2486,1840,P02620,Yes,2393.00
2487,2067,P01529,Yes,2094.00
2488,1618,P01417,Yes,2218.00
2489,2755,P00780,Yes,5302.00
2490,2243,P00607,Yes,3223.00
2491,1321,P02683,Yes,3206.00
2492,2190,P01214,Yes,0.00
2493,1046,P00372,Yes,1346.00
2494,1252,P02737,Yes,4321.00
2495,2855,P00070,Yes,5452.00
2496,1027,P04342,Yes,1906.00
2497,2283,P00190,Yes,2977.00
2498,1086,P00536,Yes,3858.00
2499,2325,P02018,Yes,1541.00
2500,2736,P01008,Yes,4339.00
2501,2812,P00740,Yes,4650.00
2502,2359,P04121,Yes,1252.00
2503,1873,P03582,Yes,4538.00
2504,2253,P00970,Yes,4868.00
2505,1174,P03005,Yes,2355.00
2506,1118,P01411,Yes,3212.00
2507,2524,P03842,Yes,2097.00
2508,2896,P03262,Yes,1467.00
2509,2608,P00280,Yes,1918.00
2510,1026,P03308,Yes,5215.00
2511,2095,P04008,Yes,0.00
2512,1650,P02543,Yes,3720.00
2513,1418,P00176,Yes,3024.00
2514,1728,P04151,Yes,5373.00
2515,1666,P02519,Yes,4553.00
2516,2317,P04698,Yes,3618.00
2517,2820,P01241,Yes,3534.00
2518,2301,P04386,Yes,5682.00
2519,1547,P01020,Yes,3966.00
2520,1509,P04669,Yes,4506.00
2521,1320,P00422,Yes,2242.00
2522,2615,P03769,Yes,5747.00
2523,1731,P03972,Yes,2557.00
2524,2937,P02996,Yes,5432.00
2525,1580,P04219,Yes,2520.00
2526,2106,P00849,Yes,4444.00
2527,2572,P04772,Yes,4240.00
2528,1388,P03355,Yes,2213.00
2529,1339,P04223,Yes,3250.00
2530,1644,P00590,Yes,5048.00
2531,2420,P04172,Yes,3910.00
2532,1055,P00996,No,1443.00
2533,2949,P02681,Yes,5763.00
2534,2281,P00650,Yes,3850.00
2535,1232,P03283,Yes,1284.00
2536,1779,P03978,Yes,4386.00
2537,1343,P03255,Yes,1566.00
2538,1831,P01201,Yes,2077.00
2539,2771,P03690,Yes,4322.00
2540,1708,P04526,Yes,4304.00
2541,2555,P03202,Yes,3948.00
2542,1230,P02014,Yes,4933.00
2543,1544,P04841,Yes,4743.00
2544,2828,P03821,Yes,0.00
2545,2761,P03700,Yes,5292.00
2546,1441,P01251,Yes,2357.00
2547,2565,P02245,Yes,4928.00
2548,2360,P01522,Yes,4041.00
2549,1326,P01988,Yes,2810.00
2550,1147,P04874,Yes,1506.00
2551,2722,P02647,Yes,2426.00
2552,1221,P02046,Yes,5926.00
2553,2866,P01141,Yes,2648.00
2554,1750,P02920,Yes,0.00
2555,1377,P03970,Yes,2134.00
2556,1532,P04002,Yes,2708.00
2557,2292,P00543,Yes,1484.00
2558,2253,P02544,Yes,4383.00
2559,1226,P02588,Yes,2153.00
2560,1810,P01373,Yes,2191.00
2561,2819,P03940,Yes,2911.00
2562,1046,P03611,Yes,4423.00
2563,2549,P04021,Yes,2118.00
2564,1661,P04709,Yes,2804.00
2565,1237,P01378,Yes,1849.00
2566,1071,P01794,Yes,1724.00
2567,1289,P00405,Yes,1730.00
2568,2972,P00298,Yes,0.00
2569,1987,P00159,Yes,1540.00
2570,2136,P01324,Yes,5058.00
2571,2390,P03413,Yes,5862.00
2572,2620,P02467,Yes,1104.00
2573,2773,P02836,Yes,5381.00
2574,1821,P00505,Yes,1145.00
2575,1157,P00149,Yes,4154.00
2576,2859,P03280,Yes,1607.00
2577,1741,P00382,Yes,3965.00
2578,1388,P02107,Yes,3562.00
2579,2923,P04819,Yes,0.00
2580,2153,P01307,Yes,2896.00
2581,2038,P04417,Yes,2672.00
2582,1505,P03530,Yes,4667.00
2583,2630,P01486,Yes,3307.00
2584,2047,P01136,Yes,4194.00
2585,2290,P04814,Yes,2112.00
2586,2288,P02531,Yes,3074.00
2587,1622,P01029,Yes,3298.00
2588,1741,P02279,Yes,5824.00
2589,1258,P04036,Yes,3460.00
2590,1090,P04817,Yes,1944.00
2591,2462,P03576,Yes,1103.00
2592,2405,P03546,Yes,4191.00
2593,2608,P02202,Yes,0.00
2594,1597,P03937,Yes,3274.00
2595,2635,P01827,Yes,3927.00
2596,1508,P03294,Yes,4434.00
2597,1634,P00044,Yes,5515.00
2598,2328,P01912,Yes,4099.00
2599,2552,P01868,Yes,3591.00
2600,1992,P01411,Yes,4883.00
2601,1954,P00973,Yes,2037.00
2602,1192,P01082,Yes,3945.00
2603,1798,P00133,Yes,4644.00
2604,2514,P02101,No,5859.00
2605,1753,P01632,Yes,4046.00
2606,1329,P02795,Yes,3393.00
2607,1131,P01849,Yes,4977.00
2608,2492,P01207,Yes,4188.00
2609,2348,P04146,Yes,1361.00
2610,1797,P03332,Yes,0.00
2611,2161,P04998,Yes,3795.00
2612,1635,P04886,Yes,4867.00
2613,2506,P00300,Yes,4633.00
2614,2695,P04727,Yes,2524.00
2615,2802,P03593,Yes,2266.00
2616,2620,P01078,Yes,2813.00
2617,1755,P03023,Yes,2067.00
2618,2883,P03013,Yes,1861.00
2619,1304,P02638,Yes,1679.00
2620,1973,P03528,Yes,4713.00
2621,2429,P04590,Yes,1646.00
2622,1243,P00489,Yes,2036.00
2623,1774,P01459,Yes,5742.00
2624,1625,P01666,Yes,5749.00
2625,2911,P02935,Yes,2938.00
2626,2349,P03981,Yes,1120.00
2627,2858,P03540,No,2551.00
2628,1006,P04008,Yes,3451.00
2629,1216,P03380,Yes,4588.00
2630,2287,P03266,Yes,1741.00
2631,1121,P03967,Yes,5094.00
2632,1006,P01643,Yes,2695.00
2633,1485,P03884,Yes,2798.00
2634,2592,P01543,Yes,0.00
2635,1114,P03944,Yes,4174.00
2636,2235,P03909,Yes,4888.00
2637,2645,P00272,Yes,2907.00
2638,1181,P04519,Yes,3356.00
2639,2161,P00530,Yes,5917.00
2640,2788,P00835,Yes,1262.00
2641,1272,P04719,Yes,5282.00
2642,1655,P01288,Yes,1786.00
2643,2151,P03356,Yes,1573.00
2644,1208,P02979,Yes,5029.00
2645,1500,P03269,Yes,2713.00
2646,1917,P01436,Yes,5085.00
2647,2013,P00424,Yes,5161.00
2648,2276,P03746,Yes,2160.00
2649,1198,P00089,Yes,3632.00
2650,2279,P00348,Yes,5234.00
2651,2769,P03188,Yes,4074.00
2652,1734,P04259,Yes,3836.00
2653,1424,P00576,Yes,3743.00
2654,2865,P02821,Yes,5070.00
2655,2608,P00801,Yes,4640.00
2656,2581,P02890,Yes,5208.00
2657,1306,P02893,Yes,3209.00
2658,2302,P00833,Yes,5175.00
2659,2040,P03292,Yes,4797.00
2660,2665,P02627,Yes,1808.00
2661,2963,P03634,Yes,4725.00
2662,2753,P00443,No,4271.00
2663,2631,P04345,Yes,3763.00
2664,2444,P03648,Yes,2005.00
2665,1218,P04480,Yes,1433.00
2666,2585,P03809,Yes,5236.00
2667,2969,P04471,Yes,4582.00
2668,2960,P03254,Yes,5707.00
2669,1950,P04285,Yes,4503.00
2670,2413,P01641,Yes,5727.00
2671,1859,P01682,Yes,2248.00
2672,1635,P01844,Yes,3487.00
2673,1595,P02994,Yes,3116.00
2674,1251,P01145,Yes,1514.00
2675,1788,P01217,Yes,3651.00
2676,2613,P01223,Yes,3818.00
2677,1503,P03630,Yes,4428.00
2678,2479,P01783,Yes,1352.00
2679,2511,P01695,Yes,5353.00
2680,1549,P00923,Yes,3498.00
2681,1842,P01989,Yes,5580.00
2682,2708,P00057,Yes,3182.00
2683,2867,P02403,Yes,0.00
2684,2506,P03197,Yes,2656.00
2685,1480,P04290,Yes,4014.00
2686,1368,P02893,Yes,1786.00
2687,2085,P04645,Yes,4153.00
2688,1260,P04138,Yes,2599.00
2689,1963,P01170,Yes,1124.00
2690,2209,P02018,Yes,4483.00
2691,2296,P01979,Yes,2353.00
2692,1855,P02910,Yes,3242.00
2693,1867,P00951,Yes,3831.00
2694,2675,P00153,Yes,3944.00
2695,2265,P01456,Yes,5233.00
2696,2417,P04758,Yes,3918.00
2697,1912,P00409,Yes,2056.00
2698,2562,P03671,No,5986.00
2699,2107,P02925,Yes,1447.00
2700,2125,P01495,Yes,3820.00
2701,2510,P02986,Yes,1262.00
2702,2516,P03982,Yes,5249.00
2703,2153,P01619,Yes,3375.00
2704,2234,P02012,Yes,1295.00
2705,1715,P02657,Yes,3393.00
2706,1275,P02623,Yes,3296.00
2707,1617,P03688,Yes,5960.00
2708,2076,P01585,Yes,3619.00
2709,2783,P04097,Yes,2062.00
2710,2542,P00014,Yes,1754.00
2711,2990,P03332,Yes,4790.00
2712,2341,P00582,Yes,2968.00
2713,1564,P04928,Yes,5025.00
2714,1459,P02306,Yes,3726.00
2715,1722,P02117,Yes,3697.00
2716,1865,P01281,Yes,3733.00
2717,2035,P04997,Yes,3839.00
2718,1279,P03294,Yes,3557.00
2719,1577,P02348,Yes,2775.00
2720,2422,P01025,No,1118.00
2721,2059,P00795,Yes,3825.00
2722,1407,P02918,Yes,3293.00
2723,1291,P04343,Yes,4182.00
2724,2887,P00699,Yes,2401.00
2725,1979,P02054,Yes,1234.00
2726,1955,P00934,Yes,4552.00
2727,2566,P01156,Yes,3921.00
2728,1597,P02066,Yes,4108.00
2729,2893,P02710,Yes,4484.00
2730,1399,P04668,Yes,5285.00
2731,1562,P02179,Yes,5024.00
2732,1703,P02963,Yes,3924.00
2733,1442,P04995,Yes,2932.00
2734,1370,P03418,Yes,3339.00
2735,2716,P04567,Yes,4586.00
2736,2666,P02898,Yes,1994.00
2737,1464,P03614,Yes,1647.00
2738,1229,P00466,Yes,2806.00
2739,2330,P00762,Yes,4943.00
2740,2469,P00133,Yes,2553.00
2741,1686,P04850,Yes,1878.00
2742,2303,P00702,Yes,3705.00
2743,2648,P03442,Yes,5300.00
2744,2068,P01022,Yes,5044.00
2745,1620,P02407,Yes,1690.00
2746,1285,P01487,Yes,1731.00
2747,2171,P01811,Yes,4717.00
2748,1279,P02132,Yes,5323.00
2749,1785,P02590,Yes,1412.00
2750,2092,P02715,Yes,4896.00
2751,2355,P02324,Yes,3370.00
2752,1712,P04742,Yes,3449.00
2753,1355,P03326,Yes,2759.00
2754,2254,P01686,Yes,4071.00
2755,1129,P01063,Yes,3906.00
2756,2389,P04287,Yes,5194.00
2757,2519,P01575,Yes,3178.00
2758,2600,P04393,Yes,3354.00
2759,1617,P02317,Yes,1966.00
2760,2726,P02006,Yes,2717.00
2761,1890,P04285,Yes,2794.00
2762,1392,P02540,Yes,0.00
2763,2309,P03992,Yes,2456.00
2764,2755,P02395,Yes,4283.00
2765,1035,P02279,Yes,1243.00
2766,1602,P01579,Yes,3421.00
2767,1155,P01724,Yes,1474.00
2768,1335,P01195,Yes,5791.00
2769,1959,P02163,Yes,2875.00
2770,1808,P02628,Yes,5784.00
2771,1744,P02158,Yes,2596.00
2772,1514,P04153,Yes,3843.00
2773,2933,P00757,Yes,1618.00
2774,1246,P02918,Yes,2522.00
2775,1642,P01828,Yes,2987.00
2776,1636,P00912,No,5470.00
2777,2305,P01080,Yes,3308.00
2778,2836,P03061,Yes,5263.00
2779,1991,P01724,Yes,2835.00
2780,2144,P03887,Yes,2489.00
2781,1560,P03161,Yes,1195.00
2782,1298,P03709,Yes,3426.00
2783,1223,P04988,Yes,3010.00
2784,1665,P02528,Yes,2699.00
2785,1430,P04869,Yes,1026.00
2786,2240,P00394,Yes,4626.00
2787,1176,P03364,No,4739.00
2788,1913,P01958,Yes,5711.00
2789,2333,P03915,Yes,2520.00
2790,1405,P04104,Yes,4775.00
2791,1798,P00175,Yes,4575.00
2792,1356,P02405,Yes,1206.00
2793,1975,P00434,Yes,0.00
2794,1380,P04102,Yes,1674.00
2795,1269,P02185,Yes,4319.00
2796,1951,P03056,Yes,2004.00
2797,2657,P00732,Yes,1034.00
2798,1775,P02053,Yes,2505.00
2799,2680,P03706,Yes,1111.00
2800,1276,P02309,Yes,5908.00
2801,2758,P00573,Yes,2845.00
2802,2568,P03692,Yes,3484.00
2803,2082,P02381,No,2197.00
2804,2094,P00656,Yes,1575.00
2805,1970,P00892,Yes,2818.00
2806,1410,P04498,Yes,2858.00
2807,1685,P00367,Yes,4948.00
2808,2683,P04724,Yes,3804.00
2809,2283,P02952,Yes,4400.00
2810,1756,P04977,Yes,5707.00
2811,1820,P03073,No,3971.00
2812,1537,P01889,Yes,3009.00
2813,2501,P03045,Yes,1584.00
2814,1507,P00435,Yes,2091.00
2815,2955,P02961,Yes,4666.00
2816,1754,P02068,Yes,2091.00
2817,2507,P00148,Yes,4105.00
2818,2268,P00822,Yes,5052.00
2819,2366,P01582,Yes,4956.00
2820,1305,P00444,Yes,3068.00
2821,1178,P00185,Yes,2533.00
2822,1415,P01742,Yes,3792.00
2823,2820,P01997,Yes,2918.00
2824,1848,P03905,Yes,1022.00
2825,1970,P02145,Yes,2313.00
2826,1920,P00412,Yes,2081.00
2827,1615,P00698,Yes,3746.00
2828,1974,P02719,Yes,3739.00
2829,1472,P01209,Yes,5207.00
2830,2695,P00157,Yes,5589.00
2831,2497,P01129,Yes,4842.00
2832,2402,P03194,No,2671.00
2833,2909,P04230,Yes,1344.00
2834,1340,P03532,Yes,5496.00
2835,1783,P00328,Yes,2840.00
2836,2545,P03356,Yes,4898.00
2837,1543,P01171,Yes,5714.00
2838,2676,P01615,Yes,1039.00
2839,1321,P04843,Yes,4679.00
2840,1490,P03094,Yes,4730.00
2841,1278,P00273,Yes,2420.00
2842,2723,P00303,Yes,2659.00
2843,2124,P01235,Yes,5102.00
2844,2419,P01260,Yes,3444.00
2845,1565,P03847,Yes,3607.00
2846,2949,P00324,Yes,1764.00
2847,2997,P00992,Yes,2149.00
2848,2447,P01503,Yes,3894.00
2849,2434,P03588,Yes,4246.00
2850,1257,P02022,Yes,3288.00
2851,1711,P04867,Yes,1344.00
2852,2169,P01543,Yes,4237.00
2853,1137,P04337,Yes,3244.00
2854,1213,P03152,Yes,4600.00
2855,2983,P04937,Yes,5905.00
2856,1137,P04313,Yes,4680.00
2857,1298,P03965,Yes,3075.00
2858,2218,P01278,Yes,2749.00
2859,2684,P04696,Yes,4549.00
2860,2154,P00244,Yes,5111.00
2861,1535,P00645,Yes,4861.00
2862,2048,P02288,Yes,5070.00
2863,2069,P00795,Yes,2614.00
2864,2031,P01712,Yes,1509.00
2865,2072,P00876,Yes,5113.00
2866,2669,P01217,Yes,2126.00
2867,2851,P00328,Yes,4752.00
2868,2732,P04957,Yes,3588.00
2869,2755,P02363,Yes,5614.00
2870,2542,P04281,Yes,1108.00
2871,2160,P01309,Yes,4865.00
2872,1821,P01301,Yes,5501.00
2873,1313,P03236,Yes,3945.00
2874,1315,P00608,Yes,3019.00
2875,2684,P04329,No,3379.00
2876,1226,P02445,Yes,2502.00
2877,1013,P04092,Yes,1771.00
2878,1254,P02351,Yes,3582.00
2879,1920,P04891,Yes,3827.00
2880,1359,P01892,Yes,5210.00
2881,1836,P00194,Yes,5906.00
2882,1576,P02877,Yes,1913.00
2883,1490,P04469,Yes,2949.00
2884,2418,P03427,Yes,4193.00
2885,1163,P02868,Yes,2126.00
2886,1036,P00812,Yes,5032.00
2887,2649,P01469,Yes,2997.00
2888,1530,P02521,Yes,5068.00
2889,2256,P03943,No,5430.00
2890,1328,P01140,Yes,3778.00
2891,1867,P02949,Yes,2119.00
2892,2209,P01284,Yes,1196.00
2893,2107,P01347,Yes,4881.00
2894,2425,P04411,Yes,2446.00
2895,2558,P01089,Yes,1336.00
2896,2369,P02759,Yes,1355.00
2897,2908,P01801,Yes,3334.00
2898,2274,P01402,Yes,5135.00
2899,2593,P00078,Yes,5480.00
2900,1034,P03538,Yes,5177.00
2901,1619,P03091,Yes,5293.00
2902,2095,P03306,Yes,0.00
2903,2767,P01454,Yes,2267.00
2904,2666,P00293,Yes,1862.00
2905,1920,P02936,Yes,5178.00
2906,2673,P01750,Yes,4296.00
2907,1822,P04377,Yes,2690.00
2908,2690,P01678,Yes,3313.00
2909,1029,P01266,Yes,2982.00
2910,2236,P04931,Yes,2436.00
2911,2766,P01927,Yes,4368.00
2912,1461,P02072,Yes,1229.00
2913,1129,P04646,Yes,0.00
2914,2457,P01475,Yes,2367.00
2915,1690,P00482,Yes,3471.00
2916,1998,P01720,No,4251.00
2917,1958,P02975,Yes,4769.00
2918,1116,P00280,Yes,4793.00
2919,1468,P03463,Yes,3711.00
2920,2562,P03646,Yes,1183.00
2921,2524,P03165,Yes,1533.00
2922,2661,P01842,Yes,4702.00
2923,1320,P02662,Yes,4745.00
2924,1682,P00984,Yes,3477.00
2925,2037,P02379,Yes,5071.00
2926,2458,P01827,Yes,3225.00
2927,1972,P02745,Yes,2823.00
2928,1962,P01950,Yes,3125.00
2929,1600,P04358,Yes,0.00
2930,1902,P00314,Yes,4240.00
2931,2760,P04517,Yes,4500.00
2932,1586,P02738,Yes,5397.00
2933,1209,P02573,Yes,2202.00
2934,2400,P01253,Yes,3971.00
2935,1352,P01640,Yes,2287.00
2936,2046,P00691,Yes,3420.00
2937,2509,P02691,Yes,4950.00
2938,2691,P00983,Yes,1114.00
2939,2224,P00076,Yes,4219.00
2940,1587,P01181,Yes,1584.00
2941,1758,P00714,Yes,4819.00
2942,1050,P00330,Yes,4515.00
2943,2499,P04872,Yes,4648.00
2944,2729,P01357,Yes,3075.00
2945,1308,P00130,Yes,1971.00
2946,1404,P03701,Yes,2222.00
2947,2069,P03676,Yes,4175.00
2948,2314,P04095,Yes,2555.00
2949,2034,P00450,Yes,1315.00
2950,1845,P02474,Yes,2187.00
2951,1332,P02029,Yes,2487.00
2952,2973,P01085,No,2583.00
2953,2784,P04491,Yes,5783.00
2954,1104,P01077,Yes,1842.00
2955,2314,P02842,Yes,1762.00
2956,2094,P04916,No,1977.00
2957,2695,P01915,Yes,3021.00
2958,1711,P04313,Yes,4665.00
2959,2099,P04241,Yes,1061.00
2960,1044,P02580,Yes,1185.00
2961,2244,P00473,Yes,2433.00
2962,1011,P01821,Yes,3593.00
2963,2757,P02860,Yes,2735.00
2964,1588,P03573,Yes,4154.00
2965,2708,P02333,Yes,4447.00
2966,1093,P01017,Yes,4598.00
2967,2567,P01992,Yes,3184.00
2968,2433,P04416,Yes,3574.00
2969,1535,P00954,Yes,2846.00
2970,2567,P03799,Yes,1921.00
2971,2580,P04487,Yes,5953.00
2972,1230,P02075,Yes,5895.00
2973,1304,P03288,Yes,1954.00
2974,2923,P04826,Yes,5775.00
2975,2406,P02579,Yes,1035.00
2976,1692,P02435,Yes,4958.00
2977,2221,P01885,Yes,3492.00
2978,2192,P04451,Yes,2974.00
2979,1673,P03088,Yes,2618.00
2980,1507,P02586,Yes,1844.00
2981,1388,P00531,Yes,3482.00
2982,1455,P04091,Yes,0.00
2983,2555,P02197,Yes,2551.00
2984,2708,P02364,Yes,2676.00
2985,2438,P01284,Yes,2888.00
2986,2131,P00443,Yes,2906.00
2987,2616,P03315,Yes,3070.00
2988,2277,P04536,Yes,4890.00
2989,2606,P02660,Yes,2602.00
2990,1799,P00542,Yes,4422.00
2991,2726,P02625,Yes,1053.00
2992,2780,P02207,Yes,5541.00
2993,2152,P02250,Yes,2042.00
2994,2474,P00306,Yes,5964.00
2995,2472,P03724,Yes,1069.00
2996,2634,P04822,Yes,1386.00
2997,1920,P00393,Yes,2742.00
2998,1101,P01303,Yes,1831.00
2999,1081,P01925,Yes,3126.00
3000,1829,P01770,Yes,1059.00
3001,2607,P02423,Yes,3742.00
3002,2744,P01846,Yes,1051.00
3003,2531,P04812,Yes,1504.00
3004,2851,P01875,Yes,1112.00
3005,1840,P00046,Yes,2584.00
3006,1997,P02125,Yes,0.00
3007,2038,P01998,Yes,0.00
3008,1561,P02165,Yes,2910.00
3009,2686,P00550,Yes,2903.00
3010,1991,P02922,Yes,2809.00
3011,2813,P00836,Yes,1532.00
3012,2799,P02744,Yes,1290.00
3013,1384,P01947,Yes,1591.00
3014,2667,P02887,Yes,1898.00
3015,1555,P03964,Yes,4394.00
3016,1630,P04028,Yes,1803.00
3017,1419,P00722,Yes,5736.00
3018,1441,P00399,Yes,1204.00
3019,1243,P03724,Yes,3226.00
3020,2939,P02809,Yes,3403.00
3021,1674,P04794,Yes,1811.00
3022,1544,P01992,Yes,4647.00
3023,2872,P01891,Yes,5309.00
3024,2772,P02475,Yes,1096.00
3025,2191,P00286,Yes,1728.00
3026,2965,P02073,Yes,1364.00
3027,1247,P01754,Yes,2975.00
3028,2075,P02536,Yes,5863.00
3029,2978,P03574,Yes,4761.00
3030,1187,P02246,Yes,4000.00
3031,1796,P02982,Yes,5549.00
3032,1837,P02015,Yes,4060.00
3033,1610,P03611,Yes,4674.00
3034,2127,P04783,Yes,1877.00
3035,1915,P01554,Yes,4974.00
3036,2021,P04936,Yes,2491.00
3037,2495,P04230,Yes,5397.00
3038,1492,P02506,No,2698.00
3039,2629,P04282,Yes,1261.00
3040,2779,P04811,Yes,2941.00
3041,1127,P01097,Yes,4145.00
3042,2380,P00900,Yes,2454.00
3043,2433,P01024,Yes,5270.00
3044,1151,P03560,Yes,5666.00
3045,2797,P00214,Yes,3355.00
3046,1376,P01356,Yes,3849.00
3047,1981,P01577,Yes,3145.00
3048,1017,P02566,Yes,2912.00
3049,1279,P03077,Yes,4253.00
3050,1932,P03789,Yes,1215.00
3051,1846,P04017,Yes,1565.00
3052,1085,P02421,Yes,4897.00
3053,2371,P00726,Yes,0.00
3054,2615,P02381,Yes,4283.00
3055,1457,P02135,Yes,2413.00
3056,2227,P02323,Yes,4644.00
3057,1579,P04745,Yes,1489.00
3058,1367,P01674,Yes,2184.00
3059,2139,P03278,Yes,1379.00
3060,1686,P04612,Yes,1589.00
3061,1781,P00028,Yes,1391.00
3062,2657,P01927,Yes,4706.00
3063,1039,P03594,Yes,1212.00
3064,2126,P01784,Yes,2099.00
3065,1435,P01975,Yes,1310.00
3066,1266,P01393,Yes,5569.00
3067,2853,P04351,Yes,3178.00
3068,2207,P04913,Yes,2834.00
3069,2816,P03681,Yes,1853.00
3070,1733,P01844,Yes,3022.00
3071,2480,P04252,Yes,3870.00
3072,1574,P03515,Yes,1065.00
3073,1646,P00488,Yes,2130.00
3074,2339,P00288,Yes,3328.00
3075,2626,P04448,Yes,4865.00
3076,1425,P00595,Yes,3697.00
3077,2381,P03282,Yes,2256.00
3078,1123,P04272,Yes,5604.00
3079,1273,P03801,Yes,1439.00
3080,2728,P02530,Yes,4670.00
3081,1197,P04751,Yes,1693.00
3082,1564,P04310,Yes,1534.00
3083,2308,P04156,Yes,4100.00
3084,2799,P04510,Yes,1729.00
3085,1478,P00485,Yes,4063.00
3086,2029,P02408,Yes,2745.00
3087,1367,P04235,Yes,1579.00
3088,2543,P01349,Yes,1470.00
3089,1981,P00733,Yes,5221.00
3090,1016,P03078,Yes,4294.00
3091,2434,P01874,Yes,5857.00
3092,1481,P02912,Yes,2101.00
3093,1159,P02257,Yes,3850.00
3094,2839,P03282,No,2863.00
3095,1747,P03686,Yes,3462.00
3096,2031,P04933,Yes,1939.00
3097,1441,P00479,Yes,5480.00
3098,1003,P02816,Yes,5707.00
3099,1755,P02611,Yes,5514.00
3100,1581,P02842,Yes,5289.00
3101,2012,P00142,Yes,3513.00
3102,1329,P04753,Yes,3498.00
3103,2354,P02256,Yes,1922.00
3104,1066,P01529,Yes,3354.00
3105,1162,P04982,Yes,3080.00
3106,2398,P00629,Yes,4228.00
3107,2426,P00983,Yes,2178.00
3108,1830,P02564,Yes,1109.00
3109,1329,P01220,Yes,4617.00
3110,1270,P03081,Yes,1077.00
3111,1572,P03429,No,4061.00
3112,2309,P03886,Yes,1495.00
3113,1072,P02452,Yes,5563.00
3114,2817,P03966,No,2997.00
3115,2710,P04791,Yes,2596.00
3116,2928,P01107,Yes,3207.00
3117,2630,P04625,Yes,1933.00
3118,1341,P02728,Yes,1272.00
3119,2533,P02033,No,3658.00
3120,2608,P02007,Yes,5756.00
3121,1528,P02253,Yes,1443.00
3122,1480,P00169,Yes,2472.00
3123,2652,P04246,Yes,4454.00
3124,2855,P04202,Yes,1160.00
3125,1059,P03802,Yes,4155.00
3126,1809,P02852,Yes,2971.00
3127,2526,P03967,Yes,2212.00
3128,2347,P04380,Yes,0.00
3129,1356,P02930,Yes,1257.00
3130,1779,P01664,Yes,4042.00
3131,1891,P01144,Yes,2304.00
3132,1209,P02342,Yes,1462.00
3133,2796,P04966,Yes,3708.00
3134,2370,P01166,Yes,3964.00
3135,2828,P02720,Yes,1631.00
3136,2332,P02039,Yes,2247.00
3137,2565,P02638,Yes,3634.00
3138,2623,P02634,Yes,3845.00
3139,1560,P02376,Yes,3227.00
3140,2140,P01021,Yes,3148.00
3141,2082,P02656,Yes,5734.00
3142,1043,P04083,Yes,0.00
3143,2655,P04158,No,1001.00
3144,1219,P04943,No,4577.00
3145,2119,P04806,Yes,4860.00
3146,1261,P04371,No,5964.00
3147,1507,P03790,Yes,1315.00
3148,1845,P05000,Yes,4122.00
3149,1042,P02181,Yes,4648.00
3150,1186,P01123,No,0.00
3151,1365,P02292,Yes,5498.00
3152,2258,P00907,Yes,0.00
3153,2261,P03643,Yes,1570.00
3154,1213,P00731,Yes,4848.00
3155,2230,P01455,Yes,1519.00
3156,1158,P03692,Yes,2065.00
3157,1369,P02904,Yes,3457.00
3158,2333,P00526,Yes,4671.00
3159,2645,P00423,Yes,3144.00
3160,2152,P01260,Yes,4052.00
3161,2630,P04747,Yes,1037.00
3162,2845,P02418,Yes,4509.00
3163,1599,P00365,Yes,4695.00
3164,2014,P04445,Yes,4478.00
3165,2029,P04683,Yes,2107.00
3166,2411,P02604,Yes,0.00
3167,1919,P02729,Yes,2181.00
3168,1667,P01562,Yes,5420.00
3169,1061,P00088,Yes,5221.00
3170,2693,P04339,Yes,4151.00
3171,2958,P04653,Yes,4709.00
3172,2267,P01336,Yes,5001.00
3173,2978,P00936,Yes,0.00
3174,1087,P02405,Yes,4164.00
3175,1002,P02129,Yes,2447.00
3176,2069,P02566,Yes,3143.00
3177,2683,P01864,Yes,5995.00
3178,2710,P00653,Yes,2567.00
3179,2995,P01588,Yes,5262.00
3180,1928,P04238,Yes,3421.00
3181,2479,P00313,Yes,2151.00
3182,1680,P02525,Yes,4549.00
3183,1328,P03391,Yes,1431.00
3184,2709,P00183,Yes,5435.00
3185,1358,P04996,Yes,1139.00
3186,1090,P03995,Yes,1355.00
3187,1153,P00511,Yes,1824.00
3188,1745,P01848,Yes,0.00
3189,2754,P02811,Yes,3303.00
3190,2879,P03953,Yes,5089.00
3191,1767,P03089,Yes,5770.00
3192,2895,P04105,Yes,4430.00
3193,2847,P01856,Yes,5432.00
3194,1105,P01736,Yes,2703.00
3195,1984,P02607,Yes,1551.00
3196,2129,P03202,Yes,2618.00
3197,2250,P04282,Yes,3262.00
3198,2101,P04723,Yes,2815.00
3199,2998,P03368,Yes,1842.00
3200,1599,P00453,Yes,1838.00
3201,1625,P04590,Yes,1221.00
3202,1741,P04587,Yes,1928.00
3203,1234,P00450,Yes,1766.00
3204,2790,P03359,Yes,1847.00
3205,2423,P00786,Yes,1388.00
3206,2926,P02023,Yes,1375.00
3207,2279,P00863,Yes,1134.00
3208,2615,P04096,Yes,5010.00
3209,2913,P01369,Yes,3827.00
3210,2359,P03585,Yes,1531.00
3211,2640,P00408,Yes,3205.00
3212,2116,P03606,Yes,5639.00
3213,1783,P00473,Yes,5017.00
3214,2353,P01271,No,5887.00
3215,2373,P04854,Yes,4389.00
3216,2904,P00530,Yes,5693.00
3217,1676,P03751,Yes,2628.00
3218,1760,P04849,Yes,5163.00
3219,2058,P04799,Yes,3900.00
3220,2873,P03010,Yes,2556.00
3221,1027,P01324,Yes,3608.00
3222,1815,P03371,Yes,1465.00
3223,2060,P04390,Yes,0.00
3224,1976,P00819,Yes,4422.00
3225,1389,P01202,Yes,1795.00
3226,1236,P02749,Yes,4813.00
3227,2683,P02440,Yes,2038.00
3228,1863,P00012,Yes,5443.00
3229,1320,P04302,Yes,0.00
3230,1835,P01311,Yes,2304.00
3231,1733,P03107,Yes,0.00
3232,1375,P00674,Yes,5071.00
3233,1077,P01920,Yes,0.00
3234,1790,P00204,Yes,1276.00
3235,2331,P01505,Yes,1048.00
3236,2862,P01989,Yes,2375.00
3237,2561,P00590,Yes,4806.00
3238,1631,P00969,Yes,5314.00
3239,1429,P01703,Yes,1079.00
3240,2945,P02069,Yes,4064.00
3241,2130,P03294,Yes,0.00
3242,2859,P01990,Yes,2301.00
3243,2443,P00147,Yes,3098.00
3244,2307,P03971,Yes,1863.00
3245,2337,P01775,Yes,5291.00
3246,2238,P02190,Yes,4653.00
3247,2831,P02074,Yes,5210.00
3248,2917,P03594,Yes,0.00
3249,2784,P04440,Yes,1695.00
3250,2623,P00563,Yes,3969.00
3251,2442,P01799,Yes,4094.00
3252,2049,P04709,Yes,2892.00
3253,1516,P01222,Yes,1605.00
3254,2269,P03894,Yes,1404.00
3255,2720,P03270,Yes,5210.00
3256,1698,P03940,Yes,3560.00
3257,1198,P00721,Yes,4640.00
3258,2171,P03349,Yes,1695.00
3259,1836,P02614,Yes,4099.00
3260,1268,P03610,Yes,5171.00
3261,2641,P00122,Yes,3890.00
3262,2417,P04366,Yes,1873.00
3263,1164,P00206,Yes,2587.00
3264,1454,P03781,Yes,3123.00
3265,1813,P00398,Yes,5685.00
3266,2659,P04315,Yes,2976.00
3267,2030,P03048,Yes,4874.00
3268,2110,P03217,Yes,5847.00
3269,1397,P00250,Yes,5976.00
3270,2853,P03975,Yes,1569.00
3271,1215,P04321,Yes,1963.00
3272,1770,P03141,Yes,2357.00
3273,1211,P03169,Yes,4308.00
3274,1125,P02290,Yes,5259.00
3275,2065,P01421,Yes,3370.00
3276,1473,P00318,Yes,3649.00
3277,1545,P04673,Yes,4525.00
3278,2632,P02650,Yes,3570.00
3279,1560,P03337,No,4979.00
3280,1561,P00719,Yes,0.00
3281,2264,P04613,Yes,2964.00
3282,2642,P04690,Yes,5107.00
3283,2977,P04638,Yes,5103.00
3284,2478,P01620,Yes,5093.00
3285,2336,P00720,Yes,4685.00
3286,2630,P04179,Yes,4788.00
3287,1963,P02077,Yes,5870.00
3288,2309,P00600,Yes,3880.00
3289,2836,P00085,Yes,4053.00
3290,1001,P02501,Yes,2130.00
3291,2990,P02341,Yes,2956.00
3292,1789,P02722,Yes,4588.00
3293,2406,P02242,Yes,1693.00
3294,1183,P01031,Yes,1432.00
3295,1824,P04543,Yes,5022.00
3296,1391,P02098,Yes,4559.00
3297,2685,P01870,Yes,5129.00
3298,2101,P00925,Yes,1800.00
3299,2274,P04825,Yes,4992.00
3300,2221,P04851,Yes,1270.00
3301,2727,P00398,Yes,5810.00
3302,2078,P01858,Yes,0.00
3303,1219,P03006,Yes,1157.00
3304,1394,P04752,Yes,0.00
3305,1654,P03386,Yes,3603.00
3306,2420,P00013,Yes,2901.00
3307,2170,P03303,Yes,5732.00
3308,1826,P04223,Yes,3814.00
3309,2800,P00386,Yes,5173.00
3310,2882,P00042,Yes,2837.00
3311,2861,P00932,Yes,0.00
3312,1423,P04019,Yes,1800.00
3313,1544,P00471,Yes,5078.00
3314,1297,P00075,Yes,5773.00
3315,2133,P00796,Yes,5525.00
3316,2519,P02732,Yes,1778.00
3317,1906,P03095,Yes,2597.00
3318,2430,P00383,Yes,4165.00
3319,1032,P01393,Yes,4103.00
3320,2327,P02271,Yes,1215.00
3321,2625,P03069,Yes,4980.00
3322,1969,P02552,Yes,1347.00
3323,1896,P00207,Yes,5122.00
3324,1191,P00971,Yes,2120.00
3325,2157,P01074,Yes,4384.00
3326,2871,P00137,Yes,5025.00
3327,1309,P02108,Yes,2246.00
3328,2514,P01326,Yes,5223.00
3329,2915,P02166,Yes,4658.00
3330,1621,P00507,Yes,1998.00
3331,1094,P04602,Yes,3266.00
3332,1599,P02794,Yes,1873.00
3333,2115,P02178,Yes,4600.00
3334,1169,P00850,Yes,3679.00
3335,2384,P02108,Yes,1777.00
3336,1453,P03452,Yes,2775.00
3337,2729,P04498,Yes,1896.00
3338,1159,P03421,Yes,1678.00
3339,1370,P01758,Yes,3641.00
3340,2195,P01162,Yes,1142.00
3341,2442,P04425,Yes,5170.00
3342,1786,P00956,Yes,1221.00
3343,1210,P04394,Yes,4568.00
3344,1941,P04072,Yes,1088.00
3345,2229,P00987,Yes,2007.00
3346,1850,P03436,Yes,4191.00
3347,1971,P01047,Yes,1233.00
3348,2315,P04276,Yes,1164.00
3349,1739,P01848,Yes,5228.00
3350,2944,P04483,Yes,2498.00
3351,2715,P00301,Yes,2241.00
3352,2232,P02877,Yes,4036.00
3353,2102,P03840,Yes,1994.00
3354,2920,P03687,Yes,1559.00
3355,1821,P01070,Yes,4108.00
3356,2701,P04286,Yes,3884.00
3357,2333,P02730,Yes,3350.00
3358,1638,P00835,Yes,4779.00
3359,1766,P02850,Yes,3667.00
3360,2799,P03924,Yes,2345.00
3361,1846,P04477,Yes,2395.00
3362,2191,P01822,Yes,3295.00
3363,2989,P03080,Yes,4604.00
3364,1402,P01156,Yes,2957.00
3365,2649,P02754,Yes,2621.00
3366,1296,P02855,Yes,1460.00
3367,2930,P01866,Yes,5574.00
3368,1965,P00556,Yes,2073.00
3369,2134,P00350,Yes,2175.00
3370,2783,P00608,Yes,5845.00
3371,2355,P02083,No,4272.00
3372,1730,P01008,Yes,5876.00
3373,2099,P03574,Yes,5847.00
3374,2885,P03149,Yes,3560.00
3375,1679,P04751,Yes,5917.00
3376,2247,P01369,Yes,4040.00
3377,1919,P01624,Yes,1951.00
3378,1160,P01711,Yes,4991.00
3379,2081,P03995,Yes,2819.00
3380,1476,P00785,Yes,1808.00
3381,2820,P00135,Yes,2234.00
3382,2290,P00319,Yes,4498.00
3383,1452,P03495,Yes,1946.00
3384,2029,P00107,Yes,1642.00
3385,2966,P04248,Yes,5184.00
3386,2232,P02975,Yes,4958.00
3387,2734,P02361,Yes,4916.00
3388,2143,P03181,Yes,1303.00
3389,2412,P04648,Yes,1388.00
3390,2648,P01374,Yes,5760.00
3391,2074,P04997,Yes,4022.00
3392,1538,P03316,Yes,1913.00
3393,1087,P01145,Yes,5481.00
3394,2112,P00738,Yes,3330.00
3395,1709,P03757,Yes,2893.00
3396,1103,P03108,Yes,1212.00
3397,2017,P00485,Yes,4404.00
3398,1069,P04053,Yes,1584.00
3399,1199,P03889,Yes,1705.00
3400,1917,P01238,Yes,4753.00
3401,1945,P02128,Yes,4330.00
3402,2424,P04622,Yes,1233.00
3403,1360,P01627,Yes,2837.00
3404,2067,P03774,Yes,2475.00
3405,1506,P01158,Yes,3000.00
3406,1885,P03954,Yes,5286.00
3407,1655,P04868,Yes,3688.00
3408,1177,P00458,Yes,3448.00
3409,2202,P04710,Yes,2030.00
3410,2795,P03331,Yes,5283.00
3411,2537,P03045,Yes,3303.00
3412,2303,P04515,Yes,1235.00
3413,2259,P02392,Yes,1292.00
3414,1705,P02641,Yes,3831.00
3415,2058,P04232,Yes,5214.00
3416,1244,P01158,Yes,1803.00
3417,1390,P01159,Yes,1381.00
3418,1323,P04973,Yes,3514.00
3419,1327,P00913,Yes,5336.00
3420,2358,P03763,Yes,5243.00
3421,2717,P04242,Yes,4865.00
3422,1967,P00675,Yes,5548.00
3423,1563,P01934,Yes,2912.00
3424,2243,P03935,Yes,5425.00
3425,2743,P00036,Yes,3729.00
3426,2562,P02357,Yes,4523.00
3427,1792,P00088,Yes,4207.00
3428,1040,P02598,Yes,2161.00
3429,1695,P03378,Yes,1958.00
3430,1923,P03456,Yes,4699.00
3431,2586,P02433,Yes,1970.00
3432,1194,P04937,Yes,1894.00
3433,1200,P04245,No,3757.00
3434,1630,P02505,Yes,5436.00
3435,2230,P01738,Yes,3539.00
3436,1541,P02732,Yes,4287.00
3437,1406,P02470,Yes,2209.00
3438,1701,P02395,Yes,4289.00
3439,1152,P02952,No,5480.00
3440,2084,P00045,Yes,2010.00
3441,2390,P02449,Yes,2364.00
3442,1346,P04470,Yes,4944.00
3443,1171,P02604,Yes,4703.00
3444,1075,P03805,Yes,3866.00
3445,1728,P01828,Yes,1326.00
3446,1424,P03205,Yes,3573.00
3447,2119,P02372,Yes,3934.00
3448,2260,P04106,Yes,4791.00
3449,1419,P03278,Yes,2453.00
3450,2242,P02415,Yes,1250.00
3451,2260,P04613,Yes,3278.00
3452,1863,P03905,Yes,2635.00
3453,2156,P02566,Yes,2119.00
3454,2814,P00971,No,4040.00
3455,1654,P01382,Yes,5092.00
3456,1867,P03151,Yes,2805.00
3457,2195,P01417,Yes,1341.00
3458,1942,P00286,Yes,3167.00
3459,1225,P03602,Yes,3211.00
3460,1843,P01238,Yes,5710.00
3461,1977,P04332,Yes,0.00
3462,2683,P04762,Yes,4220.00
3463,1504,P01432,Yes,5570.00
3464,1543,P03829,Yes,1387.00
3465,2419,P01118,Yes,5648.00
3466,1920,P02774,Yes,2905.00
3467,2336,P04573,Yes,4241.00
3468,1870,P01253,Yes,5384.00
3469,1526,P04066,Yes,1613.00
3470,1238,P02056,Yes,1665.00
3471,1624,P03604,Yes,2812.00
3472,1001,P03996,Yes,5649.00
3473,2614,P03633,Yes,3881.00
3474,1168,P00225,Yes,1621.00
3475,2855,P04335,Yes,3223.00
3476,1405,P02005,Yes,3984.00
3477,1822,P00114,Yes,3194.00
3478,2286,P03494,Yes,3577.00
3479,2473,P02022,Yes,5564.00
3480,1215,P00361,Yes,3810.00
3481,1172,P01664,Yes,3755.00
3482,1288,P00161,Yes,2083.00
3483,2464,P00219,Yes,4416.00
3484,1981,P04166,Yes,5888.00
3485,1327,P00488,Yes,2826.00
3486,1631,P00611,Yes,5380.00
3487,2688,P02358,Yes,3859.00
3488,1669,P04666,Yes,4051.00
3489,1147,P03854,Yes,1505.00
3490,1708,P03262,Yes,5960.00
3491,2961,P04638,Yes,5105.00
3492,2747,P03090,Yes,5731.00
3493,1957,P01726,Yes,2190.00
3494,2772,P03419,Yes,5720.00
3495,2278,P03390,Yes,1226.00
3496,2162,P03883,Yes,0.00
3497,2911,P04136,Yes,2067.00
3498,1988,P00589,Yes,5551.00
3499,1724,P01203,Yes,2562.00
3500,1948,P04161,Yes,2310.00
3501,2579,P02003,Yes,2937.00
3502,2000,P00760,Yes,3833.00
3503,2492,P04171,Yes,2657.00
3504,2063,P00045,Yes,2273.00
3505,2195,P04841,Yes,2044.00
3506,1382,P01594,No,0.00
3507,2009,P00616,Yes,1940.00
3508,2247,P02296,Yes,2028.00
3509,2945,P04251,Yes,4329.00
3510,1772,P03092,Yes,2424.00
3511,1931,P04033,Yes,4853.00
3512,2954,P04061,Yes,3150.00
3513,2333,P04429,Yes,4516.00
3514,2823,P01238,Yes,3540.00
3515,1150,P04501,Yes,1717.00
3516,2479,P04409,Yes,2445.00
3517,1129,P04537,Yes,0.00
3518,1753,P02362,Yes,1679.00
3519,1203,P03358,Yes,2570.00
3520,1478,P03168,No,2395.00
3521,2007,P03163,Yes,3097.00
3522,1449,P00592,Yes,3613.00
3523,2829,P03409,Yes,5594.00
3524,1028,P02743,Yes,1375.00
3525,1379,P04830,Yes,4103.00
3526,2102,P01930,Yes,3485.00
3527,2942,P04091,Yes,1041.00
3528,2781,P02164,Yes,3343.00
3529,2491,P03747,Yes,3357.00
3530,2534,P03285,Yes,1709.00
3531,2548,P02166,Yes,2040.00
3532,1158,P01234,Yes,4788.00
3533,1241,P04588,Yes,5022.00
3534,2895,P01521,Yes,5412.00
3535,1447,P02575,Yes,2175.00
3536,1077,P03701,Yes,3406.00
3537,2865,P04306,Yes,3786.00
3538,2035,P00956,No,1125.00
3539,2324,P04433,Yes,1571.00
3540,2747,P03134,Yes,3494.00
3541,2726,P00001,No,3019.00
3542,1034,P00102,Yes,5482.00
3543,1042,P00693,Yes,5534.00
3544,2653,P04303,Yes,0.00
3545,1999,P03632,Yes,2369.00
3546,1574,P03581,Yes,3772.00
3547,2730,P03303,Yes,4663.00
3548,2365,P03841,Yes,5927.00
3549,1407,P04346,Yes,1515.00
3550,2041,P03228,Yes,5061.00
3551,1980,P04833,Yes,1984.00
3552,2696,P03897,Yes,3611.00
3553,2781,P01424,Yes,1321.00
3554,1481,P02955,Yes,0.00
3555,2261,P01233,Yes,1461.00
3556,2734,P04086,Yes,3179.00
3557,1243,P00809,Yes,5525.00
3558,2181,P01501,Yes,5101.00
3559,2870,P00763,Yes,5495.00
3560,2503,P03219,Yes,5260.00
3561,1959,P01921,Yes,2662.00
3562,2748,P03287,Yes,2126.00
3563,1887,P03158,Yes,1015.00
3564,1517,P01762,Yes,2679.00
3565,2563,P03948,Yes,4067.00
3566,2963,P01004,Yes,4860.00
3567,1652,P01282,Yes,4252.00
3568,1883,P01560,Yes,2959.00
3569,1652,P03015,Yes,5445.00
3570,1902,P04778,Yes,5724.00
3571,1819,P00010,Yes,3408.00
3572,1657,P04134,Yes,1839.00
3573,2603,P03319,Yes,3175.00
3574,1894,P00321,Yes,1255.00
3575,2742,P02621,Yes,3926.00
3576,1861,P01529,Yes,5198.00
3577,1415,P01420,Yes,2117.00
3578,2545,P01003,Yes,2890.00
3579,2237,P01450,Yes,5954.00
3580,1742,P03283,Yes,5237.00
3581,2887,P00507,Yes,2360.00
3582,2530,P03672,Yes,5383.00
3583,1829,P04215,Yes,4079.00
3584,2679,P03083,Yes,3188.00
3585,1884,P00899,Yes,5678.00
3586,1640,P03936,Yes,3643.00
3587,2474,P03129,Yes,1987.00
3588,2515,P04349,Yes,0.00
3589,2738,P04511,Yes,3319.00
3590,1588,P00442,Yes,5776.00
3591,2820,P01997,Yes,3532.00
3592,2392,P00353,Yes,5050.00
3593,2335,P00539,No,5087.00
3594,1329,P02935,Yes,3392.00
3595,2762,P03273,Yes,1159.00
3596,2026,P04526,Yes,3942.00
3597,2182,P02493,Yes,2734.00
3598,2149,P00222,Yes,2471.00
3599,2193,P03765,Yes,1483.00
3600,2870,P01783,Yes,5350.00
3601,1697,P01701,Yes,3305.00
3602,2394,P02213,Yes,4402.00
3603,2391,P03935,Yes,3830.00
3604,2524,P03787,Yes,4488.00
3605,2753,P00901,Yes,4407.00
3606,2041,P00383,Yes,5720.00
3607,1021,P03479,Yes,4946.00
3608,1975,P04150,Yes,3282.00
3609,2565,P04409,Yes,2240.00
3610,1520,P01345,Yes,1711.00
3611,1805,P04666,Yes,1777.00
3612,1134,P01154,Yes,1355.00
3613,2458,P00091,No,4819.00
3614,1348,P03322,Yes,4406.00
3615,1933,P03644,Yes,2835.00
3616,2332,P02039,Yes,5116.00
3617,1711,P02429,Yes,1288.00
3618,2065,P01390,Yes,4330.00
3619,1465,P00331,Yes,3699.00
3620,2928,P02460,Yes,3905.00
3621,1743,P01049,Yes,4619.00
3622,1519,P04637,Yes,1738.00
3623,2095,P00377,Yes,5166.00
3624,2904,P02338,Yes,3901.00
3625,1624,P00867,Yes,3606.00
3626,1491,P01530,Yes,5097.00
3627,1700,P04820,Yes,2344.00
3628,1115,P02717,Yes,1599.00
3629,2172,P02920,Yes,5771.00
3630,1757,P02153,Yes,1772.00
3631,2833,P04157,Yes,4655.00
3632,1497,P00200,Yes,3819.00
3633,1142,P04674,Yes,3867.00
3634,2642,P02419,Yes,3998.00
3635,2572,P00512,Yes,1478.00
3636,1007,P04552,Yes,4283.00
3637,1829,P02376,Yes,4917.00
3638,2774,P00853,Yes,4829.00
3639,1707,P03150,Yes,2477.00
3640,2715,P03918,Yes,3703.00
3641,2707,P00561,Yes,5561.00
3642,1728,P02529,Yes,5447.00
3643,1866,P02286,No,4485.00
3644,2811,P02502,Yes,5545.00
3645,1489,P00592,Yes,1876.00
3646,2411,P00945,Yes,1623.00
3647,1273,P01293,Yes,4525.00
3648,2601,P01608,Yes,2842.00
3649,1595,P03488,Yes,2523.00
3650,1784,P00513,Yes,5309.00
3651,2425,P02376,Yes,3594.00
3652,1406,P01799,Yes,3592.00
3653,2140,P04256,Yes,1048.00
3654,1674,P03762,Yes,3630.00
3655,2248,P04252,Yes,1829.00
3656,2880,P01314,Yes,1189.00
3657,2487,P00987,Yes,3430.00
3658,1853,P01287,Yes,1721.00
3659,2834,P02387,Yes,0.00
3660,1502,P02065,Yes,3469.00
3661,2705,P00152,Yes,3092.00
3662,2077,P01731,Yes,2275.00
3663,2858,P04968,Yes,4287.00
3664,1340,P02946,Yes,1236.00
3665,1279,P04968,Yes,1432.00
3666,1196,P02626,Yes,1836.00
3667,1695,P03588,Yes,3652.00
3668,2183,P01653,Yes,1292.00
3669,2369,P04560,Yes,5862.00
3670,1780,P04954,Yes,4230.00
3671,1103,P00176,No,1371.00
3672,2048,P04876,Yes,5163.00
3673,1874,P01051,Yes,1999.00
3674,1672,P04916,Yes,1067.00
3675,2153,P03100,Yes,2228.00
3676,1850,P01188,Yes,3742.00
3677,1268,P03842,Yes,4473.00
3678,2723,P00360,Yes,3057.00
3679,1601,P00575,Yes,4267.00
3680,2918,P04824,No,2129.00
3681,1843,P03460,Yes,3993.00
3682,2357,P00957,Yes,2513.00
3683,2872,P01096,Yes,3473.00
3684,1119,P02122,Yes,5030.00
3685,1261,P04350,Yes,3249.00
3686,2807,P01549,Yes,5749.00
3687,2878,P03295,Yes,2695.00
3688,2954,P04144,Yes,0.00
3689,1032,P03124,Yes,5952.00
3690,2054,P01231,Yes,5312.00
3691,2582,P01419,Yes,2454.00
3692,2378,P00559,Yes,3073.00
3693,2099,P03545,Yes,3784.00
3694,1525,P04946,Yes,5910.00
3695,1722,P04391,Yes,2084.00
3696,1144,P02646,Yes,0.00
3697,1248,P03411,Yes,4724.00
3698,1842,P03384,Yes,3679.00
3699,1265,P02702,Yes,5851.00
3700,1324,P03757,Yes,3084.00
3701,2431,P03237,Yes,1592.00
3702,2078,P03714,Yes,2354.00
3703,1062,P04148,Yes,3032.00
3704,1311,P01382,Yes,1768.00
3705,1725,P04516,Yes,1737.00
3706,2402,P01776,Yes,5809.00
3707,1738,P01240,Yes,2050.00
3708,1488,P01900,Yes,3841.00
3709,1732,P01950,Yes,2950.00
3710,1278,P04868,Yes,3481.00
3711,2924,P03977,Yes,1459.00
3712,2418,P03993,Yes,5025.00
3713,1144,P00412,Yes,2917.00
3714,1650,P00523,Yes,3998.00
3715,1576,P03682,Yes,5368.00
3716,1421,P02383,Yes,3302.00
3717,1694,P00098,Yes,5600.00
3718,2940,P00178,Yes,1937.00
3719,1619,P03341,Yes,2270.00
3720,2289,P00344,Yes,4216.00
3721,1898,P00953,Yes,1257.00
3722,1402,P03436,Yes,4092.00
3723,2927,P02402,Yes,5694.00
3724,1658,P00182,Yes,3030.00
3725,2069,P02455,Yes,5180.00
3726,2763,P00895,Yes,1784.00
3727,2710,P03612,Yes,2730.00
3728,2855,P03441,Yes,3653.00
3729,1247,P00859,Yes,3261.00
3730,2481,P04335,Yes,5456.00
3731,2829,P02584,Yes,2433.00
3732,2763,P02370,Yes,1152.00
3733,1926,P03844,Yes,3142.00
3734,1293,P01650,Yes,2447.00
3735,2986,P03525,Yes,4946.00
3736,2448,P04257,Yes,1974.00
3737,2506,P02721,Yes,5510.00
3738,1138,P02630,Yes,4230.00
3739,2251,P02811,Yes,4891.00
3740,1330,P01955,Yes,3053.00
3741,1148,P00722,Yes,4762.00
3742,2004,P01225,Yes,1175.00
3743,2945,P04747,Yes,2031.00
3744,1542,P02781,Yes,1621.00
3745,1558,P02722,Yes,4770.00
3746,2811,P04517,Yes,3230.00
3747,2073,P01744,Yes,4585.00
3748,1997,P03938,Yes,2893.00
3749,2743,P02703,Yes,4351.00
3750,2966,P00596,Yes,3325.00
3751,2707,P01319,Yes,1397.00
3752,1503,P04229,Yes,1892.00
3753,2051,P02337,Yes,5023.00
3754,2677,P01612,Yes,1632.00
3755,1276,P00149,Yes,2916.00
3756,2070,P04083,Yes,4312.00
3757,2106,P03757,Yes,1729.00
3758,1026,P01210,Yes,4634.00
3759,1844,P04929,Yes,5168.00
3760,1899,P01729,Yes,3473.00
3761,1417,P03910,Yes,5753.00
3762,2128,P00950,Yes,4521.00
3763,1032,P02701,No,1122.00
3764,2206,P02114,Yes,5536.00
3765,1807,P02763,Yes,0.00
3766,1959,P03353,Yes,5993.00
3767,1314,P01616,Yes,4396.00
3768,2827,P02333,Yes,5384.00
3769,2182,P00754,Yes,2130.00
3770,1778,P01108,Yes,5469.00
3771,1251,P00360,Yes,3970.00
3772,1907,P00743,Yes,2566.00
3773,1571,P04391,Yes,3377.00
3774,1718,P03448,Yes,2250.00
3775,1805,P01294,Yes,1593.00
3776,2267,P04967,Yes,4551.00
3777,2667,P01620,Yes,5491.00
3778,2905,P04293,Yes,4178.00
3779,1634,P02985,Yes,4869.00
3780,1922,P00866,Yes,4493.00
3781,2194,P01858,Yes,0.00
3782,2347,P02984,Yes,1007.00
3783,1793,P04094,Yes,5144.00
3784,1045,P02181,Yes,4597.00
3785,2025,P01041,Yes,3945.00
3786,1517,P01714,Yes,4923.00
3787,1909,P02472,Yes,2671.00
3788,1531,P02051,Yes,1857.00
3789,2289,P03955,Yes,4551.00
3790,2910,P04984,Yes,1873.00
3791,1888,P02696,Yes,5021.00
3792,1034,P00721,Yes,1806.00
3793,2301,P04274,Yes,4871.00
3794,1078,P04726,Yes,4368.00
3795,1306,P02402,Yes,5225.00
3796,2288,P04497,Yes,5019.00
3797,2686,P02491,Yes,1848.00
3798,1353,P04476,Yes,5531.00
3799,1337,P04345,Yes,5599.00
3800,1200,P00467,Yes,5575.00
3801,1951,P01469,Yes,5902.00
3802,2805,P01737,Yes,2616.00
3803,2245,P01340,Yes,1323.00
3804,1637,P02612,Yes,3506.00
3805,2946,P02072,Yes,3924.00
3806,2355,P01241,Yes,3446.00
3807,2748,P04468,Yes,3392.00
3808,1863,P00786,Yes,5640.00
3809,2398,P03959,Yes,3837.00
3810,1061,P04542,Yes,5716.00
3811,1628,P03136,Yes,2344.00
3812,1728,P00525,Yes,3708.00
3813,1114,P01681,Yes,4906.00
3814,2768,P02202,No,2414.00
3815,2823,P04406,Yes,1255.00
3816,2108,P03101,Yes,1411.00
3817,1644,P00164,Yes,1641.00
3818,1732,P03005,Yes,2052.00
3819,1487,P01226,Yes,3259.00
3820,2319,P02571,Yes,3940.00
3821,2148,P02535,Yes,2951.00
3822,1013,P04028,Yes,4508.00
3823,1084,P04552,Yes,0.00
3824,1500,P03365,Yes,4654.00
3825,2592,P02925,Yes,4610.00
3826,2921,P04225,Yes,1199.00
3827,2833,P00442,Yes,3450.00
3828,2751,P03647,Yes,4087.00
3829,2921,P04898,Yes,2841.00
3830,2285,P04722,Yes,2686.00
3831,2831,P01671,Yes,4375.00
3832,2734,P02494,Yes,2950.00
3833,2900,P00505,Yes,1270.00
3834,2415,P02005,Yes,3283.00
3835,2830,P00747,Yes,4185.00
3836,2144,P00555,Yes,5899.00
3837,1537,P03929,Yes,4807.00
3838,1466,P02698,Yes,4152.00
3839,2135,P00497,Yes,5939.00
3840,1102,P00344,Yes,1481.00
3841,1376,P04458,Yes,5880.00
3842,2537,P04955,No,1451.00
3843,1824,P04290,Yes,1714.00
3844,1707,P04365,Yes,3188.00
3845,2825,P02179,Yes,2124.00
3846,2839,P02775,Yes,3062.00
3847,2379,P00441,Yes,2166.00
3848,1179,P03157,Yes,4331.00
3849,2874,P00064,Yes,1701.00
3850,1322,P02104,Yes,5206.00
3851,1088,P02408,Yes,2729.00
3852,1435,P04545,Yes,2383.00
3853,2927,P04932,Yes,2383.00
3854,1430,P00425,Yes,2035.00
3855,1080,P00706,Yes,4271.00
3856,2724,P04348,Yes,4834.00
3857,1152,P04691,Yes,0.00
3858,1889,P02592,Yes,5458.00
3859,2553,P01816,Yes,1564.00
3860,2177,P01276,Yes,1329.00
3861,1409,P03468,Yes,5081.00
3862,1987,P02594,Yes,2217.00
3863,1592,P03918,Yes,4132.00
3864,1101,P01395,Yes,3158.00
3865,1929,P02744,Yes,1679.00
3866,2129,P01961,Yes,1162.00
3867,2587,P01254,Yes,2065.00
3868,2689,P00837,Yes,2907.00
3869,2512,P03868,Yes,1647.00
3870,1977,P00641,Yes,5967.00
3871,1805,P02527,Yes,3356.00
3872,1315,P01845,Yes,4470.00
3873,2437,P03012,Yes,3620.00
3874,1214,P03401,Yes,1775.00
3875,1334,P03015,Yes,1429.00
3876,2014,P04560,Yes,5673.00
3877,2038,P02239,Yes,4541.00
3878,2174,P02294,Yes,5320.00
3879,2203,P01752,Yes,3436.00
3880,2490,P03634,Yes,3335.00
3881,2131,P04160,Yes,4897.00
3882,1699,P00635,Yes,4293.00
3883,1368,P00399,Yes,4761.00
3884,2471,P04975,Yes,2935.00
3885,1271,P03812,Yes,0.00
3886,2366,P00368,Yes,5268.00
3887,1202,P03177,Yes,2590.00
3888,1599,P01572,Yes,1607.00
3889,2717,P03301,Yes,1084.00
3890,1141,P01776,Yes,2751.00
3891,2574,P00024,Yes,3822.00
3892,1784,P00091,Yes,1052.00
3893,1999,P01955,Yes,4870.00
3894,1260,P04452,Yes,1976.00
3895,1611,P00229,Yes,5274.00
3896,1105,P04409,Yes,0.00
3897,2671,P01206,Yes,1137.00
3898,2673,P00880,Yes,2795.00
3899,1625,P03931,Yes,5348.00
3900,1836,P01078,Yes,2037.00
3901,1018,P04959,Yes,4124.00
3902,1434,P03741,Yes,5783.00
3903,1465,P01999,Yes,5333.00
3904,2479,P02880,Yes,3153.00
3905,2420,P01013,Yes,3514.00
3906,2187,P03286,Yes,1712.00
3907,2226,P02378,Yes,4171.00
3908,2841,P04916,Yes,5549.00
3909,2806,P04068,Yes,3856.00
3910,1755,P00600,Yes,2867.00
3911,2487,P03406,Yes,4794.00
3912,2386,P03334,Yes,1876.00
3913,2993,P03070,Yes,5571.00
3914,2853,P00427,Yes,1530.00
3915,2954,P02146,Yes,3635.00
3916,1285,P01766,Yes,5393.00
3917,2797,P04273,Yes,4180.00
3918,1799,P04936,Yes,2217.00
3919,1335,P02684,Yes,2986.00
3920,2773,P02966,Yes,3355.00
3921,2452,P01539,Yes,2837.00
3922,2807,P01798,Yes,5197.00
3923,1061,P02722,No,4560.00
3924,1405,P00874,Yes,0.00
3925,2162,P02771,Yes,2437.00
3926,1941,P00521,Yes,1623.00
3927,2032,P02158,Yes,2108.00
3928,1626,P00316,Yes,3754.00
3929,2868,P03709,Yes,5629.00
3930,2932,P03229,Yes,4405.00
3931,2549,P01078,Yes,5082.00
3932,1793,P03158,Yes,3348.00
3933,1334,P00594,Yes,2687.00
3934,2628,P00757,Yes,5639.00
3935,2728,P00759,Yes,2903.00
3936,1294,P00567,Yes,2960.00
3937,2386,P00233,Yes,5840.00
3938,1903,P01333,Yes,5737.00
3939,2960,P02318,Yes,5033.00
3940,2916,P01371,Yes,1586.00
3941,1309,P04271,Yes,3804.00
3942,2384,P02221,Yes,1374.00
3943,1133,P04768,Yes,5324.00
3944,2955,P00148,No,2467.00
3945,2404,P00162,Yes,5343.00
3946,2810,P00875,Yes,3467.00
3947,2631,P00206,Yes,2897.00
3948,2407,P01131,Yes,2433.00
3949,2480,P00017,Yes,4079.00
3950,1367,P04475,Yes,5718.00
3951,2325,P00094,Yes,5838.00
3952,1587,P03963,Yes,4833.00
3953,2770,P03951,Yes,2079.00
3954,2149,P04017,Yes,3283.00
3955,1185,P04068,Yes,5947.00
3956,1869,P00154,Yes,5311.00
3957,2953,P04141,Yes,4153.00
3958,1226,P03452,Yes,3669.00
3959,1300,P02833,Yes,4301.00
3960,1600,P02631,Yes,2908.00
3961,1025,P00801,Yes,3038.00
3962,2747,P01850,Yes,2911.00
3963,1299,P03419,Yes,5421.00
3964,1989,P03423,Yes,5933.00
3965,2669,P00110,Yes,2277.00
3966,2060,P04472,Yes,0.00
3967,2967,P01675,Yes,3139.00
3968,1173,P02043,Yes,3488.00
3969,1861,P04836,Yes,4084.00
3970,1270,P02103,Yes,3986.00
3971,1778,P04549,Yes,3597.00
3972,2921,P02919,Yes,3229.00
3973,2114,P01542,Yes,2848.00
3974,1357,P00980,Yes,4188.00
3975,1352,P01927,Yes,1342.00
3976,1594,P03783,Yes,4918.00
3977,1380,P04696,Yes,2758.00
3978,1180,P01401,Yes,4939.00
3979,2556,P00043,Yes,1774.00
3980,1654,P02863,Yes,5332.00
3981,2927,P04118,Yes,0.00
3982,1858,P03005,Yes,3662.00
3983,2302,P00128,Yes,5017.00
3984,2536,P01144,Yes,3262.00
3985,1190,P02568,Yes,1979.00
3986,2260,P00635,Yes,3789.00
3987,1628,P02117,Yes,2507.00
3988,1397,P03450,Yes,1522.00
3989,2304,P03212,Yes,1377.00
3990,1553,P04318,Yes,1535.00
3991,2178,P03198,Yes,1117.00
3992,2714,P00360,Yes,3799.00
3993,1455,P00943,Yes,2592.00
3994,1263,P00639,Yes,5190.00
3995,2590,P04662,Yes,4823.00
3996,2321,P02872,Yes,3803.00
3997,2974,P02115,Yes,3042.00
3998,1533,P04480,Yes,4699.00
3999,2675,P00150,Yes,4937.00
4000,2454,P00621,Yes,1201.00
4001,1712,P02927,Yes,4705.00
4002,1760,P00112,Yes,5355.00
4003,1908,P03774,Yes,2146.00
4004,1385,P03466,Yes,1218.00
4005,1590,P00442,Yes,1507.00
4006,1806,P02039,Yes,4658.00
4007,2998,P00724,Yes,4037.00
4008,1559,P01048,Yes,5724.00
4009,2353,P00776,Yes,5823.00
4010,1943,P02799,Yes,2712.00
4011,2146,P00373,Yes,3195.00
4012,2908,P00941,Yes,4017.00
4013,2714,P03174,Yes,2776.00
4014,2445,P03711,Yes,3049.00
4015,1849,P02412,Yes,1786.00
4016,2381,P00293,Yes,1836.00
4017,2451,P03716,Yes,2420.00
4018,1582,P04820,Yes,4307.00
4019,2320,P00685,Yes,3795.00
4020,2651,P02781,Yes,5648.00
4021,1951,P03048,Yes,0.00
4022,1812,P02817,Yes,3625.00
4023,2112,P03740,Yes,5237.00
4024,2144,P02570,Yes,2174.00
4025,2451,P01066,Yes,2034.00
4026,2805,P02826,Yes,4992.00
4027,1852,P02577,Yes,4637.00
4028,1651,P03955,Yes,1045.00
4029,1337,P00612,Yes,3663.00
4030,1105,P00626,Yes,2131.00
4031,2673,P01116,Yes,5474.00
4032,2279,P02487,Yes,2227.00
4033,2797,P03534,Yes,3118.00
4034,2824,P04996,Yes,5239.00
4035,1522,P00694,Yes,1180.00
4036,2933,P00502,Yes,3088.00
4037,2871,P03523,Yes,3536.00
4038,2259,P02609,Yes,3231.00
4039,2872,P03975,Yes,5463.00
4040,1954,P01709,Yes,2056.00
4041,2001,P04381,Yes,0.00
4042,2627,P03022,Yes,1322.00
4043,1877,P00207,Yes,2211.00
4044,2461,P00680,Yes,2413.00
4045,2336,P03186,Yes,1711.00
4046,1524,P00389,Yes,5030.00
4047,1351,P04771,No,5235.00
4048,1913,P03981,Yes,3328.00
4049,2371,P00658,Yes,3177.00
4050,1199,P04073,Yes,1835.00
4051,1758,P03244,Yes,4329.00
4052,2168,P02807,Yes,1569.00
4053,2006,P02520,Yes,2662.00
4054,1484,P02285,Yes,5681.00
4055,2414,P03438,Yes,5193.00
4056,1370,P00524,Yes,2356.00
4057,1256,P04885,Yes,5688.00
4058,1253,P00597,Yes,1380.00
4059,2912,P00291,Yes,5782.00
4060,2088,P01220,Yes,5129.00
4061,2075,P02240,Yes,1989.00
4062,1489,P01854,Yes,5520.00
4063,1558,P04763,Yes,1425.00
4064,1339,P04320,Yes,3047.00
4065,1792,P00026,Yes,4475.00
4066,2956,P00518,Yes,3902.00
4067,1747,P04754,Yes,2283.00
4068,1916,P03200,Yes,3044.00
4069,1453,P00366,Yes,3087.00
4070,1676,P04686,Yes,5072.00
4071,1482,P00184,Yes,4377.00
4072,2616,P03114,Yes,4400.00
4073,1192,P04073,No,2911.00
4074,1690,P00379,Yes,2054.00
4075,1006,P02514,Yes,4618.00
4076,1154,P00851,Yes,3398.00
4077,1736,P00411,Yes,2836.00
4078,1055,P03032,Yes,1720.00
4079,1333,P04790,Yes,5842.00
4080,1090,P04698,Yes,4443.00
4081,1279,P01656,Yes,5825.00
4082,2601,P01873,Yes,5442.00
4083,1910,P03401,Yes,0.00
4084,2950,P03456,Yes,5741.00
4085,1285,P02780,Yes,3392.00
4086,1086,P03990,Yes,1502.00
4087,2813,P00936,Yes,5712.00
4088,1615,P02625,Yes,1013.00
4089,1432,P02710,Yes,3493.00
4090,1223,P00464,Yes,2124.00
4091,1432,P04619,Yes,1409.00
4092,2837,P00631,Yes,1591.00
4093,2621,P03853,Yes,3530.00
4094,2215,P03676,Yes,3911.00
4095,2233,P03331,Yes,5844.00
4096,1249,P02377,Yes,0.00
4097,1001,P00574,Yes,2575.00
4098,2409,P03059,Yes,2446.00
4099,2290,P01974,Yes,2588.00
4100,1142,P01803,Yes,5971.00
4101,1771,P04916,Yes,2393.00
4102,2247,P01509,Yes,2671.00
4103,2262,P02322,Yes,1763.00
4104,2987,P01559,Yes,1374.00
4105,2399,P00844,Yes,4756.00
4106,2607,P02971,Yes,5057.00
4107,1842,P04864,Yes,2768.00
4108,1009,P03063,Yes,3791.00
4109,1925,P02103,Yes,2442.00
4110,2472,P02710,Yes,4133.00
4111,1282,P02644,Yes,3138.00
4112,2242,P04447,Yes,1728.00
4113,1092,P02830,Yes,5849.00
4114,1926,P02157,Yes,1581.00
4115,2797,P00130,Yes,2366.00
4116,1471,P03662,Yes,1402.00
4117,2644,P02925,Yes,5363.00
4118,1685,P03594,Yes,4129.00
4119,1982,P04188,Yes,3911.00
4120,2601,P03439,Yes,3711.00
4121,1747,P01954,Yes,3652.00
4122,2008,P03600,Yes,1707.00
4123,2257,P03341,Yes,2816.00
4124,1733,P03935,Yes,5294.00
4125,2569,P04131,Yes,1695.00
4126,2062,P00915,Yes,2926.00
4127,2075,P04145,Yes,3067.00
4128,1658,P01961,Yes,4764.00
4129,1710,P00635,Yes,1424.00
4130,2292,P00535,Yes,3457.00
4131,1285,P04376,Yes,1909.00
4132,1681,P00327,Yes,1858.00
4133,2178,P03555,Yes,3956.00
4134,2303,P02305,Yes,3166.00
4135,2182,P02657,Yes,3412.00
4136,1179,P04538,Yes,3601.00
4137,2923,P02310,Yes,5406.00
4138,1816,P00923,Yes,1521.00
4139,2971,P02278,Yes,1351.00
4140,2166,P02903,Yes,3888.00
4141,1059,P00621,Yes,4383.00
4142,1173,P02108,Yes,4012.00
4143,2552,P00642,Yes,1868.00
4144,2438,P01002,Yes,3935.00
4145,2259,P03127,Yes,2036.00
4146,1962,P01905,Yes,2267.00
4147,1408,P00101,Yes,3267.00
4148,1980,P01784,Yes,1265.00
4149,2996,P04148,Yes,3464.00
4150,1214,P00132,Yes,5811.00
4151,2793,P02992,Yes,3975.00
4152,1865,P01570,Yes,2083.00
4153,1556,P01641,Yes,4948.00
4154,2329,P01695,Yes,3351.00
4155,2715,P01348,Yes,3582.00
4156,2944,P03126,Yes,1116.00
4157,2454,P02836,Yes,3578.00
4158,2079,P00910,Yes,1216.00
4159,2746,P04132,Yes,3770.00
4160,2891,P01863,Yes,5090.00
4161,2035,P03240,Yes,1170.00
4162,1407,P01840,Yes,2439.00
4163,2317,P02579,Yes,3709.00
4164,1216,P01213,Yes,2099.00
4165,2623,P00301,Yes,5721.00
4166,2238,P00695,Yes,4316.00
4167,1129,P02199,Yes,5056.00
4168,1413,P02483,Yes,1140.00
4169,1212,P02249,Yes,4418.00
4170,2321,P01883,Yes,3358.00
4171,2351,P01042,Yes,2085.00
4172,1483,P03962,Yes,3645.00
4173,1582,P04403,Yes,1729.00
4174,2130,P01994,No,3199.00
4175,1172,P04812,Yes,3573.00
4176,1258,P02280,Yes,3143.00
4177,2249,P03539,Yes,3701.00
4178,1543,P04347,Yes,3372.00
4179,1428,P01026,Yes,4437.00
4180,2817,P00148,Yes,1801.00
4181,1380,P04568,Yes,1209.00
4182,2527,P03240,Yes,3143.00
4183,2639,P02881,Yes,5604.00
4184,2141,P01500,Yes,3515.00
4185,2943,P04836,Yes,3974.00
4186,2760,P00228,Yes,1295.00
4187,1916,P01734,Yes,4545.00
4188,2449,P01086,Yes,5369.00
4189,2830,P01951,Yes,5500.00
4190,2586,P00800,Yes,2878.00
4191,2019,P01027,Yes,4504.00
4192,1983,P00324,Yes,2580.00
4193,2720,P02247,Yes,3179.00
4194,2852,P03249,Yes,2912.00
4195,1589,P00108,Yes,1580.00
4196,1609,P01024,Yes,3337.00
4197,2531,P02989,Yes,5693.00
4198,1226,P04750,Yes,5747.00
4199,2932,P00982,Yes,0.00
4200,2151,P00638,Yes,5520.00
4201,1690,P00931,Yes,4234.00
4202,1639,P02903,Yes,4673.00
4203,1221,P00677,Yes,2608.00
4204,2837,P00558,Yes,2518.00
4205,1896,P03235,Yes,4173.00
4206,2262,P00246,Yes,3944.00
4207,2634,P03881,Yes,2359.00
4208,2111,P04221,Yes,5073.00
4209,1129,P03970,Yes,1701.00
4210,2154,P01575,Yes,2909.00
4211,2966,P00612,Yes,5554.00
4212,1030,P02404,Yes,4925.00
4213,2381,P03950,Yes,4164.00
4214,2391,P02260,Yes,2137.00
4215,1764,P03302,Yes,4364.00
4216,1886,P02476,Yes,0.00
4217,2743,P04469,Yes,3717.00
4218,1994,P04669,Yes,3706.00
4219,2980,P04744,Yes,3828.00
4220,2376,P02800,Yes,2040.00
4221,2529,P01687,Yes,5845.00
4222,2409,P01020,Yes,1659.00
4223,2857,P04040,Yes,3030.00
4224,2912,P02718,Yes,2806.00
4225,1465,P01420,Yes,3091.00
4226,1737,P03383,Yes,4642.00
4227,2417,P03810,Yes,4050.00
4228,1506,P02376,Yes,2704.00
4229,1250,P03805,No,3397.00
4230,2348,P02102,Yes,2130.00
4231,1708,P02592,Yes,0.00
4232,1296,P03122,Yes,2329.00
4233,2432,P04443,Yes,3269.00
4234,2968,P00117,Yes,1778.00
4235,2437,P01366,Yes,1355.00
4236,2668,P04804,Yes,1374.00
4237,1399,P01428,Yes,5159.00
4238,2634,P04718,Yes,5209.00
4239,1715,P01224,Yes,2266.00
4240,2945,P03507,Yes,1034.00
4241,2373,P02606,Yes,3420.00
4242,1514,P02136,Yes,1670.00
4243,2166,P02403,Yes,4942.00
4244,2890,P01922,Yes,3167.00
4245,2747,P04518,No,2750.00
4246,1805,P03525,Yes,1413.00
4247,2107,P01206,Yes,4780.00
4248,2751,P04057,Yes,1728.00
4249,1089,P04532,Yes,1851.00
4250,2568,P03957,Yes,2102.00
4251,1497,P00048,Yes,3176.00
4252,1700,P00937,Yes,3961.00
4253,1066,P04762,Yes,5454.00
4254,1939,P03649,Yes,1695.00
4255,1505,P01420,Yes,1231.00
4256,1893,P01691,Yes,2144.00
4257,1915,P04000,Yes,3070.00
4258,1297,P00040,Yes,2389.00
4259,1352,P04508,Yes,1815.00
4260,1495,P03641,Yes,4652.00
4261,2424,P04162,Yes,4489.00
4262,1262,P04538,Yes,4610.00
4263,2333,P00469,Yes,5070.00
4264,2847,P00305,Yes,3086.00
4265,2236,P01092,Yes,1810.00
4266,1791,P03209,Yes,2130.00
4267,1209,P01704,Yes,3026.00
4268,2047,P04678,Yes,5423.00
4269,1186,P02907,Yes,5253.00
4270,1411,P01929,Yes,1504.00
4271,2673,P02691,Yes,3131.00
4272,1862,P03058,Yes,3420.00
4273,1395,P01750,Yes,1746.00
4274,2293,P01439,Yes,1711.00
4275,1085,P04454,Yes,2761.00
4276,2575,P00794,Yes,4339.00
4277,2706,P01503,Yes,1420.00
4278,2220,P02183,Yes,2939.00
4279,1498,P00695,Yes,2511.00
4280,1408,P01349,Yes,3814.00
4281,2032,P03818,Yes,0.00
4282,2150,P02911,Yes,2159.00
4283,1420,P00122,Yes,3646.00
4284,1673,P02751,Yes,3596.00
4285,2952,P03125,Yes,4852.00
4286,1703,P00459,Yes,1565.00
4287,2846,P03894,Yes,1896.00
4288,2074,P03413,Yes,2537.00
4289,1621,P00542,Yes,2445.00
4290,1385,P01515,Yes,2820.00
4291,2361,P01429,Yes,4022.00
4292,1290,P04766,Yes,5774.00
4293,2289,P04530,Yes,4665.00
4294,2118,P03884,Yes,2895.00
4295,1887,P03103,Yes,2413.00
4296,2494,P00752,Yes,5352.00
4297,1010,P02660,Yes,3145.00
4298,2543,P00637,Yes,3950.00
4299,2764,P01759,Yes,2093.00
4300,2893,P02454,Yes,3664.00
4301,2193,P03722,Yes,4256.00
4302,2513,P02527,Yes,2475.00
4303,2867,P02871,Yes,3237.00
4304,2216,P02055,Yes,5341.00
4305,2292,P04239,Yes,2755.00
4306,1137,P02748,Yes,2736.00
4307,1661,P03585,Yes,2299.00
4308,2024,P02146,Yes,1720.00
4309,1735,P01308,Yes,3957.00
4310,2950,P01407,Yes,2558.00
4311,1715,P00616,Yes,4292.00
4312,2629,P04096,Yes,2417.00
4313,1324,P03684,Yes,2025.00
4314,2752,P03329,Yes,2256.00
4315,1652,P03290,Yes,2484.00
4316,1897,P02005,Yes,3966.00
4317,1617,P01665,Yes,3951.00
4318,2385,P04801,Yes,2109.00
4319,1329,P04053,Yes,2965.00
4320,2820,P00551,Yes,4580.00
4321,2973,P02758,Yes,2641.00
4322,2953,P02242,Yes,5679.00
4323,2816,P01188,Yes,1495.00
4324,2887,P02158,Yes,1928.00
4325,2583,P01108,Yes,2990.00
4326,1371,P03557,Yes,1928.00
4327,1498,P03663,Yes,2085.00
4328,1877,P00073,Yes,5328.00
4329,1355,P03751,Yes,4143.00
4330,1811,P03334,Yes,5300.00
4331,2712,P01669,Yes,1287.00
4332,2635,P00167,Yes,4472.00
4333,2479,P04864,Yes,5822.00
4334,1619,P01455,Yes,5686.00
4335,2972,P04352,Yes,1934.00
4336,2119,P00538,Yes,3055.00
4337,1318,P03762,Yes,3721.00
4338,1210,P01196,Yes,3078.00
4339,2449,P03215,Yes,3335.00
4340,2062,P04582,Yes,3120.00
4341,2075,P04164,Yes,1667.00
4342,1420,P04227,Yes,5134.00
4343,1738,P01951,Yes,3012.00
4344,2758,P00470,Yes,5957.00
4345,2475,P00391,Yes,5897.00
4346,2002,P03711,Yes,2316.00
4347,1424,P02214,Yes,2459.00
4348,1516,P01285,Yes,3712.00
4349,2030,P01732,Yes,5384.00
4350,1992,P04904,Yes,2422.00
4351,2952,P01501,Yes,1589.00
4352,2658,P02994,Yes,2114.00
4353,2688,P00434,Yes,2984.00
4354,2444,P04521,Yes,1484.00
4355,2108,P00238,No,2685.00
4356,1426,P00146,Yes,4270.00
4357,1257,P04253,Yes,5639.00
4358,2366,P02349,Yes,5292.00
4359,1332,P04864,Yes,0.00
4360,1745,P02858,Yes,4793.00
4361,1080,P02478,Yes,2093.00
4362,2068,P02329,Yes,2145.00
4363,2412,P02068,Yes,1774.00
4364,1176,P02226,Yes,2724.00
4365,2529,P02855,Yes,4936.00
4366,2962,P03153,Yes,2063.00
4367,1261,P00545,Yes,5127.00
4368,1207,P01945,Yes,5528.00
4369,2773,P01702,Yes,5723.00
4370,2902,P04364,Yes,1281.00
4371,1230,P02607,Yes,1040.00
4372,2249,P03801,Yes,2324.00
4373,2422,P04150,Yes,5697.00
4374,1819,P00435,Yes,1526.00
4375,2716,P00774,Yes,4318.00
4376,2497,P04664,Yes,2098.00
4377,2250,P02368,Yes,3197.00
4378,2482,P02183,Yes,2605.00
4379,2288,P01854,Yes,3683.00
4380,1330,P04362,Yes,5489.00
4381,1714,P01199,Yes,3757.00
4382,2130,P02525,Yes,3538.00
4383,1713,P01472,Yes,2067.00
4384,1414,P01373,Yes,0.00
4385,2731,P00539,Yes,3320.00
4386,1813,P02149,Yes,4189.00
4387,1687,P00024,Yes,0.00
4388,1345,P01816,Yes,4061.00
4389,2742,P00184,Yes,5022.00
4390,2706,P02477,Yes,1760.00
4391,2169,P02890,Yes,1427.00
4392,1236,P04031,Yes,3309.00
4393,2627,P01984,Yes,2427.00
4394,2326,P00100,Yes,4258.00
4395,2993,P04302,Yes,3646.00
4396,2081,P01359,Yes,4018.00
4397,1300,P04797,Yes,5511.00
4398,2852,P02132,Yes,3465.00
4399,2826,P00464,Yes,3065.00
4400,2324,P01344,Yes,1078.00
4401,2428,P04447,Yes,4792.00
4402,1353,P02377,Yes,3051.00
4403,2346,P04710,Yes,2191.00
4404,1517,P00796,Yes,1657.00
4405,1678,P03417,Yes,1322.00
4406,1843,P00653,Yes,1837.00
4407,1014,P02418,Yes,1868.00
4408,2878,P01797,Yes,2478.00
4409,1048,P04942,Yes,4568.00
4410,2074,P01365,Yes,5977.00
4411,2825,P01947,Yes,3116.00
4412,2922,P00720,Yes,2618.00
4413,1829,P02771,Yes,2360.00
4414,1633,P04416,Yes,1737.00
4415,1282,P01619,Yes,4842.00
4416,2008,P00621,Yes,4033.00
4417,2766,P01597,Yes,2524.00
4418,1441,P03479,No,4649.00
4419,1244,P02490,Yes,3559.00
4420,1687,P02308,Yes,1400.00
4421,1057,P00409,Yes,2145.00
4422,1750,P03840,Yes,4818.00
4423,2976,P04718,Yes,3638.00
4424,2771,P00116,Yes,1019.00
4425,1564,P01893,Yes,5167.00
4426,1556,P02463,Yes,5973.00
4427,1566,P03247,Yes,1975.00
4428,1524,P02474,Yes,0.00
4429,1259,P00431,Yes,2872.00
4430,1421,P03753,Yes,1988.00
4431,1727,P04217,Yes,3719.00
4432,1485,P04136,No,5931.00
4433,1962,P02856,Yes,2020.00
4434,1340,P02272,Yes,2156.00
4435,1527,P03310,Yes,5530.00
4436,1666,P00390,Yes,5617.00
4437,1603,P02653,Yes,3108.00
4438,2875,P02412,Yes,5051.00
4439,1599,P02882,Yes,1607.00
4440,2459,P04661,Yes,5169.00
4441,1390,P00584,Yes,1310.00
4442,2722,P03897,Yes,2372.00
4443,1819,P04552,Yes,4615.00
4444,1098,P00141,Yes,2382.00
4445,1263,P04774,Yes,3994.00
4446,1909,P00994,Yes,4265.00
4447,1432,P02178,Yes,2353.00
4448,2927,P00658,Yes,5843.00
4449,1716,P04682,Yes,0.00
4450,1586,P02521,Yes,1931.00
4451,1838,P03314,Yes,4031.00
4452,2203,P04535,Yes,4941.00
4453,1390,P04880,Yes,4849.00
4454,2709,P01464,Yes,3280.00
4455,2984,P03444,Yes,1953.00
4456,1106,P00612,Yes,3971.00
4457,1615,P04686,No,5612.00
4458,2106,P03525,Yes,1666.00
4459,1022,P03690,Yes,1822.00
4460,2723,P03395,Yes,3469.00
4461,1788,P04744,Yes,2673.00
4462,2928,P04750,Yes,5954.00
4463,2497,P00978,No,2485.00
4464,2338,P04508,Yes,4594.00
4465,1789,P04694,Yes,1108.00
4466,2113,P02822,Yes,4378.00
4467,1544,P02141,Yes,1029.00
4468,1740,P01579,Yes,3822.00
4469,2757,P02529,Yes,1858.00
4470,2643,P03921,Yes,5142.00
4471,1125,P02445,Yes,2416.00
4472,1247,P00088,Yes,2196.00
4473,1316,P00675,Yes,1947.00
4474,1057,P04223,Yes,4182.00
4475,2548,P03211,Yes,2548.00
4476,1120,P03562,Yes,5949.00
4477,2267,P02005,Yes,4574.00
4478,1793,P00976,Yes,1527.00
4479,2063,P04239,Yes,2666.00
4480,1606,P04657,Yes,2858.00
4481,2809,P04725,No,3919.00
4482,1171,P00600,Yes,2976.00
4483,1431,P03172,Yes,4443.00
4484,2316,P00118,Yes,5373.00
4485,2197,P01928,Yes,1035.00
4486,2201,P02033,Yes,2124.00
4487,2304,P02451,Yes,2067.00
4488,1018,P02631,Yes,3432.00
4489,1495,P01057,Yes,5788.00
4490,1148,P00682,Yes,2455.00
4491,1651,P04665,Yes,2237.00
4492,1064,P04692,Yes,3304.00
4493,1259,P04620,Yes,3430.00
4494,1662,P00468,Yes,4013.00
4495,2027,P02510,Yes,4044.00
4496,1382,P03108,Yes,5367.00
4497,1986,P01379,Yes,2222.00
4498,2243,P01825,Yes,3694.00
4499,2806,P04913,Yes,1525.00
4500,1418,P03439,Yes,0.00
4501,2422,P04893,Yes,5576.00
4502,2772,P04303,Yes,1607.00
4503,1417,P01267,Yes,1631.00
4504,2364,P04659,Yes,5626.00
4505,1828,P00943,Yes,5405.00
4506,1663,P02832,No,2814.00
4507,1203,P01803,Yes,5019.00
4508,2644,P00468,Yes,2288.00
4509,2445,P04162,Yes,5412.00
4510,1108,P00591,Yes,5423.00
4511,1236,P00855,Yes,2558.00
4512,2290,P03560,Yes,4285.00
4513,1390,P01315,Yes,5333.00
4514,2919,P03020,Yes,1540.00
4515,1131,P04921,Yes,0.00
4516,1787,P01065,Yes,4419.00
4517,2510,P01259,Yes,5554.00
4518,2386,P02086,Yes,4138.00
4519,2932,P03820,Yes,2974.00
4520,1626,P03297,Yes,1294.00
4521,1351,P04845,Yes,4940.00
4522,1891,P00480,Yes,3984.00
4523,1289,P01762,Yes,1488.00
4524,1929,P03468,Yes,2606.00
4525,1032,P01312,Yes,2608.00
4526,2928,P03613,Yes,1741.00
4527,1758,P03815,Yes,2983.00
4528,2625,P00330,Yes,1843.00
4529,2100,P03349,Yes,3854.00
4530,2615,P04464,Yes,1578.00
4531,2064,P02517,Yes,3437.00
4532,1780,P00421,Yes,1477.00
4533,2468,P01057,Yes,5761.00
4534,2999,P01594,Yes,1038.00
4535,2818,P03089,Yes,3406.00
4536,2115,P01215,Yes,2679.00
4537,2008,P02431,Yes,2241.00
4538,2816,P01454,Yes,2301.00
4539,1925,P01440,Yes,5992.00
4540,1907,P01311,Yes,5687.00
4541,2637,P03773,Yes,5131.00
4542,1559,P00960,Yes,4045.00
4543,2000,P04080,Yes,2722.00
4544,2485,P00563,Yes,4403.00
4545,1612,P02896,Yes,4412.00
4546,2017,P03170,Yes,4370.00
4547,2216,P00007,Yes,5902.00
4548,1935,P03412,Yes,5780.00
4549,1826,P00340,Yes,3365.00
4550,1093,P03543,Yes,2976.00
4551,2177,P01310,Yes,5639.00
4552,1220,P01439,Yes,2029.00
4553,2075,P00993,Yes,5092.00
4554,1232,P01246,Yes,5992.00
4555,2136,P02647,Yes,5633.00
4556,2745,P00692,Yes,3816.00
4557,1922,P00281,Yes,4390.00
4558,2252,P01326,Yes,2576.00
4559,1009,P03584,Yes,1664.00
4560,2071,P03062,Yes,1870.00
4561,1349,P01397,Yes,4334.00
4562,1031,P04367,Yes,4949.00
4563,1394,P03490,Yes,5092.00
4564,2910,P04020,Yes,3085.00
4565,2828,P03244,Yes,5404.00
4566,1647,P03938,Yes,4728.00
4567,1446,P04581,Yes,0.00
4568,2242,P03972,Yes,5751.00
4569,1041,P03909,Yes,4783.00
4570,1854,P01837,Yes,2376.00
4571,1950,P00737,Yes,1330.00
4572,1523,P01177,Yes,1532.00
4573,1392,P00160,Yes,3401.00
4574,2043,P03246,Yes,3281.00
4575,1901,P04049,Yes,4572.00
4576,2230,P02198,Yes,4917.00
4577,1714,P04970,Yes,2293.00
4578,1546,P01140,Yes,1411.00
4579,1165,P02835,Yes,2679.00
4580,1919,P02647,Yes,4877.00
4581,2593,P01673,Yes,1856.00
4582,1167,P00275,Yes,3652.00
4583,1532,P00656,Yes,2857.00
4584,2859,P01384,Yes,4481.00
4585,1609,P00579,Yes,3466.00
4586,2343,P04164,Yes,4563.00
4587,2756,P02440,Yes,5734.00
4588,1015,P02364,Yes,1593.00
4589,1078,P01403,Yes,1090.00
4590,2669,P01730,Yes,3301.00
4591,1547,P01136,Yes,4317.00
4592,1399,P04947,Yes,3124.00
4593,1645,P02585,Yes,1536.00
4594,2441,P04163,Yes,3146.00
4595,1971,P04186,No,0.00
4596,1291,P04075,Yes,4646.00
4597,1756,P01703,Yes,2662.00
4598,2296,P02250,Yes,3021.00
4599,1381,P03378,Yes,2155.00
4600,1526,P02132,Yes,5907.00
4601,1051,P01134,Yes,4975.00
4602,2230,P00078,Yes,5629.00
4603,1225,P02502,Yes,2199.00
4604,1759,P03732,Yes,1527.00
4605,2754,P01885,Yes,1902.00
4606,1361,P04360,Yes,5581.00
4607,2948,P04742,Yes,1896.00
4608,1450,P02075,Yes,3668.00
4609,2111,P04380,Yes,5021.00
4610,2584,P00686,Yes,1026.00
4611,2256,P03303,Yes,1248.00
4612,2922,P04861,Yes,3980.00
4613,1257,P02401,Yes,4760.00
4614,2816,P01394,Yes,4276.00
4615,2573,P03871,Yes,5028.00
4616,2211,P03356,Yes,4746.00
4617,2126,P04424,Yes,2384.00
4618,1877,P00702,Yes,2568.00
4619,1817,P04924,Yes,2713.00
4620,2091,P01593,Yes,2770.00
4621,1804,P03892,Yes,3679.00
4622,2290,P04486,Yes,3488.00
4623,2691,P02414,Yes,4414.00
4624,1292,P02179,Yes,1582.00
4625,1815,P01585,Yes,3314.00
4626,1641,P01307,Yes,5560.00
4627,1056,P02005,Yes,5629.00
4628,1915,P01899,Yes,2411.00
4629,1838,P04624,Yes,4304.00
4630,2211,P01573,Yes,4410.00
4631,2339,P02367,Yes,5200.00
4632,1403,P04171,Yes,2446.00
4633,2589,P04725,Yes,3377.00
4634,2444,P02847,Yes,5692.00
4635,2862,P01354,Yes,2233.00
4636,1691,P04914,Yes,5715.00
4637,2003,P03192,Yes,5594.00
4638,1445,P04836,Yes,4399.00
4639,1448,P01198,Yes,3137.00
4640,1074,P04021,Yes,2543.00
4641,2149,P00651,Yes,1293.00
4642,1195,P03825,No,2061.00
4643,1790,P00312,Yes,1253.00
4644,2752,P00613,Yes,2313.00
4645,2839,P02385,Yes,1905.00
4646,2566,P01456,Yes,2981.00
4647,1869,P01904,Yes,4277.00
4648,1148,P03844,Yes,5937.00
4649,2229,P00273,Yes,1593.00
4650,2897,P04094,Yes,3841.00
4651,1533,P03353,Yes,5056.00
4652,2214,P01404,Yes,5278.00
4653,2332,P02253,Yes,2767.00
4654,1509,P01562,Yes,5955.00
4655,1834,P00722,Yes,4539.00
4656,2614,P00165,Yes,5066.00
4657,1379,P01662,Yes,1605.00
4658,1448,P04649,Yes,3255.00
4659,2243,P03280,Yes,3287.00
4660,1188,P01627,Yes,3854.00
4661,2395,P03003,Yes,1794.00
4662,1442,P04586,Yes,1963.00
4663,2934,P02957,Yes,5634.00
4664,1075,P04409,Yes,5934.00
4665,1984,P01178,Yes,1596.00
4666,2092,P00857,Yes,1591.00
4667,1048,P04658,Yes,2817.00
4668,2985,P02112,Yes,1585.00
4669,2827,P03168,Yes,2422.00
4670,1550,P03220,Yes,4861.00
4671,2216,P00536,Yes,4170.00
4672,2798,P02592,Yes,2513.00
4673,2386,P02475,Yes,5815.00
4674,2051,P00468,Yes,2091.00
4675,1550,P00850,Yes,3356.00
4676,1837,P02909,Yes,5274.00
4677,1900,P03439,Yes,5717.00
4678,2739,P03961,Yes,2949.00
4679,1173,P02998,Yes,5557.00
4680,2887,P00360,Yes,5232.00
4681,1632,P04463,Yes,1524.00
4682,2703,P03699,Yes,2712.00
4683,2248,P03463,Yes,2448.00
4684,2941,P02917,Yes,1488.00
4685,2754,P03969,Yes,4994.00
4686,1093,P02155,Yes,2138.00
4687,2321,P00088,Yes,3554.00
4688,1497,P01488,Yes,3510.00
4689,2242,P02252,Yes,1115.00
4690,2519,P03365,Yes,2328.00
4691,1588,P04670,Yes,5600.00
4692,1210,P00829,No,3413.00
4693,2030,P01295,Yes,5974.00
4694,1796,P02257,No,2584.00
4695,2333,P04691,Yes,5979.00
4696,1113,P01936,Yes,4794.00
4697,2926,P03430,Yes,4615.00
4698,2656,P01525,Yes,5646.00
4699,2998,P02582,Yes,1994.00
4700,1813,P04314,Yes,4742.00
4701,1106,P00554,Yes,1789.00
4702,1209,P04238,Yes,1659.00
4703,2088,P01955,Yes,3277.00
4704,1538,P04222,Yes,2590.00
4705,1841,P02041,Yes,4466.00
4706,1881,P02723,Yes,4712.00
4707,1670,P00723,No,5246.00
4708,1292,P03378,Yes,5179.00
4709,1362,P03592,Yes,3433.00
4710,1069,P01727,Yes,1350.00
4711,1633,P04278,Yes,2460.00
4712,1372,P00714,Yes,1957.00
4713,2679,P02122,Yes,1547.00
4714,2114,P01091,Yes,1790.00
4715,2234,P03948,Yes,2976.00
4716,1224,P00642,Yes,4525.00
4717,2452,P00321,Yes,1410.00
4718,2914,P03217,Yes,5794.00
4719,2437,P04857,Yes,1520.00
4720,1042,P03617,Yes,3943.00
4721,1923,P04951,Yes,4231.00
4722,2423,P01021,Yes,4473.00
4723,2961,P00593,Yes,1354.00
4724,1275,P00538,Yes,2109.00
4725,2373,P00533,Yes,1286.00
4726,2265,P03393,Yes,0.00
4727,2728,P03407,Yes,3398.00
4728,1471,P02565,Yes,4434.00
4729,1627,P02312,Yes,4243.00
4730,2325,P03306,Yes,1979.00
4731,2460,P02568,Yes,5640.00
4732,2547,P04046,Yes,1275.00
4733,1847,P00742,Yes,2929.00
4734,1923,P02675,Yes,3541.00
4735,2795,P01652,Yes,5916.00
4736,2296,P03581,Yes,1621.00
4737,2908,P04064,Yes,4088.00
4738,2095,P00344,Yes,4719.00
4739,1878,P03539,Yes,1885.00
4740,1506,P01476,Yes,3692.00
4741,1607,P01119,No,5324.00
4742,1801,P00978,Yes,5019.00
4743,2231,P01426,Yes,4666.00
4744,1338,P01595,Yes,4432.00
4745,2985,P04153,Yes,2134.00
4746,2005,P01403,Yes,3694.00
4747,1333,P01590,No,5235.00
4748,2909,P04124,Yes,4465.00
4749,2825,P04177,Yes,4239.00
4750,1316,P03372,Yes,2129.00
4751,1723,P03323,Yes,3939.00
4752,2587,P04698,Yes,5830.00
4753,1752,P04630,Yes,2737.00
4754,1640,P01823,Yes,3540.00
4755,1680,P02378,Yes,1204.00
4756,1892,P00978,Yes,1084.00
4757,2299,P00446,Yes,1954.00
4758,2885,P04534,Yes,1996.00
4759,2177,P01530,Yes,2621.00
4760,2188,P00028,Yes,3171.00
4761,2262,P02753,Yes,3241.00
4762,1262,P03931,Yes,4722.00
4763,1384,P04350,Yes,5614.00
4764,2883,P04547,Yes,2509.00
4765,1227,P02700,Yes,1263.00
4766,1377,P01264,Yes,4187.00
4767,1668,P01082,Yes,2201.00
4768,1517,P03969,Yes,2518.00
4769,1452,P02467,Yes,2641.00
4770,1336,P01063,No,5697.00
4771,2112,P04922,Yes,2665.00
4772,2373,P04351,Yes,1288.00
4773,2088,P03094,No,3973.00
4774,1158,P03826,Yes,4410.00
4775,1020,P00882,Yes,3541.00
4776,2090,P02790,Yes,3005.00
4777,2642,P01099,Yes,4004.00
4778,2830,P00833,Yes,0.00
4779,2613,P00496,Yes,3901.00
4780,1166,P03729,Yes,4248.00
4781,2718,P00240,Yes,3078.00
4782,1833,P04706,Yes,5544.00
4783,2037,P04422,Yes,1911.00
4784,1524,P00410,Yes,4784.00
4785,2262,P02488,Yes,1243.00
4786,1048,P04892,Yes,4749.00
4787,2769,P00240,Yes,2385.00
4788,2987,P01181,Yes,1956.00
4789,1280,P04802,Yes,3844.00
4790,2999,P00982,Yes,4926.00
4791,1388,P04843,Yes,5402.00
4792,1014,P00752,Yes,4413.00
4793,1393,P01861,Yes,2331.00
4794,1228,P02092,Yes,1949.00
4795,2862,P03875,Yes,2501.00
4796,2453,P03218,Yes,1126.00
4797,2150,P01078,Yes,1862.00
4798,2365,P02000,Yes,2488.00
4799,2788,P02849,Yes,5060.00
4800,2842,P04191,Yes,3523.00
4801,1094,P04899,Yes,1728.00
4802,1886,P04737,Yes,5674.00
4803,2982,P00938,Yes,2302.00
4804,1539,P01154,Yes,4462.00
4805,1385,P01432,Yes,2731.00
4806,2331,P03949,Yes,5613.00
4807,1768,P02818,Yes,2562.00
4808,1042,P04743,Yes,1054.00
4809,2182,P00134,Yes,4475.00
4810,1034,P03692,Yes,5183.00
4811,2017,P01249,Yes,4294.00
4812,2504,P02533,Yes,5621.00
4813,2326,P01282,Yes,5068.00
4814,1884,P03983,Yes,4742.00
4815,2499,P04319,Yes,5790.00
4816,2647,P00385,Yes,3031.00
4817,1606,P01141,Yes,5637.00
4818,2515,P02422,Yes,3812.00
4819,1978,P02332,Yes,4513.00
4820,1786,P02265,Yes,2424.00
4821,2994,P03698,Yes,2957.00
4822,2624,P02076,Yes,4761.00
4823,1143,P03257,Yes,5011.00
4824,1788,P00415,Yes,5804.00
4825,1838,P01311,Yes,3435.00
4826,1736,P02713,Yes,5839.00
4827,2747,P02288,Yes,4015.00
4828,1637,P02407,Yes,2574.00
4829,1726,P02051,Yes,2374.00
4830,2952,P02793,Yes,5064.00
4831,1923,P03082,Yes,2682.00
4832,2567,P00808,Yes,4060.00
4833,1558,P00474,Yes,5479.00
4834,1230,P03856,Yes,5796.00
4835,1589,P02597,Yes,5097.00
4836,2935,P02317,Yes,2593.00
4837,2234,P03559,Yes,2411.00
4838,2480,P00251,Yes,5288.00
4839,1156,P00273,Yes,2685.00
4840,1820,P03276,Yes,5179.00
4841,2564,P04998,Yes,4943.00
4842,2920,P02765,Yes,5475.00
4843,1715,P01579,Yes,5456.00
4844,1952,P04825,Yes,5110.00
4845,2164,P02443,Yes,5304.00
4846,2442,P00703,Yes,3226.00
4847,2603,P03875,Yes,4746.00
4848,1809,P02176,No,4522.00
4849,1722,P02320,Yes,1102.00
4850,1765,P02407,Yes,2887.00
4851,1359,P02454,Yes,2355.00
4852,2209,P04035,Yes,4705.00
4853,2902,P02758,Yes,1169.00
4854,1347,P04042,Yes,1414.00
4855,2836,P01456,Yes,2175.00
4856,2330,P04517,Yes,2702.00
4857,2195,P02512,Yes,2621.00
4858,2867,P00580,Yes,5963.00
4859,2304,P03165,Yes,4882.00
4860,1356,P01998,Yes,3550.00
4861,1288,P00014,Yes,4225.00
4862,1081,P03029,Yes,2751.00
4863,1907,P00841,Yes,3307.00
4864,1431,P00186,Yes,5819.00
4865,2231,P00271,Yes,2342.00
4866,1633,P04521,Yes,3614.00
4867,1555,P04682,Yes,3055.00
4868,2511,P04974,Yes,4019.00
4869,1625,P02089,Yes,4534.00
4870,2695,P02773,Yes,4772.00
4871,2060,P00226,Yes,4019.00
4872,2626,P01439,Yes,1030.00
4873,1948,P00965,Yes,2125.00
4874,1208,P02472,Yes,4729.00
4875,1590,P01532,Yes,3064.00
4876,1849,P03299,Yes,4851.00
4877,2159,P04732,Yes,3898.00
4878,2944,P01875,Yes,3187.00
4879,1883,P01004,Yes,4370.00
4880,2954,P01492,Yes,2690.00
4881,1941,P02734,Yes,3493.00
4882,1355,P02526,Yes,4125.00
4883,2140,P02429,Yes,2444.00
4884,2570,P01881,Yes,3282.00
4885,1812,P00229,Yes,4265.00
4886,2689,P01398,Yes,4852.00
4887,1798,P01416,Yes,2032.00
4888,1954,P00909,Yes,3206.00
4889,2131,P02530,Yes,2638.00
4890,2827,P01880,Yes,4612.00
4891,2118,P04050,Yes,4880.00
4892,2393,P01057,Yes,3135.00
4893,2955,P04825,Yes,3251.00
4894,1308,P01475,Yes,3225.00
4895,1437,P03462,Yes,0.00
4896,1350,P03968,Yes,5057.00
4897,2389,P00061,Yes,4753.00
4898,1319,P00934,Yes,1892.00
4899,2151,P00272,Yes,3522.00
4900,1840,P04085,Yes,3364.00
4901,1369,P00375,Yes,4410.00
4902,1373,P02195,Yes,4759.00
4903,1920,P00840,Yes,3552.00
4904,1776,P01694,Yes,3936.00
4905,2693,P03688,Yes,4268.00
4906,1598,P00683,Yes,4836.00
4907,2046,P03713,Yes,3040.00
4908,2708,P00562,Yes,2687.00
4909,2138,P03723,Yes,1605.00
4910,2800,P01598,Yes,2679.00
4911,1178,P00518,Yes,5958.00
4912,1981,P04199,Yes,5319.00
4913,2610,P00393,Yes,5778.00
4914,2146,P04485,Yes,4100.00
4915,1429,P02282,Yes,1586.00
4916,2346,P02441,Yes,1816.00
4917,1728,P01890,Yes,1648.00
4918,1194,P03905,Yes,2568.00
4919,2966,P03926,Yes,4044.00
4920,1055,P03993,Yes,2272.00
4921,2162,P04482,Yes,4329.00
4922,2892,P01396,Yes,4776.00
4923,1460,P04744,Yes,5456.00
4924,1140,P01657,Yes,3825.00
4925,2902,P00430,Yes,4185.00
4926,2468,P04054,Yes,2160.00
4927,2599,P00919,Yes,5548.00
4928,1500,P02321,Yes,3196.00
4929,1564,P03090,Yes,1302.00
4930,1164,P00538,Yes,5237.00
4931,2487,P02832,Yes,3112.00
4932,1826,P01189,Yes,4119.00
4933,2224,P03128,Yes,4444.00
4934,1913,P02463,Yes,4986.00
4935,1969,P00775,Yes,1891.00
4936,1985,P00006,Yes,1625.00
4937,2400,P01874,Yes,5016.00
4938,2130,P03377,Yes,1948.00
4939,1350,P03284,Yes,3423.00
4940,2519,P01266,No,5683.00
4941,2200,P04249,Yes,2404.00
4942,2451,P03816,Yes,2001.00
4943,2746,P04441,Yes,4397.00
4944,2841,P01258,Yes,2151.00
4945,2468,P03430,Yes,3666.00
4946,2743,P00652,Yes,2567.00
4947,1695,P01722,Yes,5064.00
4948,2014,P03585,Yes,4458.00
4949,1416,P00707,Yes,5115.00
4950,2406,P03843,Yes,4309.00
4951,1880,P00181,Yes,2314.00
4952,1651,P03177,Yes,5769.00
4953,2042,P00193,Yes,5912.00
4954,2638,P01382,Yes,5760.00
4955,1358,P03010,Yes,3337.00
4956,2530,P03426,Yes,3441.00
4957,2917,P03749,Yes,2870.00
4958,2849,P00497,Yes,2469.00
4959,2397,P00852,Yes,2150.00
4960,2955,P04736,Yes,1269.00
4961,2874,P04324,No,1994.00
4962,1592,P01205,Yes,4158.00
4963,2534,P01170,Yes,2189.00
4964,2924,P01185,Yes,3048.00
4965,1586,P03209,Yes,1695.00
4966,2010,P00979,Yes,5834.00
4967,2565,P04207,Yes,2613.00
4968,1707,P03394,Yes,1536.00
4969,2923,P02946,Yes,2565.00
4970,2875,P04148,Yes,3482.00
4971,2427,P00024,Yes,1997.00
4972,1637,P00780,Yes,4432.00
4973,1041,P01630,Yes,5491.00
4974,1019,P01761,Yes,4623.00
4975,1520,P02607,Yes,4780.00
4976,2574,P04951,Yes,1861.00
4977,1588,P03858,Yes,1451.00
4978,2958,P00030,Yes,4329.00
4979,1736,P01857,Yes,2088.00
4980,1543,P00570,Yes,1940.00
4981,1359,P04425,Yes,1311.00
4982,1678,P00938,No,3237.00
4983,2248,P02474,Yes,1973.00
4984,1500,P00612,Yes,3742.00
4985,1793,P04551,Yes,5036.00
4986,2576,P00531,Yes,1537.00
4987,2202,P01626,Yes,1374.00
4988,2260,P02656,Yes,1318.00
4989,1734,P04710,Yes,3124.00
4990,1245,P03207,Yes,1465.00
4991,2979,P03866,Yes,1626.00
4992,1747,P04162,Yes,2035.00
4993,1061,P02002,Yes,3181.00
4994,2596,P03822,Yes,5044.00
4995,1099,P04255,Yes,4634.00
4996,1964,P00212,Yes,1498.00
4997,2981,P00578,Yes,3361.00
4998,2612,P02589,Yes,3982.00
4999,1798,P03327,Yes,2349.00
5000,1139,P00886,Yes,3535.00
5001,2247,P03699,Yes,3303.00
5002,1166,P02529,Yes,2763.00
5003,1471,P00981,Yes,4118.00
5004,2673,P00509,Yes,3024.00
5005,1358,P02571,Yes,0.00
5006,2960,P02438,Yes,4233.00
5007,2484,P03747,Yes,2249.00
5008,2506,P03695,Yes,5364.00
5009,2625,P02544,Yes,4851.00
5010,1662,P04590,Yes,2270.00
5011,2543,P01790,Yes,1114.00
5012,2053,P00844,Yes,2917.00
5013,1182,P03151,Yes,4541.00
5014,2830,P01969,Yes,4823.00
5015,1069,P03484,Yes,1192.00
5016,2702,P02791,Yes,3933.00
5017,1215,P02752,Yes,5786.00
5018,2441,P00357,Yes,2880.00
5019,2894,P03891,Yes,1841.00
5020,1849,P01992,No,4431.00
5021,1168,P01316,Yes,3298.00
5022,1695,P00397,Yes,5852.00
5023,2280,P03408,Yes,5798.00
5024,2060,P01382,Yes,5533.00
5025,1933,P04672,Yes,4660.00
5026,1185,P02746,Yes,3734.00
5027,1106,P04525,Yes,3784.00
5028,1160,P01282,Yes,4485.00
5029,1860,P03016,Yes,0.00
5030,1768,P04631,Yes,1602.00
5031,2030,P01364,Yes,3257.00
5032,2208,P01551,Yes,5114.00
5033,2088,P00552,Yes,0.00
5034,2375,P04879,Yes,1793.00
5035,2943,P04069,Yes,2878.00
5036,2752,P02088,Yes,4461.00
5037,2643,P00388,Yes,3670.00
5038,1677,P03311,Yes,1741.00
5039,1497,P04101,Yes,3298.00
5040,1544,P01956,Yes,4197.00
5041,1971,P01696,Yes,1752.00
5042,1475,P03814,Yes,1418.00
5043,2779,P03584,Yes,4584.00
5044,2695,P01597,Yes,1849.00
5045,2049,P04645,Yes,2218.00
5046,2189,P04031,Yes,1429.00
5047,2727,P03996,Yes,1075.00
5048,2649,P02118,Yes,2032.00
5049,1982,P02881,Yes,4591.00
5050,1378,P03806,Yes,2135.00
5051,2106,P00173,Yes,2893.00
5052,2057,P02853,Yes,2717.00
5053,1615,P02803,Yes,3105.00
5054,2725,P00512,Yes,2789.00
5055,1024,P04628,Yes,1858.00
5056,1731,P00175,Yes,4247.00
5057,1508,P00187,Yes,4358.00
5058,1237,P04050,Yes,2388.00
5059,1701,P03824,Yes,3326.00
5060,1645,P00906,Yes,4155.00
5061,1847,P04351,Yes,1354.00
5062,2839,P02274,Yes,5028.00
5063,1290,P03067,Yes,2729.00
5064,2234,P01933,Yes,3216.00
5065,2364,P04636,Yes,1390.00
5066,1236,P02810,Yes,2485.00
5067,1169,P03497,No,3119.00
5068,1814,P01735,Yes,3450.00
5069,1276,P02465,Yes,2086.00
5070,1417,P02387,Yes,3329.00
5071,1008,P00376,Yes,3079.00
5072,1582,P03723,Yes,5246.00
5073,2512,P01703,Yes,1762.00
5074,2928,P02914,Yes,5630.00
5075,1401,P01903,Yes,2769.00
5076,2382,P00466,Yes,4018.00
5077,2601,P03395,Yes,5250.00
5078,2469,P01746,Yes,4918.00
5079,2830,P04284,Yes,2514.00
5080,1085,P03953,Yes,5913.00
5081,2776,P00522,Yes,0.00
5082,2505,P04633,Yes,1460.00
5083,2776,P00863,Yes,3344.00
5084,1301,P00878,Yes,1663.00
5085,1348,P02239,Yes,1723.00
5086,2125,P03575,Yes,3096.00
5087,2379,P02480,Yes,2307.00
5088,2339,P00947,Yes,3319.00
5089,1777,P03023,Yes,2056.00
5090,2860,P01552,Yes,2198.00
5091,1947,P00266,Yes,2068.00
5092,1264,P04639,Yes,4759.00
5093,2827,P02391,Yes,3486.00
5094,1845,P01026,Yes,2309.00
5095,2833,P00741,Yes,3426.00
5096,2032,P04410,Yes,5923.00
5097,1826,P02085,Yes,3143.00
5098,1925,P03905,Yes,2955.00
5099,1907,P00639,Yes,4004.00
5100,2858,P01005,Yes,1705.00
5101,2276,P04491,Yes,2549.00
5102,2629,P03273,Yes,2481.00
5103,2751,P03547,Yes,3281.00
5104,1574,P00333,Yes,4608.00
5105,1643,P00063,Yes,4188.00
5106,2931,P02923,Yes,5747.00
5107,2516,P02985,Yes,0.00
5108,1866,P01363,Yes,1803.00
5109,1360,P03703,Yes,4468.00
5110,1919,P03718,Yes,4906.00
5111,1356,P04132,Yes,5912.00
5112,1521,P03754,Yes,2292.00
5113,2969,P02163,Yes,4071.00
5114,2651,P00750,Yes,3832.00
5115,2281,P00116,Yes,2019.00
5116,1272,P01440,Yes,1746.00
5117,1617,P00647,Yes,3660.00
5118,2699,P03257,Yes,3958.00
5119,1337,P03082,Yes,3811.00
5120,1871,P01611,Yes,2899.00
5121,1339,P04478,Yes,3886.00
5122,2343,P01326,Yes,4278.00
5123,1872,P01942,Yes,1073.00
5124,2784,P01242,Yes,3195.00
5125,1198,P02073,Yes,2976.00
5126,2214,P00231,Yes,1251.00
5127,1836,P04934,Yes,1724.00
5128,1145,P01740,Yes,3827.00
5129,1775,P02278,Yes,4706.00
5130,2969,P02260,No,5631.00
5131,2679,P00124,Yes,5833.00
5132,2884,P04446,Yes,3398.00
5133,1334,P03724,Yes,1399.00
5134,2468,P04002,Yes,2056.00
5135,2815,P01218,Yes,2425.00
5136,2402,P04138,Yes,4701.00
5137,1468,P02426,Yes,2848.00
5138,1405,P03617,Yes,5629.00
5139,1839,P04763,Yes,4511.00
5140,1837,P03592,Yes,1646.00
5141,2098,P02167,Yes,4805.00
5142,2015,P03768,Yes,1715.00
5143,2703,P04725,Yes,5771.00
5144,2288,P00702,Yes,2661.00
5145,1383,P03217,Yes,4791.00
5146,2757,P01886,No,3534.00
5147,2284,P03683,Yes,5837.00
5148,2237,P03974,Yes,4929.00
5149,2256,P01321,Yes,2855.00
5150,2842,P03833,Yes,5892.00
5151,1752,P00479,Yes,2026.00
5152,2300,P02262,Yes,5983.00
5153,2321,P00297,Yes,2755.00
5154,2332,P02664,Yes,0.00
5155,1756,P02487,Yes,3500.00
5156,2014,P04791,Yes,4362.00
5157,1583,P02334,Yes,3032.00
5158,1898,P01179,Yes,5998.00
5159,2442,P04981,Yes,2942.00
5160,1235,P04766,Yes,5606.00
5161,1933,P03025,Yes,4235.00
5162,1116,P02789,Yes,0.00
5163,1572,P01711,Yes,4288.00
5164,2080,P00466,Yes,2297.00
5165,1950,P04365,Yes,3167.00
5166,1140,P01245,Yes,1952.00
5167,1693,P01590,Yes,3778.00
5168,2542,P03842,Yes,2010.00
5169,2757,P00287,Yes,2480.00
5170,1027,P04255,Yes,4211.00
5171,1196,P03602,Yes,5295.00
5172,2765,P03026,Yes,1861.00
5173,2900,P01007,Yes,1444.00
5174,2635,P04525,Yes,2096.00
5175,2882,P02613,Yes,4433.00
5176,1185,P02052,Yes,3228.00
5177,1866,P02463,Yes,3753.00
5178,1417,P00447,No,2659.00
5179,1179,P03872,Yes,3539.00
5180,1377,P03522,Yes,2167.00
5181,2043,P03777,No,5788.00
5182,1118,P01689,Yes,2975.00
5183,1529,P00186,Yes,5692.00
5184,1899,P03455,No,1641.00
5185,1950,P01346,Yes,4938.00
5186,2535,P02967,Yes,4970.00
5187,2919,P01528,Yes,2016.00
5188,1162,P00580,Yes,1431.00
5189,1651,P03876,Yes,2487.00
5190,2316,P01633,Yes,1394.00
5191,1027,P00441,Yes,4574.00
5192,1601,P04628,Yes,0.00
5193,2019,P04176,Yes,3699.00
5194,1614,P03954,Yes,5457.00
5195,2214,P00344,Yes,2946.00
5196,2755,P03946,Yes,5838.00
5197,2598,P00459,Yes,5843.00
5198,1824,P02558,Yes,3504.00
5199,2847,P03454,Yes,5114.00
5200,1668,P00944,Yes,3133.00
5201,1240,P03866,Yes,1344.00
5202,1335,P02046,Yes,1146.00
5203,1065,P00564,Yes,2456.00
5204,2821,P03020,Yes,4983.00
5205,2947,P04799,Yes,5557.00
5206,2088,P00902,Yes,3629.00
5207,2044,P00652,Yes,5841.00
5208,2407,P03485,Yes,4817.00
5209,1197,P01031,Yes,4705.00
5210,2989,P01568,Yes,1370.00
5211,2318,P00782,Yes,1814.00
5212,2065,P04303,Yes,2908.00
5213,2408,P01153,Yes,4017.00
5214,2342,P04842,Yes,0.00
5215,2988,P03806,Yes,1599.00
5216,2662,P02829,Yes,0.00
5217,1609,P00175,Yes,1623.00
5218,2385,P00993,Yes,5864.00
5219,1581,P00372,Yes,5349.00
5220,1960,P04634,Yes,3610.00
5221,2581,P02608,Yes,2982.00
5222,2424,P01952,Yes,3268.00
5223,1904,P01409,Yes,2401.00
5224,1173,P01426,Yes,2690.00
5225,2730,P00633,Yes,2561.00
5226,1266,P01795,Yes,5528.00
5227,2013,P01658,Yes,5671.00
5228,2016,P02376,Yes,1933.00
5229,2771,P00868,Yes,1930.00
5230,1150,P01394,Yes,4135.00
5231,2619,P04331,Yes,1785.00
5232,1519,P04524,Yes,3678.00
5233,1262,P02681,Yes,5531.00
5234,2345,P03515,Yes,4925.00
5235,2831,P04411,Yes,2532.00
5236,2799,P04056,Yes,3240.00
5237,1521,P03036,Yes,3746.00
5238,1304,P00859,Yes,1006.00
5239,2710,P02009,Yes,4180.00
5240,2717,P03803,Yes,3972.00
5241,1073,P02237,Yes,2153.00
5242,1900,P02580,Yes,5526.00
5243,1171,P04310,Yes,2867.00
5244,1298,P01662,Yes,3873.00
5245,2344,P00225,Yes,4523.00
5246,2741,P00376,Yes,4242.00
5247,1115,P01289,Yes,2673.00
5248,1720,P00890,Yes,4340.00
5249,2418,P04621,No,5702.00
5250,2653,P02455,Yes,2714.00
5251,1100,P00764,Yes,1554.00
5252,1134,P00794,Yes,2723.00
5253,2687,P04431,Yes,2086.00
5254,2929,P02776,Yes,5746.00
5255,2919,P04232,Yes,2165.00
5256,2712,P02637,Yes,3851.00
5257,2570,P00191,Yes,5456.00
5258,1843,P03402,Yes,3039.00
5259,2430,P04970,Yes,5448.00
5260,2020,P02770,Yes,5881.00
5261,1762,P03182,Yes,2427.00
5262,2527,P00482,Yes,3117.00
5263,2002,P04234,Yes,2599.00
5264,1148,P04300,Yes,4011.00
5265,2533,P01063,Yes,1989.00
5266,2523,P00951,Yes,1838.00
5267,1341,P04153,Yes,3134.00
5268,1012,P01717,Yes,5926.00
5269,1708,P01514,Yes,3896.00
5270,2822,P04205,Yes,5142.00
5271,1522,P01213,Yes,5162.00
5272,2614,P00011,Yes,0.00
5273,1043,P04092,Yes,3986.00
5274,1464,P02745,Yes,5575.00
5275,2476,P03885,Yes,1665.00
5276,1289,P03767,Yes,3754.00
5277,2242,P01228,Yes,4699.00
5278,1072,P01571,Yes,4969.00
5279,1738,P01654,Yes,5765.00
5280,1006,P01467,Yes,3909.00
5281,2733,P02964,Yes,3628.00
5282,1681,P01444,Yes,5081.00
5283,2236,P03032,Yes,1148.00
5284,2462,P00541,Yes,4707.00
5285,2348,P03029,Yes,2765.00
5286,1666,P00528,Yes,5737.00
5287,2781,P02062,Yes,3342.00
5288,2597,P03421,Yes,1784.00
5289,2030,P01856,Yes,2423.00
5290,2989,P01486,Yes,3794.00
5291,1501,P03125,Yes,2891.00
5292,2900,P04357,Yes,4451.00
5293,2999,P04402,Yes,3796.00
5294,1634,P03636,Yes,2404.00
5295,1638,P02993,Yes,3310.00
5296,2944,P04134,Yes,2277.00
5297,1118,P02184,Yes,2498.00
5298,2963,P02960,Yes,4250.00
5299,1970,P04658,Yes,2654.00
5300,2767,P01618,Yes,5637.00
5301,1182,P00662,Yes,4841.00
5302,1230,P02580,Yes,1043.00
5303,1953,P02146,Yes,5408.00
5304,2371,P03449,Yes,4181.00
5305,2940,P04676,Yes,4641.00
5306,1505,P03477,Yes,2727.00
5307,1829,P03120,Yes,5462.00
5308,2407,P01671,Yes,3314.00
5309,1640,P02919,Yes,3710.00
5310,1406,P03005,Yes,5415.00
5311,2332,P04816,Yes,1976.00
5312,1121,P00649,Yes,1484.00
5313,1430,P01042,Yes,1219.00
5314,2418,P00031,Yes,2518.00
5315,1148,P01963,Yes,3435.00
5316,1494,P02075,Yes,1798.00
5317,1436,P03827,Yes,5900.00
5318,1018,P00910,Yes,3924.00
5319,2737,P01418,Yes,5016.00
5320,1878,P01367,Yes,1648.00
5321,2620,P02692,Yes,3246.00
5322,2511,P00858,Yes,0.00
5323,1619,P00634,Yes,4649.00
5324,2752,P01093,Yes,4048.00
5325,2795,P02204,Yes,2636.00
5326,2327,P03696,Yes,3893.00
5327,2738,P04720,Yes,3179.00
5328,2978,P00179,Yes,1847.00
5329,2258,P04867,Yes,3308.00
5330,2465,P00732,Yes,3417.00
5331,1596,P01492,Yes,1942.00
5332,2313,P01732,Yes,4754.00
5333,1815,P04657,Yes,2626.00
5334,2391,P04793,Yes,4555.00
5335,1277,P02470,Yes,1588.00
5336,1959,P02762,Yes,2712.00
5337,2612,P04220,Yes,3054.00
5338,1801,P01297,Yes,5666.00
5339,1783,P01503,Yes,4147.00
5340,1166,P01599,Yes,5316.00
5341,1788,P03181,Yes,5044.00
5342,2768,P04455,Yes,5596.00
5343,2122,P04290,Yes,5023.00
5344,1646,P03710,Yes,0.00
5345,2557,P01783,Yes,1318.00
5346,2964,P02236,Yes,1993.00
5347,2519,P04621,No,5343.00
5348,1946,P04069,Yes,5168.00
5349,2894,P01131,Yes,4507.00
5350,2092,P04244,Yes,5659.00
5351,1047,P01364,No,5246.00
5352,2574,P02105,Yes,2543.00
5353,2298,P01234,Yes,2642.00
5354,1671,P02806,Yes,3332.00
5355,2429,P02120,Yes,2697.00
5356,1971,P00928,Yes,4007.00
5357,1041,P01536,Yes,4791.00
5358,1034,P04908,Yes,1121.00
5359,2190,P01113,Yes,0.00
5360,1750,P00271,Yes,5375.00
5361,2852,P02355,Yes,1983.00
5362,2105,P00958,Yes,5484.00
5363,2799,P00792,Yes,4227.00
5364,2851,P02196,Yes,5891.00
5365,2381,P03103,Yes,2169.00
5366,2336,P01985,Yes,2827.00
5367,2594,P02033,Yes,2897.00
5368,1647,P02368,Yes,3415.00
5369,2054,P02794,Yes,5440.00
5370,2580,P03645,Yes,2849.00
5371,2236,P00804,Yes,3603.00
5372,1993,P02873,Yes,4779.00
5373,1585,P02428,Yes,3213.00
5374,1757,P03379,Yes,1607.00
5375,1627,P01789,Yes,1238.00
5376,2655,P04540,Yes,5024.00
5377,1454,P01122,Yes,2584.00
5378,2874,P04564,Yes,5121.00
5379,1062,P02546,Yes,3893.00
5380,2550,P04863,Yes,4186.00
5381,2144,P01715,Yes,1387.00
5382,2560,P02528,Yes,4969.00
5383,2943,P03924,Yes,4786.00
5384,1590,P04256,Yes,1484.00
5385,1509,P01055,Yes,5886.00
5386,1637,P04129,Yes,1016.00
5387,2612,P01802,Yes,1539.00
5388,1714,P00653,Yes,4835.00
5389,1567,P04682,Yes,2176.00
5390,1848,P00255,Yes,2368.00
5391,1934,P04549,Yes,4581.00
5392,1540,P02818,Yes,4604.00
5393,1729,P04260,Yes,1573.00
5394,2624,P02461,Yes,3353.00
5395,2765,P01479,Yes,4175.00
5396,1044,P04475,Yes,1511.00
5397,2893,P02138,Yes,3944.00
5398,2241,P00829,Yes,3026.00
5399,2172,P03846,Yes,5806.00
5400,1149,P04617,Yes,3164.00
5401,1488,P00207,Yes,2993.00
5402,1150,P01614,Yes,2689.00
5403,2613,P00703,Yes,5152.00
5404,1099,P04833,Yes,0.00
5405,1488,P04863,Yes,5284.00
5406,1176,P00830,Yes,2501.00
5407,1537,P03041,Yes,3425.00
5408,1801,P04598,Yes,3541.00
5409,1505,P02453,Yes,5593.00
5410,1304,P01819,Yes,3683.00
5411,1841,P01566,Yes,1181.00
5412,1982,P02260,Yes,3625.00
5413,2636,P01130,Yes,3261.00
5414,2835,P02783,Yes,3064.00
5415,2801,P02143,Yes,5677.00
5416,2719,P00455,Yes,1335.00
5417,1800,P01905,Yes,1109.00
5418,1123,P03350,Yes,3419.00
5419,1201,P00529,Yes,4938.00
5420,1903,P02246,Yes,1561.00
5421,2230,P00694,Yes,4926.00
5422,1893,P04325,Yes,3612.00
5423,2729,P00780,Yes,4842.00
5424,1018,P00260,Yes,0.00
5425,1774,P01103,Yes,4592.00
5426,1000,P02737,Yes,5838.00
5427,2194,P03704,Yes,1715.00
5428,1073,P02606,Yes,1417.00
5429,1733,P04983,Yes,4955.00
5430,2154,P00249,Yes,1619.00
5431,2757,P02049,Yes,1280.00
5432,1534,P01236,Yes,5148.00
5433,1916,P03632,Yes,1623.00
5434,2239,P02973,Yes,2611.00
5435,2461,P04439,Yes,2212.00
5436,1463,P01690,Yes,5826.00
5437,1896,P00751,Yes,2803.00
5438,2800,P04607,Yes,5527.00
5439,1300,P00500,Yes,1661.00
5440,1458,P00420,Yes,5480.00
5441,1115,P03199,Yes,3572.00
5442,1008,P03053,Yes,4054.00
5443,2710,P04585,Yes,1061.00
5444,2025,P02600,No,3558.00
5445,1748,P03696,Yes,2387.00
5446,1794,P00170,Yes,4422.00
5447,1111,P02231,Yes,4559.00
5448,2709,P02638,Yes,0.00
5449,1637,P01405,Yes,2947.00
5450,2450,P00050,Yes,5003.00
5451,2818,P04408,Yes,2544.00
5452,1789,P04959,Yes,1451.00
5453,1509,P02913,Yes,1999.00
5454,2829,P04706,Yes,3075.00
5455,1892,P00878,Yes,1256.00
5456,2199,P03153,Yes,3610.00
5457,2716,P01293,Yes,1658.00
5458,1776,P02940,Yes,2541.00
5459,2916,P03368,Yes,3831.00
5460,1010,P03715,Yes,1247.00
5461,1953,P02045,Yes,2423.00
5462,2848,P02622,Yes,4356.00
5463,1368,P02611,Yes,4591.00
5464,2417,P04531,Yes,1696.00
5465,2080,P03163,Yes,2606.00
5466,2028,P00087,Yes,3967.00
5467,1066,P03969,Yes,2200.00
5468,2382,P02049,Yes,1329.00
5469,1110,P02365,Yes,2349.00
5470,1196,P02335,No,4785.00
5471,2155,P02687,Yes,5339.00
5472,2211,P01529,Yes,4104.00
5473,1955,P00601,Yes,1887.00
5474,1179,P02981,Yes,5877.00
5475,1431,P01970,Yes,1355.00
5476,2077,P02292,Yes,3937.00
5477,1146,P03123,Yes,5716.00
5478,2653,P03350,Yes,3045.00
5479,1518,P00597,Yes,1769.00
5480,1122,P03289,Yes,1068.00
5481,2446,P01380,Yes,3177.00
5482,1388,P01661,Yes,2607.00
5483,1164,P02719,Yes,1536.00
5484,1155,P02129,Yes,1498.00
5485,1338,P01277,Yes,4601.00
5486,2904,P04966,Yes,4611.00
5487,2418,P01703,Yes,4406.00
5488,1883,P01220,Yes,3951.00
5489,1672,P03629,Yes,3104.00
5490,2741,P04454,Yes,3682.00
5491,1315,P02460,No,3679.00
5492,2226,P02654,Yes,0.00
5493,2807,P03657,Yes,2636.00
5494,1578,P00462,Yes,5485.00
5495,1029,P03821,Yes,4193.00
5496,1075,P02681,Yes,1053.00
5497,2261,P04136,Yes,1511.00
5498,2152,P02844,Yes,3925.00
5499,1754,P02815,Yes,4880.00
5500,2852,P04935,Yes,5490.00
5501,2601,P03831,Yes,0.00
5502,2934,P00021,Yes,4265.00
5503,2629,P02864,Yes,5019.00
5504,2502,P03857,Yes,4081.00
5505,1534,P00331,Yes,3053.00
5506,1461,P01137,Yes,3659.00
5507,1213,P00975,Yes,2772.00
5508,1514,P03017,Yes,1239.00
5509,1488,P01979,Yes,1189.00
5510,2890,P04139,Yes,2324.00
5511,2377,P03954,Yes,2655.00
5512,2036,P03873,Yes,4686.00
5513,2230,P02718,Yes,3959.00
5514,1896,P04097,Yes,1208.00
5515,1788,P01441,Yes,2170.00
5516,1680,P04015,Yes,3629.00
5517,2840,P01785,Yes,2089.00
5518,1070,P02596,Yes,2663.00
5519,2823,P03927,Yes,3950.00
5520,1001,P00592,Yes,5350.00
5521,1303,P02512,Yes,4304.00
5522,1248,P04123,Yes,5947.00
5523,1436,P03439,Yes,1344.00
5524,2604,P02385,Yes,0.00
5525,1742,P03659,Yes,2851.00
5526,1020,P04227,Yes,1673.00
5527,2993,P02056,Yes,3563.00
5528,2078,P04945,Yes,5077.00
5529,1303,P00882,Yes,2883.00
5530,2904,P01694,Yes,3021.00
5531,1126,P00340,Yes,2826.00
5532,1606,P02213,Yes,5441.00
5533,2742,P00744,Yes,2792.00
5534,2982,P01923,Yes,2489.00
5535,2563,P01270,Yes,2067.00
5536,2302,P04804,Yes,4293.00
5537,2306,P04443,Yes,2682.00
5538,2080,P04772,Yes,5220.00
5539,2154,P02278,Yes,4149.00
5540,2073,P00425,Yes,1651.00
5541,2866,P03474,Yes,2333.00
5542,2112,P00493,Yes,5265.00
5543,2992,P03498,Yes,3649.00
5544,1329,P03554,Yes,1509.00
5545,1070,P00283,Yes,4138.00
5546,2317,P04262,Yes,2303.00
5547,1091,P03908,Yes,2441.00
5548,2515,P02010,Yes,4926.00
5549,2438,P00985,Yes,2828.00
5550,1465,P01976,Yes,1184.00
5551,1971,P00130,Yes,2661.00
5552,1364,P03291,Yes,2360.00
5553,1381,P04156,Yes,1588.00
5554,1649,P03414,Yes,4379.00
5555,1586,P04637,Yes,1776.00
5556,2750,P03986,Yes,3990.00
5557,2634,P00797,Yes,2078.00
5558,2773,P03725,Yes,3279.00
5559,2793,P01816,Yes,0.00
5560,2817,P02308,Yes,5432.00
5561,2883,P04972,Yes,1641.00
5562,1992,P03184,Yes,1744.00
5563,2063,P01059,Yes,4624.00
5564,1821,P01538,Yes,3631.00
5565,1836,P03694,Yes,3959.00
5566,2170,P01409,Yes,5665.00
5567,2907,P01690,Yes,5811.00
5568,1406,P04743,Yes,2657.00
5569,2660,P03955,Yes,3612.00
5570,1267,P00433,Yes,5315.00
5571,2934,P04236,Yes,5624.00
5572,2614,P04294,Yes,4282.00
5573,2682,P02289,Yes,3476.00
5574,1212,P02325,Yes,1806.00
5575,2117,P02712,Yes,4118.00
5576,2940,P02371,Yes,1629.00
5577,1161,P03552,Yes,3256.00
5578,2439,P00178,Yes,3348.00
5579,1757,P01547,Yes,3050.00
5580,2184,P00048,Yes,5968.00
5581,2803,P04843,Yes,3532.00
5582,2741,P02648,Yes,1338.00
5583,2687,P01062,Yes,2848.00
5584,2382,P01217,Yes,1959.00
5585,1702,P00517,Yes,4237.00
5586,2798,P03722,Yes,1952.00
5587,2658,P02934,Yes,2484.00
5588,2021,P01740,Yes,5330.00
5589,2365,P04132,Yes,3389.00
5590,1889,P01172,Yes,2671.00
5591,1497,P02520,Yes,2490.00
5592,2653,P04895,Yes,3899.00
5593,2142,P04698,Yes,4024.00
5594,2970,P00228,No,5884.00
5595,2527,P01635,Yes,1511.00
5596,2814,P02181,Yes,3004.00
5597,1192,P00960,Yes,2386.00
5598,2174,P02771,Yes,5068.00
5599,2533,P04055,Yes,2016.00
5600,1394,P00210,Yes,5038.00
5601,2474,P02680,Yes,5428.00
5602,2621,P01224,Yes,4538.00
5603,2449,P04048,Yes,4891.00
5604,1975,P03356,Yes,4877.00
5605,1194,P03886,Yes,1216.00
5606,2752,P01884,Yes,3493.00
5607,2254,P00065,Yes,2553.00
5608,2075,P01524,Yes,5142.00
5609,2756,P01012,Yes,4242.00
5610,1132,P00136,Yes,2610.00
5611,2719,P00436,Yes,2986.00
5612,2913,P02022,Yes,3680.00
5613,1911,P04647,Yes,2531.00
5614,2809,P03305,Yes,2332.00
5615,2856,P04532,Yes,4596.00
5616,2409,P03793,Yes,2598.00
5617,1891,P04770,Yes,5490.00
5618,2890,P00276,Yes,3608.00
5619,2384,P01949,Yes,2643.00
5620,1958,P00234,Yes,5023.00
5621,2925,P02399,Yes,1738.00
5622,2274,P04030,Yes,2319.00
5623,2522,P01249,Yes,4106.00
5624,1828,P02430,Yes,5970.00
5625,1721,P03538,Yes,4333.00
5626,2749,P04419,Yes,3132.00
5627,1001,P03265,Yes,5840.00
5628,2074,P03587,Yes,0.00
5629,1369,P00163,Yes,0.00
5630,1551,P03300,Yes,3802.00
5631,1372,P04947,Yes,1493.00
5632,1338,P03717,Yes,5172.00
5633,1521,P04789,Yes,1324.00
5634,2122,P00457,Yes,3032.00
5635,1347,P04213,Yes,0.00
5636,1805,P03671,Yes,2297.00
5637,2006,P00447,Yes,4869.00
5638,2460,P01562,Yes,1682.00
5639,1208,P02126,Yes,3809.00
5640,1872,P03805,Yes,5567.00
5641,2912,P02155,Yes,3243.00
5642,2814,P00084,Yes,1246.00
5643,2654,P04591,Yes,4451.00
5644,2213,P04753,Yes,4836.00
5645,1218,P00989,Yes,5977.00
5646,2359,P01424,Yes,2935.00
5647,1751,P04212,Yes,2694.00
5648,1462,P02011,Yes,2484.00
5649,2149,P01493,Yes,2104.00
5650,2001,P03823,Yes,1087.00
5651,1348,P01203,Yes,0.00
5652,1791,P00738,Yes,3729.00
5653,1477,P01992,Yes,5870.00
5654,1208,P04126,Yes,4416.00
5655,2842,P04457,Yes,1067.00
5656,1949,P03404,Yes,2983.00
5657,1485,P01406,Yes,4524.00
5658,2380,P04577,Yes,3531.00
5659,2612,P02793,Yes,1094.00
5660,2034,P02548,Yes,2816.00
5661,1391,P03743,Yes,5144.00
5662,1843,P01992,Yes,5751.00
5663,2388,P02186,Yes,2564.00
5664,1533,P02584,Yes,2399.00
5665,1720,P01032,Yes,4212.00
5666,2711,P00618,Yes,1113.00
5667,1346,P04038,Yes,0.00
5668,2135,P02635,Yes,2207.00
5669,1772,P04244,Yes,3396.00
5670,2174,P04798,Yes,5052.00
5671,2068,P03440,Yes,2567.00
5672,1013,P00237,Yes,3381.00
5673,1275,P02402,Yes,3923.00
5674,2593,P00488,Yes,3419.00
5675,1466,P03781,Yes,5754.00
5676,2660,P01534,Yes,5485.00
5677,2005,P03369,Yes,4434.00
5678,2835,P00058,Yes,1313.00
5679,1041,P00672,Yes,1808.00
5680,1934,P02531,Yes,1095.00
5681,2539,P01537,Yes,4296.00
5682,2057,P00604,Yes,5712.00
5683,1376,P04630,Yes,1677.00
5684,1462,P00534,Yes,4199.00
5685,1524,P00071,Yes,5912.00
5686,1164,P02250,Yes,4004.00
5687,1957,P03519,Yes,5374.00
5688,2942,P02197,Yes,4359.00
5689,1914,P04411,No,3247.00
5690,1831,P03158,Yes,1821.00
5691,2555,P01982,Yes,1515.00
5692,1298,P02381,Yes,4403.00
5693,1932,P02400,Yes,1017.00
5694,2729,P02801,Yes,5966.00
5695,2309,P03771,Yes,4748.00
5696,1944,P00202,Yes,4122.00
5697,1126,P04268,Yes,4715.00
5698,1402,P02318,Yes,5879.00
5699,1543,P01844,Yes,1269.00
5700,1095,P03078,Yes,2294.00
5701,2248,P03386,Yes,2598.00
5702,2681,P00549,Yes,5711.00
5703,2476,P02311,Yes,4143.00
5704,1015,P00705,Yes,1215.00
5705,2532,P04630,Yes,2740.00
5706,1371,P01366,Yes,4468.00
5707,2801,P03556,No,4638.00
5708,2193,P02584,Yes,5971.00
5709,2041,P00706,Yes,5427.00
5710,2330,P01592,Yes,2375.00
5711,2809,P03466,Yes,4788.00
5712,2429,P03094,Yes,4042.00
5713,2381,P02823,Yes,3594.00
5714,1331,P03175,Yes,5402.00
5715,1926,P01889,Yes,1438.00
5716,1594,P02267,Yes,1235.00
5717,2446,P01920,Yes,3083.00
5718,2632,P03030,Yes,5642.00
5719,2276,P04706,Yes,1649.00
5720,2630,P03689,Yes,1371.00
5721,1616,P03559,Yes,1464.00
5722,1749,P03115,Yes,1615.00
5723,2347,P04926,Yes,2308.00
5724,1133,P03847,No,1018.00
5725,1891,P01250,Yes,2705.00
5726,2564,P03400,No,2058.00
5727,2071,P00732,Yes,3519.00
5728,2106,P03071,Yes,5263.00
5729,1457,P03550,Yes,3618.00
5730,2222,P01720,Yes,1923.00
5731,1901,P01346,Yes,3930.00
5732,2009,P01425,Yes,2415.00
5733,1672,P03903,Yes,5461.00
5734,2446,P00001,No,1785.00
5735,1322,P02857,Yes,3375.00
5736,2147,P00732,Yes,4561.00
5737,2182,P01419,Yes,1040.00
5738,2751,P00651,Yes,1794.00
5739,2006,P02930,Yes,2338.00
5740,2340,P01946,Yes,4747.00
5741,1113,P03445,Yes,5720.00
5742,1679,P03908,Yes,5956.00
5743,1343,P02290,Yes,1285.00
5744,2744,P03258,No,3072.00
5745,2498,P04021,Yes,4984.00
5746,2045,P01930,Yes,1048.00
5747,2349,P01048,Yes,4746.00
5748,2578,P00057,Yes,2056.00
5749,1059,P02592,Yes,5679.00
5750,1399,P01475,Yes,4467.00
5751,1213,P01540,Yes,2301.00
5752,2731,P01955,Yes,3069.00
5753,2418,P00162,Yes,5647.00
5754,2048,P01277,Yes,5068.00
5755,1496,P03744,Yes,1577.00
5756,1570,P04503,Yes,4100.00
5757,1602,P00288,Yes,4139.00
5758,1517,P01026,Yes,4092.00
5759,1031,P00242,Yes,4881.00
5760,1465,P04344,Yes,2040.00
5761,1425,P01991,Yes,5786.00
5762,2079,P00509,Yes,2209.00
5763,1985,P02623,Yes,2286.00
5764,1183,P04388,Yes,2568.00
5765,2129,P00894,Yes,1310.00
5766,1148,P00257,Yes,5587.00
5767,2242,P00962,Yes,5266.00
5768,1781,P01062,Yes,1699.00
5769,1684,P03117,Yes,5779.00
5770,2224,P04589,Yes,2163.00
5771,2159,P01747,Yes,5780.00
5772,2694,P02281,Yes,1585.00
5773,1777,P04991,Yes,3861.00
5774,1446,P03579,Yes,1328.00
5775,1982,P04919,Yes,3104.00
5776,1388,P04631,Yes,1777.00
5777,2136,P02014,Yes,2758.00
5778,1622,P03747,Yes,5646.00
5779,2871,P04987,Yes,5059.00
5780,1305,P00282,Yes,3054.00
5781,1571,P04310,Yes,1464.00
5782,2824,P04864,Yes,2519.00
5783,2333,P01469,Yes,4447.00
5784,1813,P02434,Yes,4940.00
5785,2855,P02880,Yes,5748.00
5786,2316,P00312,Yes,1950.00
5787,1706,P04428,Yes,4697.00
5788,2077,P01623,Yes,4629.00
5789,1770,P00573,Yes,2739.00
5790,1921,P03884,Yes,3005.00
5791,2152,P02149,Yes,3958.00
5792,2447,P00811,Yes,0.00
5793,2289,P04281,Yes,5618.00
5794,2832,P02132,Yes,5068.00
5795,2403,P00132,Yes,4519.00
5796,1253,P02739,Yes,4849.00
5797,2948,P02652,Yes,4790.00
5798,2960,P00583,Yes,2224.00
5799,2562,P01355,Yes,3751.00
5800,1322,P03326,Yes,0.00
5801,2967,P00045,Yes,4011.00
5802,1295,P00528,Yes,5049.00
5803,1466,P01662,Yes,1758.00
5804,2577,P00031,Yes,5532.00
5805,2619,P02074,Yes,3441.00
5806,1484,P00033,Yes,4980.00
5807,2450,P03223,Yes,5733.00
5808,1315,P04947,Yes,4724.00
5809,2220,P02969,Yes,2187.00
5810,1350,P01641,Yes,2406.00
5811,2387,P03111,Yes,2606.00
5812,2021,P00540,Yes,1804.00
5813,1037,P04075,Yes,1584.00
5814,2951,P02623,Yes,5257.00
5815,1426,P00075,Yes,4769.00
5816,1099,P04873,Yes,4244.00
5817,1351,P00037,Yes,5670.00
5818,1054,P00354,Yes,0.00
5819,2082,P04167,Yes,4305.00
5820,1416,P03147,Yes,5142.00
5821,1369,P00554,Yes,3516.00
5822,1198,P00706,Yes,3786.00
5823,1136,P00782,Yes,4556.00
5824,1095,P04291,Yes,3821.00
5825,2456,P03590,Yes,2684.00
5826,2480,P04994,Yes,1617.00
5827,2149,P00338,Yes,4503.00
5828,2273,P01262,Yes,4084.00
5829,2750,P04571,Yes,3714.00
5830,1744,P02036,Yes,3388.00
5831,2178,P01657,Yes,0.00
5832,1161,P00443,Yes,4587.00
5833,2962,P00815,Yes,5573.00
5834,1286,P02435,Yes,5244.00
5835,1090,P03625,Yes,5963.00
5836,2730,P02804,Yes,4904.00
5837,2343,P01141,Yes,2277.00
5838,2209,P02385,Yes,2368.00
5839,1164,P01554,Yes,2468.00
5840,1071,P04807,Yes,5975.00
5841,1818,P00506,Yes,3281.00
5842,2034,P02814,Yes,5260.00
5843,2869,P01044,Yes,5450.00
5844,2760,P01188,Yes,4284.00
5845,2209,P04760,Yes,3406.00
5846,2146,P02512,Yes,4171.00
5847,2391,P03851,Yes,1880.00
5848,1854,P00630,Yes,2015.00
5849,2965,P04107,No,1392.00
5850,2031,P04366,Yes,1363.00
5851,2368,P04028,Yes,3936.00
5852,2917,P00912,Yes,5881.00
5853,1850,P01573,Yes,3151.00
5854,2048,P04840,Yes,1851.00
5855,1310,P01951,Yes,4073.00
5856,1620,P04562,Yes,2891.00
5857,1648,P02469,Yes,1450.00
5858,1132,P01948,Yes,3493.00
5859,1964,P03466,Yes,1921.00
5860,2650,P02268,No,4018.00
5861,2499,P01408,Yes,3418.00
5862,2823,P01081,Yes,4489.00
5863,1083,P04849,Yes,5142.00
5864,2781,P04512,Yes,2063.00
5865,1313,P02594,Yes,4601.00
5866,1749,P00352,Yes,2852.00
5867,1854,P04085,Yes,4399.00
5868,1950,P03219,Yes,2242.00
5869,1200,P01102,Yes,1016.00
5870,1754,P04041,Yes,1988.00
5871,2076,P04472,Yes,3038.00
5872,2619,P04185,Yes,1992.00
5873,2349,P02906,Yes,4684.00
5874,2460,P01968,Yes,5027.00
5875,2232,P01083,Yes,2645.00
5876,1503,P00643,Yes,5271.00
5877,2459,P04395,Yes,4624.00
5878,1732,P02471,Yes,3810.00
5879,1474,P04843,Yes,3756.00
5880,1689,P03683,Yes,1812.00
5881,1859,P01979,Yes,4321.00
5882,2070,P03637,Yes,3739.00
5883,1836,P01820,Yes,4370.00
5884,2620,P00357,Yes,3017.00
5885,1742,P02371,No,3270.00
5886,1244,P04528,Yes,4309.00
5887,1315,P01552,Yes,1454.00
5888,1710,P04403,Yes,1819.00
5889,2853,P04779,Yes,5868.00
5890,1421,P00893,Yes,3961.00
5891,2998,P01437,Yes,3207.00
5892,1800,P03449,Yes,3002.00
5893,1878,P02738,Yes,3537.00
5894,2861,P00345,Yes,4207.00
5895,2254,P02293,Yes,2504.00
5896,1259,P01832,Yes,4448.00
5897,2206,P02774,Yes,3792.00
5898,2495,P04447,Yes,3757.00
5899,1220,P03177,Yes,2657.00
5900,1471,P03528,Yes,3316.00
5901,2633,P03197,Yes,5872.00
5902,1453,P01063,Yes,1147.00
5903,1444,P04362,Yes,4914.00
5904,2091,P00221,Yes,5583.00
5905,1055,P00072,Yes,2540.00
5906,2869,P02953,Yes,0.00
5907,2890,P01187,Yes,3734.00
5908,1556,P04206,Yes,3192.00
5909,1416,P00094,Yes,1007.00
5910,2277,P02391,Yes,4696.00
5911,2239,P01271,Yes,2105.00
5912,2552,P01268,Yes,4374.00
5913,1579,P00844,Yes,5071.00
5914,1354,P02189,Yes,5738.00
5915,1913,P02760,Yes,5319.00
5916,1890,P01083,Yes,4345.00
5917,1539,P01851,Yes,3592.00
5918,2144,P04876,Yes,0.00
5919,1836,P00377,Yes,4622.00
5920,1144,P03974,Yes,2857.00
5921,2644,P01506,Yes,2379.00
5922,2445,P01567,Yes,3975.00
5923,2586,P03443,Yes,3329.00
5924,1772,P02352,Yes,3660.00
5925,2320,P04665,Yes,2371.00
5926,2130,P04186,Yes,4355.00
5927,1728,P03109,Yes,2867.00
5928,1091,P00108,Yes,2907.00
5929,1085,P01300,Yes,2212.00
5930,2472,P01893,Yes,0.00
5931,1801,P00422,Yes,2966.00
5932,2847,P02162,Yes,2339.00
5933,1439,P01297,Yes,1685.00
5934,1759,P00457,Yes,3996.00
5935,2422,P00650,Yes,1633.00
5936,2064,P01326,Yes,5505.00
5937,1576,P04480,Yes,5667.00
5938,2377,P01729,Yes,3955.00
5939,2396,P03679,Yes,4669.00
5940,1808,P02049,Yes,4302.00
5941,2594,P02561,Yes,1162.00
5942,2466,P02650,Yes,3320.00
5943,1278,P01935,Yes,1238.00
5944,1147,P03774,Yes,4620.00
5945,1895,P00440,Yes,4120.00
5946,2006,P03343,Yes,2583.00
5947,1485,P01870,Yes,5828.00
5948,2167,P03370,Yes,3658.00
5949,2749,P02592,Yes,2528.00
5950,2489,P04999,Yes,1681.00
5951,1047,P02541,Yes,5885.00
5952,2834,P01546,Yes,5230.00
5953,2503,P04388,Yes,1534.00
5954,2287,P00644,Yes,5414.00
5955,2442,P01459,Yes,0.00
5956,2239,P01223,Yes,4151.00
5957,2468,P04676,Yes,1255.00
5958,2534,P02943,Yes,1255.00
5959,2385,P04635,Yes,2979.00
5960,2690,P02600,Yes,5300.00
5961,2097,P01133,Yes,3618.00
5962,2143,P01973,No,1214.00
5963,1469,P02920,Yes,5018.00
5964,2845,P04783,Yes,5754.00
5965,2294,P01830,Yes,2364.00
5966,1069,P02029,Yes,2298.00
5967,1808,P01944,Yes,5413.00
5968,1404,P02070,Yes,2405.00
5969,1854,P02077,Yes,5406.00
5970,2209,P00191,Yes,5179.00
5971,2859,P00857,Yes,5753.00
5972,2996,P01628,Yes,0.00
5973,1914,P03010,Yes,3311.00
5974,2010,P01308,Yes,4705.00
5975,2800,P02816,Yes,3854.00
5976,2262,P02639,Yes,3405.00
5977,1418,P01091,Yes,5573.00
5978,2245,P03849,Yes,1460.00
5979,1060,P04925,Yes,5813.00
5980,2968,P01356,Yes,3786.00
5981,2627,P04566,Yes,4696.00
5982,1466,P02244,Yes,4976.00
5983,1032,P01629,Yes,1780.00
5984,2233,P03576,Yes,2408.00
5985,1415,P01232,Yes,5383.00
5986,1699,P03976,Yes,4341.00
5987,2646,P01023,Yes,5181.00
5988,2202,P03673,Yes,4148.00
5989,1209,P00113,Yes,5902.00
5990,1465,P03350,Yes,5331.00
5991,1150,P00210,Yes,2536.00
5992,2119,P01621,Yes,2788.00
5993,1651,P04969,Yes,3584.00
5994,2554,P02671,Yes,1355.00
5995,2123,P02173,Yes,2596.00
5996,2309,P04015,Yes,4020.00
5997,2862,P03841,Yes,1486.00
5998,1771,P03052,Yes,4184.00
5999,2152,P02471,Yes,2929.00
6000,2727,P03522,Yes,3974.00
6001,2881,P04312,Yes,5711.00
6002,2505,P01167,Yes,3033.00
6003,1448,P00451,Yes,5169.00
6004,2310,P02466,Yes,3468.00
6005,1367,P04908,Yes,3162.00
6006,2382,P00243,Yes,5321.00
6007,2131,P03293,No,3396.00
6008,2886,P04421,Yes,0.00
6009,2725,P04286,Yes,2149.00
6010,1065,P02704,Yes,3137.00
6011,2096,P04786,Yes,1417.00
6012,1653,P04168,Yes,3857.00
6013,1491,P04702,Yes,5159.00
6014,2523,P04161,Yes,1226.00
6015,2098,P02363,No,4922.00
6016,1072,P01161,Yes,1806.00
6017,2446,P04321,Yes,1019.00
6018,2421,P01843,Yes,1959.00
6019,2952,P00232,Yes,3339.00
6020,1098,P04677,Yes,2510.00
6021,2989,P03240,Yes,2278.00
6022,2446,P03223,Yes,5696.00
6023,2087,P04517,Yes,1061.00
6024,2018,P01101,Yes,1059.00
6025,1255,P03264,Yes,4045.00
6026,1218,P04164,Yes,4855.00
6027,2190,P03704,Yes,1401.00
6028,2303,P01910,Yes,2647.00
6029,1023,P03289,Yes,3908.00
6030,2242,P03705,Yes,3167.00
6031,1671,P02099,Yes,1262.00
6032,2848,P00271,Yes,5635.00
6033,1695,P01895,Yes,1024.00
6034,1008,P02065,Yes,3467.00
6035,1932,P04004,Yes,3704.00
6036,1111,P01949,No,5599.00
6037,1511,P03486,Yes,2324.00
6038,2559,P03744,Yes,5562.00
6039,2109,P02918,Yes,1717.00
6040,2762,P01010,Yes,1446.00
6041,1051,P00973,Yes,2821.00
6042,1647,P03922,Yes,3045.00
6043,2384,P02440,Yes,1944.00
6044,2152,P02940,Yes,1708.00
6045,1943,P03848,Yes,3841.00
6046,2718,P04772,Yes,0.00
6047,2642,P03760,Yes,2074.00
6048,2237,P02547,Yes,3374.00
6049,1054,P04850,Yes,3926.00
6050,2495,P00674,Yes,3155.00
6051,2382,P00438,Yes,0.00
6052,2765,P04668,Yes,1191.00
6053,2777,P00433,Yes,1472.00
6054,1961,P01145,Yes,3288.00
6055,1176,P04740,Yes,3255.00
6056,1017,P03113,Yes,5653.00
6057,1195,P00860,Yes,2492.00
6058,1567,P00888,Yes,0.00
6059,1503,P01155,Yes,2693.00
6060,1223,P04839,Yes,1386.00
6061,1887,P01107,Yes,5762.00
6062,1073,P02313,Yes,0.00
6063,2520,P04068,Yes,2140.00
6064,2650,P04055,Yes,4755.00
6065,1247,P03986,Yes,4871.00
6066,1057,P04026,Yes,3122.00
6067,1918,P02462,Yes,4042.00
6068,1275,P02098,Yes,5622.00
6069,2024,P01077,Yes,5797.00
6070,1899,P03266,Yes,1064.00
6071,1927,P04093,Yes,2572.00
6072,1270,P00562,Yes,5527.00
6073,2855,P02044,Yes,2003.00
6074,1559,P01022,Yes,1734.00
6075,1966,P04915,Yes,0.00
6076,1295,P01719,Yes,4762.00
6077,2576,P00392,Yes,5864.00
6078,1351,P03569,Yes,2793.00
6079,1087,P02920,Yes,5408.00
6080,2629,P02519,Yes,4423.00
6081,2575,P02383,Yes,5665.00
6082,2325,P02118,Yes,1596.00
6083,2321,P04029,Yes,4893.00
6084,1699,P02867,Yes,5330.00
6085,1017,P01064,Yes,3935.00
6086,1168,P00620,Yes,5875.00
6087,1831,P04660,Yes,5977.00
6088,1076,P03553,Yes,2762.00
6089,2120,P00996,Yes,4246.00
6090,2313,P00679,Yes,3849.00
6091,2501,P02126,Yes,5316.00
6092,1031,P01770,Yes,2530.00
6093,2590,P00717,Yes,1934.00
6094,1811,P02917,Yes,0.00
6095,1339,P04911,Yes,2833.00
6096,1545,P04262,Yes,4277.00
6097,2876,P01630,Yes,1127.00
6098,1877,P01575,Yes,5749.00
6099,1130,P00880,Yes,2912.00
6100,1263,P00227,Yes,5805.00
6101,1387,P00863,Yes,3637.00
6102,1479,P00890,Yes,4012.00
6103,2367,P02092,Yes,5783.00
6104,2726,P00430,Yes,4468.00
6105,1711,P04981,Yes,5948.00
6106,2756,P00681,Yes,4915.00
6107,1101,P02451,Yes,1559.00
6108,2473,P00905,Yes,5090.00
6109,2197,P04317,Yes,3737.00
6110,2735,P01650,Yes,3406.00
6111,2841,P01285,Yes,5529.00
6112,2575,P00447,Yes,2779.00
6113,1568,P00502,Yes,3513.00
6114,2502,P02775,Yes,0.00
6115,2356,P01278,Yes,4256.00
6116,1178,P01661,Yes,1466.00
6117,2221,P04571,Yes,1469.00
6118,2104,P04281,Yes,3417.00
6119,2836,P00256,Yes,5396.00
6120,1966,P02183,Yes,2246.00
6121,2976,P04426,Yes,3056.00
6122,1841,P04815,Yes,5688.00
6123,1629,P01500,Yes,2147.00
6124,1307,P04581,Yes,2105.00
6125,1839,P00991,Yes,2586.00
6126,1917,P01817,Yes,3809.00
6127,2726,P03923,Yes,2815.00
6128,1952,P00759,Yes,4433.00
6129,2220,P00748,Yes,2273.00
6130,1878,P03638,Yes,2238.00
6131,2234,P03005,Yes,2828.00
6132,1981,P01456,No,5860.00
6133,2159,P04157,Yes,4874.00
6134,1533,P02075,Yes,0.00
6135,1417,P04587,Yes,5278.00
6136,1775,P01963,Yes,4423.00
6137,2762,P02595,Yes,1284.00
6138,1891,P00445,Yes,1841.00
6139,1575,P04172,Yes,1907.00
6140,2718,P02359,Yes,0.00
6141,2098,P04341,Yes,5123.00
6142,2436,P00557,Yes,2871.00
6143,2211,P01025,Yes,4119.00
6144,1275,P02475,Yes,4651.00
6145,1769,P04844,Yes,5451.00
6146,1443,P04287,Yes,4376.00
6147,2492,P03020,Yes,2199.00
6148,2823,P01257,Yes,4519.00
6149,1598,P02347,Yes,1127.00
6150,1284,P04880,Yes,3069.00
6151,2445,P04243,Yes,4441.00
6152,2503,P04806,Yes,5861.00
6153,2144,P04660,Yes,1901.00
6154,2344,P04458,Yes,5158.00
6155,1413,P04044,Yes,3957.00
6156,1068,P04591,Yes,1666.00
6157,1796,P02055,Yes,5355.00
6158,2719,P02444,Yes,1678.00
6159,1054,P04062,Yes,3289.00
6160,2671,P02262,Yes,4331.00
6161,2827,P03509,Yes,4555.00
6162,1761,P04659,Yes,5692.00
6163,2656,P03648,Yes,1775.00
6164,2253,P03102,Yes,2893.00
6165,1359,P02331,Yes,3584.00
6166,2529,P00758,Yes,1764.00
6167,1052,P04910,Yes,1964.00
6168,1215,P01167,Yes,3307.00
6169,1480,P00834,Yes,1286.00
6170,2231,P00645,Yes,3031.00
6171,1536,P02348,Yes,5334.00
6172,1163,P02116,Yes,5065.00
6173,1540,P00234,Yes,3617.00
6174,2673,P04880,Yes,0.00
6175,1026,P01602,Yes,1283.00
6176,2853,P02829,Yes,4586.00
6177,2841,P03152,Yes,5620.00
6178,1290,P01036,Yes,1788.00
6179,2191,P01174,Yes,1571.00
6180,2812,P01022,Yes,5288.00
6181,2996,P04030,Yes,3245.00
6182,2851,P01756,Yes,5208.00
6183,1683,P01962,Yes,2629.00
6184,1222,P01805,Yes,2299.00
6185,1110,P04354,Yes,2274.00
6186,1851,P03818,Yes,1146.00
6187,1868,P00851,Yes,3384.00
6188,2612,P03337,Yes,5530.00
6189,2398,P02404,Yes,5855.00
6190,2815,P01247,Yes,4673.00
6191,2799,P03664,Yes,4921.00
6192,2703,P04954,Yes,1237.00
6193,1014,P03047,Yes,3669.00
6194,2785,P02233,Yes,3216.00
6195,2585,P02998,Yes,1940.00
6196,1577,P02563,No,3860.00
6197,2097,P02719,Yes,2778.00
6198,1294,P02505,Yes,3314.00
6199,2377,P00155,Yes,2425.00
6200,2468,P04357,Yes,5424.00
6201,1904,P02990,Yes,4693.00
6202,2693,P00331,Yes,2069.00
6203,2670,P00639,Yes,3982.00
6204,2524,P01596,Yes,4158.00
6205,2646,P01705,Yes,2703.00
6206,2712,P02082,Yes,5634.00
6207,1976,P03267,Yes,2603.00
6208,1739,P00297,Yes,1827.00
6209,1819,P03894,Yes,3030.00
6210,2024,P04459,Yes,1651.00
6211,1280,P01887,No,4630.00
6212,1792,P04148,Yes,3959.00
6213,1969,P03740,Yes,1442.00
6214,2462,P04766,Yes,3515.00
6215,2543,P04907,Yes,2066.00
6216,1737,P00840,Yes,5459.00
6217,2765,P02318,Yes,2022.00
6218,2143,P00691,Yes,2950.00
6219,2815,P01600,Yes,4938.00
6220,2746,P03910,Yes,5169.00
6221,2679,P00660,Yes,5026.00
6222,1108,P04785,Yes,3715.00
6223,2244,P00122,Yes,3248.00
6224,1968,P04883,Yes,2735.00
6225,1597,P00884,Yes,4277.00
6226,2912,P02512,Yes,5969.00
6227,1505,P01477,No,4293.00
6228,2820,P02030,Yes,1660.00
6229,1822,P03668,Yes,3034.00
6230,2415,P04564,Yes,4237.00
6231,1932,P03497,Yes,3585.00
6232,2912,P02654,Yes,5219.00
6233,1652,P02851,Yes,5677.00
6234,1784,P00945,Yes,2449.00
6235,1870,P00156,Yes,2602.00
6236,1956,P02809,Yes,4270.00
6237,2638,P04520,Yes,3821.00
6238,1801,P04198,Yes,5100.00
6239,1690,P01153,Yes,2191.00
6240,2222,P02821,Yes,4369.00
6241,1445,P04093,Yes,5711.00
6242,1977,P03507,Yes,5872.00
6243,2396,P02803,No,4428.00
6244,2159,P03202,Yes,1438.00
6245,2189,P02787,Yes,1625.00
6246,1772,P04516,Yes,3759.00
6247,1873,P04657,Yes,5029.00
6248,2280,P03554,Yes,2554.00
6249,2329,P00483,Yes,4626.00
6250,2436,P00905,Yes,2083.00
6251,2496,P01317,Yes,1640.00
6252,2635,P00069,Yes,4343.00
6253,1548,P00511,Yes,4462.00
6254,1975,P00815,Yes,1249.00
6255,1259,P04307,Yes,1760.00
6256,1487,P04799,Yes,5390.00
6257,2054,P04304,Yes,4072.00
6258,1751,P02744,Yes,2101.00
6259,2661,P04785,Yes,1879.00
6260,1999,P04010,No,5955.00
6261,2083,P02156,Yes,0.00
6262,2515,P01700,Yes,4190.00
6263,1725,P02453,Yes,2985.00
6264,2560,P04574,Yes,1941.00
6265,1071,P01703,Yes,3747.00
6266,2557,P01127,Yes,1492.00
6267,2209,P04992,Yes,4096.00
6268,2834,P03314,Yes,4668.00
6269,1475,P03160,Yes,5639.00
6270,1534,P02165,Yes,5108.00
6271,1487,P03171,Yes,3040.00
6272,1867,P03998,Yes,4505.00
6273,2694,P03856,Yes,1763.00
6274,1903,P03981,Yes,1093.00
6275,2422,P02387,Yes,2234.00
6276,1430,P00065,Yes,5932.00
6277,1937,P00964,Yes,3542.00
6278,1384,P03855,Yes,3360.00
6279,2001,P01608,Yes,3868.00
6280,2446,P04977,Yes,5578.00
6281,2443,P03064,Yes,2396.00
6282,2722,P02121,Yes,2022.00
6283,2703,P01499,Yes,4332.00
6284,2666,P03364,No,4958.00
6285,1428,P03255,Yes,1148.00
6286,2624,P02813,Yes,3441.00
6287,1346,P00602,Yes,1948.00
6288,1448,P02340,Yes,3083.00
6289,1551,P00871,Yes,4078.00
6290,2643,P04719,Yes,4960.00
6291,2896,P02918,Yes,1684.00
6292,1677,P00047,Yes,1668.00
6293,1168,P00800,Yes,0.00
6294,2344,P04197,Yes,2102.00
6295,1447,P00418,Yes,5949.00
6296,1314,P04336,Yes,5425.00
6297,1014,P02295,Yes,3635.00
6298,2741,P04522,Yes,1414.00
6299,1651,P03788,Yes,2901.00
6300,2278,P01636,Yes,3115.00
6301,1405,P01350,Yes,2553.00
6302,1582,P00435,Yes,1935.00
6303,1056,P04935,Yes,0.00
6304,1998,P01323,Yes,3562.00
6305,1808,P03282,Yes,5705.00
6306,1170,P02952,Yes,3450.00
6307,2888,P02926,Yes,3485.00
6308,1299,P00221,Yes,1202.00
6309,1566,P02944,Yes,1347.00
6310,1602,P04445,Yes,1647.00
6311,2700,P01579,Yes,5057.00
6312,1953,P01931,Yes,5522.00
6313,2907,P01492,Yes,0.00
6314,2934,P03015,Yes,5200.00
6315,2546,P02015,Yes,4185.00
6316,1028,P00005,Yes,3996.00
6317,2610,P03400,No,5211.00
6318,2921,P00308,Yes,1575.00
6319,2977,P03681,Yes,0.00
6320,1962,P00981,Yes,3703.00
6321,1975,P04730,Yes,2933.00
6322,2314,P01534,Yes,3072.00
6323,2000,P03684,Yes,1427.00
6324,2777,P03500,Yes,3686.00
6325,2748,P01402,Yes,3634.00
6326,1662,P00165,Yes,1096.00
6327,1489,P01392,Yes,3866.00
6328,1725,P04326,Yes,1330.00
6329,1020,P02046,Yes,2097.00
6330,1509,P01309,Yes,3350.00
6331,2741,P04431,Yes,2384.00
6332,2395,P04341,Yes,4827.00
6333,2703,P02692,Yes,1623.00
6334,1710,P03042,Yes,2329.00
6335,1843,P04785,Yes,2299.00
6336,1289,P04869,Yes,1865.00
6337,2333,P00657,Yes,2076.00
6338,1445,P00401,Yes,0.00
6339,2490,P03944,Yes,1680.00
6340,2841,P03490,Yes,2301.00
6341,2088,P01237,No,2124.00
6342,1367,P00952,Yes,3262.00
6343,2893,P00203,No,3097.00
6344,2126,P04328,Yes,2127.00
6345,1493,P01777,Yes,5576.00
6346,1693,P00940,Yes,4409.00
6347,2345,P01348,Yes,3377.00
6348,2788,P04406,Yes,2210.00
6349,1951,P04540,No,0.00
6350,1306,P00507,Yes,3716.00
6351,2592,P03454,Yes,4750.00
6352,1198,P04129,Yes,4254.00
6353,1772,P03464,Yes,1687.00
6354,1314,P01361,Yes,4474.00
6355,1084,P00363,Yes,5035.00
6356,1737,P02761,Yes,2322.00
6357,1882,P04479,Yes,1978.00
6358,1712,P00675,Yes,2990.00
6359,2155,P04943,Yes,4967.00
6360,1132,P03885,Yes,3507.00
6361,2454,P04906,Yes,2655.00
6362,2476,P03016,Yes,1552.00
6363,1040,P04401,Yes,0.00
6364,2078,P00767,Yes,2775.00
6365,2593,P00562,Yes,2201.00
6366,1418,P01869,Yes,3492.00
6367,1588,P03483,Yes,2073.00
6368,1146,P03792,Yes,5319.00
6369,2106,P01167,Yes,2673.00
6370,1617,P04201,Yes,5601.00
6371,2714,P00671,Yes,4522.00
6372,1686,P02842,Yes,4004.00
6373,2551,P02418,Yes,3725.00
6374,2102,P04305,Yes,5108.00
6375,2015,P00227,Yes,0.00
6376,2300,P00911,Yes,1474.00
6377,2452,P01959,Yes,4664.00
6378,1197,P02629,Yes,3617.00
6379,1191,P02777,Yes,2594.00
6380,2503,P02779,Yes,1385.00
6381,2590,P01747,Yes,0.00
6382,2910,P00802,Yes,2640.00
6383,1438,P03021,Yes,4357.00
6384,1597,P00350,Yes,4935.00
6385,1444,P03607,Yes,5620.00
6386,1535,P00547,Yes,5345.00
6387,1406,P02602,Yes,5806.00
6388,1217,P00015,Yes,3124.00
6389,1512,P02950,Yes,2233.00
6390,1565,P00363,Yes,4512.00
6391,1371,P02097,No,4851.00
6392,1597,P01942,Yes,2089.00
6393,2581,P04618,Yes,5858.00
6394,1679,P04186,Yes,4316.00
6395,2538,P04909,No,3810.00
6396,2731,P03049,Yes,5239.00
6397,1100,P03612,Yes,5170.00
6398,2728,P01993,Yes,1145.00
6399,1487,P03162,Yes,1260.00
6400,2224,P00307,Yes,1963.00
6401,1904,P01363,Yes,1672.00
6402,2251,P01372,Yes,5326.00
6403,1591,P01959,Yes,2472.00
6404,1661,P04395,No,5946.00
6405,1333,P03345,Yes,2904.00
6406,2312,P04881,Yes,2783.00
6407,1933,P03961,Yes,1848.00
6408,1355,P00374,Yes,2586.00
6409,2426,P04127,Yes,4031.00
6410,2723,P00932,Yes,1362.00
6411,2990,P04819,Yes,5723.00
6412,2379,P02821,Yes,3388.00
6413,2957,P02439,Yes,4668.00
6414,2113,P04673,Yes,4369.00
6415,1774,P03517,Yes,1829.00
6416,2564,P03838,Yes,2840.00
6417,2504,P02972,Yes,1052.00
6418,2879,P00476,Yes,3702.00
6419,1707,P04062,Yes,2020.00
6420,2615,P03878,Yes,5179.00
6421,2392,P03157,Yes,4047.00
6422,2903,P00826,Yes,5194.00
6423,2525,P00294,Yes,3808.00
6424,1149,P03059,Yes,3007.00
6425,2012,P02075,Yes,5357.00
6426,1338,P00273,Yes,4439.00
6427,2160,P00773,Yes,2737.00
6428,2746,P00135,Yes,1131.00
6429,1244,P02866,Yes,2261.00
6430,1119,P04544,Yes,0.00
6431,2452,P03956,Yes,2689.00
6432,1493,P01355,Yes,3876.00
6433,1346,P03112,Yes,0.00
6434,2746,P02162,Yes,0.00
6435,2489,P02450,Yes,3991.00
6436,1607,P03531,Yes,2722.00
6437,1623,P00068,No,4264.00
6438,2017,P02518,No,5179.00
6439,2596,P03543,No,3224.00
6440,2605,P03534,Yes,2048.00
6441,1495,P04808,Yes,1182.00
6442,2059,P02770,Yes,2420.00
6443,2662,P04279,Yes,2104.00
6444,1397,P02347,Yes,2302.00
6445,1289,P00117,Yes,2496.00
6446,1609,P04149,Yes,3861.00
6447,1582,P00699,Yes,3177.00
6448,1983,P02118,Yes,3334.00
6449,2624,P00976,Yes,3357.00
6450,1205,P03607,Yes,0.00
6451,2347,P02762,Yes,5136.00
6452,2057,P00683,Yes,5304.00
6453,2403,P03512,Yes,4611.00
6454,2166,P04696,Yes,4462.00
6455,1108,P01075,Yes,3246.00
6456,2804,P02225,Yes,5441.00
6457,2143,P03989,Yes,1761.00
6458,1338,P03211,Yes,0.00
6459,2800,P02164,Yes,5845.00
6460,2024,P01972,Yes,4286.00
6461,2973,P02958,Yes,4188.00
6462,2236,P04251,Yes,1433.00
6463,2736,P03511,Yes,1214.00
6464,1572,P04995,Yes,4035.00
6465,2974,P01218,Yes,4143.00
6466,1667,P02043,No,3491.00
6467,2215,P04217,Yes,5873.00
6468,1362,P00299,Yes,4147.00
6469,2799,P01635,Yes,0.00
6470,1987,P02814,Yes,5564.00
6471,2170,P04441,Yes,3488.00
6472,1598,P02437,Yes,1473.00
6473,2873,P01094,Yes,5748.00
6474,1807,P04908,Yes,5031.00
6475,1592,P01903,Yes,4669.00
6476,2387,P03277,Yes,3819.00
6477,1295,P01809,Yes,4776.00
6478,2287,P02720,Yes,1609.00
6479,1411,P04825,Yes,5418.00
6480,2839,P03705,Yes,5270.00
6481,1688,P03585,Yes,3618.00
6482,2984,P04166,Yes,5539.00
6483,2816,P03534,Yes,5231.00
6484,1069,P02483,Yes,1566.00
6485,2435,P01540,Yes,4878.00
6486,1043,P02772,Yes,2629.00
6487,1379,P02201,Yes,3780.00
6488,2695,P03529,Yes,4075.00
6489,1184,P00306,Yes,5859.00
6490,1151,P00187,No,4393.00
6491,2036,P01056,Yes,2312.00
6492,1551,P02271,Yes,3853.00
6493,1970,P01541,Yes,3371.00
6494,1162,P01896,Yes,4286.00
6495,2003,P01585,Yes,2292.00
6496,1861,P03880,Yes,4512.00
6497,2425,P00303,Yes,4384.00
6498,1787,P02408,Yes,5712.00
6499,2193,P04787,Yes,2142.00
6500,2272,P04358,Yes,4239.00
6501,2029,P00115,Yes,1198.00
6502,1858,P00067,Yes,2023.00
6503,1086,P01749,Yes,5595.00
6504,2461,P00036,Yes,2918.00
6505,2805,P00007,Yes,4846.00
6506,1922,P03093,Yes,4017.00
6507,1057,P02651,Yes,3856.00
6508,2046,P03175,Yes,1788.00
6509,2032,P04624,Yes,1144.00
6510,1737,P01494,Yes,4462.00
6511,1322,P02950,Yes,4234.00
6512,1444,P01605,Yes,1759.00
6513,1282,P04296,Yes,2642.00
6514,2231,P02445,Yes,1690.00
6515,2942,P03214,Yes,1163.00
6516,1883,P03266,Yes,5217.00
6517,2289,P03662,Yes,5151.00
6518,1660,P04139,Yes,1403.00
6519,2800,P03952,Yes,4649.00
6520,2730,P01320,Yes,1247.00
6521,1239,P00251,Yes,2686.00
6522,2350,P03954,Yes,1370.00
6523,1322,P04788,Yes,4916.00
6524,1936,P03085,Yes,2897.00
6525,2042,P00604,Yes,2292.00
6526,1718,P02020,Yes,3864.00
6527,2009,P01618,Yes,1840.00
6528,1975,P04221,Yes,2959.00
6529,1744,P00372,Yes,2177.00
6530,2414,P00570,Yes,1714.00
6531,1377,P03227,Yes,3599.00
6532,2330,P01260,Yes,5823.00
6533,2974,P03154,Yes,2419.00
6534,2450,P04201,Yes,3387.00
6535,1176,P02500,Yes,5923.00
6536,2698,P01855,Yes,3229.00
6537,2733,P03049,Yes,4499.00
6538,2987,P04776,Yes,3374.00
6539,2975,P03960,Yes,2180.00
6540,2412,P03751,Yes,1195.00
6541,1085,P02128,Yes,1281.00
6542,1213,P00150,Yes,0.00
6543,2178,P00990,Yes,4563.00
6544,2811,P02370,Yes,3886.00
6545,2223,P04085,Yes,2987.00
6546,2221,P01684,Yes,5889.00
6547,2117,P03821,Yes,2140.00
6548,1811,P00068,Yes,5145.00
6549,2919,P00496,Yes,4257.00
6550,1129,P00685,Yes,4477.00
6551,1926,P00051,Yes,4302.00
6552,2577,P01035,Yes,2238.00
6553,1329,P01978,Yes,3661.00
6554,1226,P03433,Yes,2749.00
6555,1336,P02948,Yes,1421.00
6556,1249,P03510,Yes,5531.00
6557,1663,P04011,Yes,1856.00
6558,2983,P01267,Yes,2877.00
6559,2081,P01247,Yes,1262.00
6560,1200,P03710,Yes,1175.00
6561,2414,P01091,Yes,4107.00
6562,1998,P02609,Yes,3224.00
6563,2194,P01406,Yes,3894.00
6564,1920,P01873,Yes,4496.00
6565,2217,P02536,Yes,1861.00
6566,2369,P03282,Yes,2499.00
6567,1404,P04827,Yes,4011.00
6568,2038,P00681,Yes,5661.00
6569,2287,P00145,Yes,5719.00
6570,1498,P02740,Yes,2946.00
6571,2993,P01294,Yes,2912.00
6572,1902,P01859,Yes,4304.00
6573,1702,P01676,Yes,4980.00
6574,2300,P02252,Yes,1013.00
6575,1848,P01501,Yes,1099.00
6576,1301,P02593,Yes,4330.00
6577,2271,P01940,Yes,4722.00
6578,1416,P01888,Yes,5245.00
6579,2308,P04000,Yes,4443.00
6580,1499,P01162,Yes,3008.00
6581,2969,P03448,Yes,4458.00
6582,1437,P04021,Yes,4149.00
6583,1538,P00113,Yes,4439.00
6584,2847,P01689,Yes,1490.00
6585,1665,P03801,Yes,2582.00
6586,2260,P00107,Yes,3305.00
6587,2740,P02021,Yes,5048.00
6588,1517,P01734,Yes,1351.00
6589,1082,P01742,Yes,2746.00
6590,1725,P00664,Yes,1395.00
6591,2546,P00030,Yes,1819.00
6592,1412,P02251,Yes,1247.00
6593,1372,P04567,Yes,4148.00
6594,2773,P03214,Yes,4773.00
6595,2581,P02340,Yes,1747.00
6596,2734,P02926,Yes,2387.00
6597,1339,P04239,Yes,5082.00
6598,1224,P04991,Yes,4738.00
6599,1758,P01882,Yes,3464.00
6600,1656,P01124,Yes,4484.00
6601,2132,P04163,Yes,4361.00
6602,1231,P03193,Yes,2938.00
6603,2538,P00783,Yes,2694.00
6604,1522,P04284,Yes,5767.00
6605,1834,P02012,No,3865.00
6606,1252,P00093,Yes,3226.00
6607,2266,P04408,Yes,5985.00
6608,1508,P01909,Yes,4573.00
6609,2421,P04460,Yes,3850.00
6610,1127,P01546,Yes,1324.00
6611,1002,P02902,Yes,3089.00
6612,2335,P01696,Yes,2219.00
6613,1520,P00267,Yes,5608.00
6614,1650,P02761,Yes,1618.00
6615,1930,P02278,Yes,1452.00
6616,1699,P01139,Yes,2017.00
6617,2409,P02739,Yes,2941.00
6618,2742,P04417,Yes,1214.00
6619,1073,P04421,Yes,4650.00
6620,1384,P02913,Yes,2605.00
6621,2609,P04597,Yes,4330.00
6622,1953,P02421,Yes,4402.00
6623,2160,P03826,Yes,0.00
6624,1883,P02161,Yes,3516.00
6625,2806,P03852,Yes,3384.00
6626,1864,P03276,Yes,1062.00
6627,2176,P02982,Yes,4219.00
6628,1850,P01184,Yes,5409.00
6629,2085,P04329,Yes,2223.00
6630,2892,P00674,Yes,3716.00
6631,1988,P02803,Yes,4191.00
6632,2758,P04047,Yes,5827.00
6633,2729,P01422,Yes,3472.00
6634,2479,P04493,Yes,5614.00
6635,1544,P01462,Yes,1618.00
6636,1801,P01234,Yes,1552.00
6637,2854,P00147,Yes,5709.00
6638,2033,P01577,Yes,2592.00
6639,2508,P03933,Yes,0.00
6640,1939,P04541,Yes,3890.00
6641,2067,P01959,Yes,3487.00
6642,2497,P03501,Yes,3100.00
6643,1991,P04423,Yes,0.00
6644,1302,P01169,Yes,1957.00
6645,1977,P01796,Yes,5346.00
6646,2964,P01540,Yes,1509.00
6647,1639,P01050,Yes,4853.00
6648,1026,P02478,Yes,5916.00
6649,2734,P00834,Yes,1905.00
6650,2043,P02478,Yes,4967.00
6651,2077,P00180,Yes,5508.00
6652,1878,P01086,Yes,1685.00
6653,2891,P03476,Yes,1300.00
6654,2404,P04131,Yes,3675.00
6655,2261,P03512,Yes,5042.00
6656,1332,P04086,Yes,2453.00
6657,2582,P03239,Yes,3471.00
6658,1312,P03390,Yes,1026.00
6659,1089,P02265,Yes,3956.00
6660,1414,P01138,Yes,1161.00
6661,1330,P02478,Yes,5092.00
6662,2340,P01391,Yes,1646.00
6663,1092,P04009,Yes,1140.00
6664,1342,P00838,Yes,5416.00
6665,1006,P04998,Yes,5630.00
6666,1433,P02829,Yes,4165.00
6667,1575,P02170,Yes,2150.00
6668,2336,P01480,Yes,2312.00
6669,2484,P02687,Yes,2157.00
6670,1547,P01139,Yes,5421.00
6671,2329,P04696,Yes,4078.00
6672,2321,P00841,Yes,5200.00
6673,1445,P04448,Yes,3910.00
6674,2804,P01763,Yes,5713.00
6675,1743,P01425,Yes,5162.00
6676,2235,P01758,Yes,2568.00
6677,1575,P01082,Yes,3997.00
6678,1890,P03329,Yes,3224.00
6679,2581,P03031,Yes,4126.00
6680,2179,P00462,Yes,1945.00
6681,1414,P03440,Yes,1947.00
6682,1534,P02015,Yes,1162.00
6683,1582,P04736,Yes,1764.00
6684,1977,P01612,Yes,1571.00
6685,1428,P00290,Yes,3380.00
6686,1153,P02002,Yes,5616.00
6687,1008,P04141,No,5573.00
6688,2359,P03842,Yes,1137.00
6689,1670,P04475,Yes,5282.00
6690,2696,P04607,Yes,2869.00
6691,1974,P00365,Yes,4101.00
6692,1428,P02110,Yes,2369.00
6693,2895,P00645,Yes,2894.00
6694,2204,P02283,Yes,2038.00
6695,1160,P04420,Yes,4305.00
6696,1635,P03972,Yes,3671.00
6697,2495,P00501,Yes,5116.00
6698,1604,P00447,Yes,5457.00
6699,2903,P01626,Yes,5765.00
6700,2371,P00854,Yes,3676.00
6701,1596,P01176,Yes,4220.00
6702,2479,P03524,Yes,2467.00
6703,2255,P03296,No,4741.00
6704,1489,P03009,Yes,4245.00
6705,2789,P03747,Yes,3103.00
6706,1763,P03902,Yes,3343.00
6707,1835,P01311,Yes,5903.00
6708,1925,P01739,Yes,3987.00
6709,2361,P00343,Yes,5722.00
6710,2058,P04180,Yes,4841.00
6711,2805,P04287,Yes,5141.00
6712,1600,P00057,Yes,4864.00
6713,2380,P00931,Yes,5900.00
6714,2811,P04164,Yes,4198.00
6715,2659,P00904,Yes,1363.00
6716,2554,P03803,Yes,4842.00
6717,2865,P04430,Yes,4252.00
6718,1074,P01753,No,5835.00
6719,1540,P02659,Yes,5074.00
6720,1706,P01180,Yes,5388.00
6721,2406,P03923,Yes,5789.00
6722,1320,P00687,Yes,4929.00
6723,1313,P02344,Yes,3683.00
6724,1754,P02819,No,3899.00
6725,1268,P04067,Yes,2316.00
6726,1733,P04859,Yes,1800.00
6727,2991,P02381,Yes,3547.00
6728,2080,P02384,Yes,1131.00
6729,1007,P03936,Yes,1608.00
6730,1633,P04171,Yes,5242.00
6731,1762,P01652,Yes,5248.00
6732,2944,P03005,Yes,1128.00
6733,1185,P03732,Yes,1998.00
6734,2366,P04486,Yes,4675.00
6735,2067,P04381,Yes,1920.00
6736,1333,P04586,Yes,4871.00
6737,2237,P03648,Yes,3993.00
6738,1816,P03262,Yes,1998.00
6739,1130,P02663,Yes,3447.00
6740,2626,P03877,Yes,4597.00
6741,2657,P01779,Yes,4896.00
6742,1887,P02495,Yes,2384.00
6743,2863,P04168,Yes,3978.00
6744,2338,P03276,Yes,4318.00
6745,2878,P00602,Yes,5794.00
6746,1117,P02643,Yes,4514.00
6747,2248,P03019,Yes,2476.00
6748,1615,P02908,Yes,3303.00
6749,2156,P01984,Yes,3111.00
6750,1504,P01213,Yes,1725.00
6751,1524,P00380,Yes,5930.00
6752,1948,P00330,Yes,4437.00
6753,1241,P00847,Yes,2749.00
6754,2117,P04403,Yes,5468.00
6755,1296,P02198,Yes,5573.00
6756,1110,P01842,Yes,2301.00
6757,1238,P00982,Yes,1744.00
6758,2933,P03348,Yes,4167.00
6759,1210,P04141,No,3236.00
6760,2419,P00109,Yes,4406.00
6761,1318,P00826,Yes,4363.00
6762,1224,P03053,Yes,1779.00
6763,2244,P01430,Yes,1754.00
6764,2731,P04979,Yes,3893.00
6765,2250,P03600,Yes,4159.00
6766,1412,P01983,Yes,4668.00
6767,2517,P04380,Yes,5889.00
6768,2604,P03284,Yes,5010.00
6769,1368,P01594,Yes,3753.00
6770,2964,P03913,Yes,4520.00
6771,2540,P03773,Yes,1292.00
6772,1903,P00960,Yes,4786.00
6773,1274,P02542,Yes,1577.00
6774,2285,P02070,Yes,5275.00
6775,2719,P03871,Yes,3790.00
6776,2049,P04508,Yes,3723.00
6777,2177,P02712,Yes,5917.00
6778,1935,P02515,Yes,2522.00
6779,1871,P02563,Yes,5758.00
6780,2965,P03431,Yes,3505.00
6781,2754,P04512,Yes,5069.00
6782,1999,P04201,Yes,4127.00
6783,2815,P01933,Yes,2729.00
6784,2693,P04186,Yes,4807.00
6785,1917,P00312,Yes,4504.00
6786,2057,P02385,Yes,2540.00
6787,1278,P01227,Yes,0.00
6788,2556,P00400,Yes,3799.00
6789,2874,P01495,Yes,2256.00
6790,1962,P00484,Yes,2087.00
6791,2333,P03856,Yes,2426.00
6792,2052,P00009,Yes,5979.00
6793,1338,P03669,Yes,2858.00
6794,1729,P00680,Yes,1264.00
6795,2926,P00538,Yes,5570.00
6796,1115,P03345,Yes,2748.00
6797,2953,P00443,Yes,2526.00
6798,2114,P00227,Yes,4538.00
6799,2327,P03685,Yes,1697.00
6800,2943,P04808,Yes,5655.00
6801,1401,P04219,Yes,3644.00
6802,2326,P00210,Yes,1550.00
6803,1386,P04642,Yes,2711.00
6804,1455,P04255,Yes,4804.00
6805,2987,P04353,Yes,0.00
6806,2334,P03438,Yes,5025.00
6807,2017,P02082,Yes,1142.00
6808,2361,P04917,Yes,1183.00
6809,1137,P01466,Yes,3924.00
6810,2912,P03469,Yes,3438.00
6811,2676,P03313,Yes,1674.00
6812,2484,P02997,Yes,4487.00
6813,1247,P00607,Yes,2945.00
6814,2724,P02973,Yes,2433.00
6815,1921,P01083,Yes,2152.00
6816,2384,P03090,Yes,5918.00
6817,1108,P02331,Yes,4317.00
6818,2879,P04378,Yes,1547.00
6819,2757,P03267,Yes,2411.00
6820,1219,P00781,Yes,1943.00
6821,2276,P02236,Yes,3740.00
6822,2120,P04946,Yes,3649.00
6823,2082,P04942,Yes,3243.00
6824,2215,P04630,Yes,5270.00
6825,2277,P03155,Yes,4774.00
6826,1706,P03326,Yes,2494.00
6827,2046,P03653,Yes,2663.00
6828,1679,P02864,Yes,4040.00
6829,2519,P01834,Yes,1928.00
6830,2634,P00785,Yes,5383.00
6831,1129,P00757,Yes,1429.00
6832,1934,P04554,Yes,1382.00
6833,2951,P03734,Yes,3423.00
6834,2350,P00613,Yes,0.00
6835,1530,P02440,Yes,1008.00
6836,2017,P00947,Yes,2066.00
6837,1911,P01598,Yes,4924.00
6838,1886,P00513,Yes,1896.00
6839,2355,P02944,Yes,3179.00
6840,2616,P03796,Yes,3672.00
6841,1421,P03638,Yes,2673.00
6842,1423,P04851,Yes,2730.00
6843,2641,P02905,Yes,4526.00
6844,1475,P00764,Yes,3915.00
6845,2125,P04326,Yes,2833.00
6846,2188,P03540,Yes,5997.00
6847,2612,P00279,Yes,3170.00
6848,1862,P02486,Yes,2931.00
6849,1199,P02867,Yes,1855.00
6850,2041,P01793,Yes,3028.00
6851,1290,P04354,Yes,4069.00
6852,1969,P03492,Yes,1627.00
6853,1434,P04143,Yes,4302.00
6854,2241,P00617,Yes,5155.00
6855,1612,P00271,Yes,2124.00
6856,2499,P03460,Yes,2797.00
6857,1259,P03513,Yes,3133.00
6858,2089,P04746,Yes,5354.00
6859,1360,P01376,Yes,2601.00
6860,1903,P00959,Yes,3180.00
6861,2304,P04022,Yes,5184.00
6862,2368,P03661,Yes,2562.00
6863,2907,P03349,Yes,1983.00
6864,1688,P03748,Yes,4027.00
6865,1748,P04374,Yes,2936.00
6866,2241,P00329,Yes,4654.00
6867,2020,P02468,Yes,3116.00
6868,2483,P03086,Yes,3654.00
6869,2202,P00677,Yes,5531.00
6870,1337,P01509,Yes,4944.00
6871,2593,P00957,Yes,5036.00
6872,1157,P00206,Yes,3613.00
6873,1054,P01524,Yes,1431.00
6874,1896,P03855,Yes,4585.00
6875,1043,P03121,Yes,3137.00
6876,1369,P01321,Yes,2584.00
6877,2640,P01917,No,3201.00
6878,1187,P04915,No,5644.00
6879,1029,P01283,Yes,1022.00
6880,2071,P00060,Yes,4821.00
6881,1336,P02918,Yes,5243.00
6882,2178,P03145,Yes,2622.00
6883,2565,P02336,Yes,4232.00
6884,2142,P04962,Yes,5422.00
6885,1563,P02226,Yes,5744.00
6886,2603,P03667,Yes,4419.00
6887,1959,P02295,Yes,3169.00
6888,1918,P00873,Yes,5348.00
6889,1513,P00354,Yes,3625.00
6890,2450,P01178,Yes,0.00
6891,1253,P00075,Yes,1838.00
6892,1439,P00297,Yes,0.00
6893,2925,P04668,Yes,4801.00
6894,2681,P02119,Yes,4772.00
6895,1327,P00725,Yes,5508.00
6896,1221,P00809,Yes,2632.00
6897,1253,P01337,Yes,5647.00
6898,1669,P03140,Yes,0.00
6899,2025,P03050,Yes,4110.00
6900,2569,P04253,Yes,5263.00
6901,1365,P02064,Yes,3237.00
6902,2097,P03302,Yes,4283.00
6903,2600,P02451,Yes,2250.00
6904,1606,P04911,Yes,3474.00
6905,2612,P03131,Yes,2723.00
6906,1556,P03963,Yes,2828.00
6907,2592,P02315,Yes,4543.00
6908,2854,P03774,Yes,5809.00
6909,2443,P04652,Yes,2387.00
6910,1565,P04994,Yes,2511.00
6911,2605,P04315,Yes,3844.00
6912,2025,P04544,Yes,2900.00
6913,2856,P00793,Yes,4959.00
6914,2974,P02879,Yes,4220.00
6915,2498,P02642,Yes,3379.00
6916,2072,P01016,Yes,5662.00
6917,2679,P02827,Yes,4973.00
6918,1210,P04845,Yes,2464.00
6919,1908,P03901,Yes,4003.00
6920,1330,P02149,Yes,2747.00
6921,1184,P00994,Yes,4116.00
6922,1760,P03950,Yes,5281.00
6923,2925,P00207,Yes,5899.00
6924,1023,P00987,Yes,1280.00
6925,2758,P04378,Yes,3760.00
6926,1466,P02893,Yes,1136.00
6927,2797,P02525,Yes,1612.00
6928,2557,P03355,Yes,3575.00
6929,1925,P00138,Yes,5545.00
6930,2583,P03428,Yes,1843.00
6931,1508,P02614,Yes,4259.00
6932,1830,P01453,Yes,3137.00
6933,2931,P01181,Yes,3860.00
6934,2239,P04149,Yes,2230.00
6935,2288,P04089,Yes,2266.00
6936,1276,P04586,Yes,5052.00
6937,2138,P01872,Yes,4666.00
6938,2824,P02403,Yes,3357.00
6939,1779,P03781,Yes,5976.00
6940,1647,P04110,Yes,5144.00
6941,2928,P03603,Yes,5493.00
6942,2063,P03558,Yes,5332.00
6943,1298,P01620,Yes,3365.00
6944,1697,P03855,Yes,4558.00
6945,1484,P03445,Yes,3920.00
6946,2234,P00421,Yes,5223.00
6947,1580,P00495,Yes,1402.00
6948,2174,P03305,Yes,1203.00
6949,2913,P04800,Yes,5845.00
6950,2072,P01584,Yes,4771.00
6951,1863,P00570,Yes,5544.00
6952,1503,P01079,Yes,2439.00
6953,1637,P02897,Yes,2174.00
6954,2210,P04159,Yes,3501.00
6955,2707,P00310,Yes,5150.00
6956,2618,P02002,Yes,0.00
6957,1451,P02401,Yes,5127.00
6958,2740,P01747,Yes,5496.00
6959,2245,P01900,Yes,4465.00
6960,2813,P01082,Yes,3829.00
6961,1701,P04473,Yes,2774.00
6962,2304,P03837,Yes,4874.00
6963,1597,P02706,Yes,5003.00
6964,2162,P03690,Yes,3885.00
6965,1981,P02055,Yes,2158.00
6966,1950,P03646,Yes,5972.00
6967,2746,P01520,Yes,2376.00
6968,1900,P00314,Yes,5607.00
6969,2167,P03666,Yes,4888.00
6970,2146,P02594,Yes,2704.00
6971,1904,P02829,Yes,3047.00
6972,1883,P01592,Yes,5201.00
6973,2735,P01677,Yes,1091.00
6974,1160,P04733,Yes,1881.00
6975,1667,P04564,Yes,1844.00
6976,2211,P03707,Yes,1531.00
6977,1618,P04282,No,1096.00
6978,1902,P03622,Yes,5630.00
6979,2238,P01347,Yes,5863.00
6980,2266,P04609,Yes,3287.00
6981,2375,P03489,Yes,5148.00
6982,1709,P03634,Yes,2673.00
6983,2800,P01227,Yes,2489.00
6984,2235,P02918,Yes,1883.00
6985,2957,P04221,Yes,1982.00
6986,1846,P02772,Yes,3743.00
6987,2055,P01490,Yes,5884.00
6988,1990,P04640,Yes,3804.00
6989,2498,P02643,No,2409.00
6990,2789,P02292,Yes,4675.00
6991,2733,P03406,Yes,4262.00
6992,2389,P02803,Yes,2943.00
6993,2416,P00077,Yes,5453.00
6994,2478,P03760,Yes,4977.00
6995,1425,P02174,Yes,1058.00
6996,2248,P04850,Yes,2906.00
6997,2359,P03561,Yes,4409.00
6998,1826,P03610,Yes,1551.00
6999,1515,P02917,Yes,3359.00
7000,2351,P01530,Yes,5993.00
7001,1615,P01041,Yes,4508.00
7002,1440,P01766,Yes,2505.00
7003,1945,P00542,Yes,1872.00
7004,2954,P00371,Yes,3268.00
7005,1730,P02687,Yes,4299.00
7006,1855,P02827,Yes,3935.00
7007,2528,P01899,Yes,5530.00
7008,1626,P01297,Yes,4413.00
7009,2845,P03123,Yes,4302.00
7010,2722,P03740,Yes,1767.00
7011,1903,P01737,Yes,4702.00
7012,2715,P04237,Yes,4821.00
7013,2862,P01226,Yes,4512.00
7014,2202,P02132,Yes,5161.00
7015,2177,P04463,Yes,1101.00
7016,1787,P00770,Yes,5967.00
7017,2033,P04526,Yes,1167.00
7018,2007,P02419,Yes,2369.00
7019,1153,P04942,Yes,5468.00
7020,1711,P02038,Yes,3079.00
7021,2862,P03614,Yes,0.00
7022,1119,P04791,Yes,3511.00
7023,2659,P02255,Yes,2888.00
7024,1654,P03985,Yes,5026.00
7025,1010,P04341,Yes,1557.00
7026,1709,P01042,Yes,1280.00
7027,1636,P02509,Yes,3659.00
7028,2297,P02120,Yes,3544.00
7029,1272,P01673,Yes,4257.00
7030,1626,P04564,Yes,3295.00
7031,2976,P03472,Yes,1523.00
7032,2012,P00586,Yes,4979.00
7033,2371,P02433,Yes,2771.00
7034,1161,P02033,Yes,1484.00
7035,1680,P03612,Yes,2218.00
7036,1143,P04094,Yes,1117.00
7037,2689,P03314,Yes,3529.00
7038,2828,P01382,Yes,4108.00
7039,1086,P03112,Yes,3439.00
7040,1541,P00780,Yes,1760.00
7041,2066,P01333,Yes,1050.00
7042,1188,P02911,Yes,4286.00
7043,2462,P02725,Yes,2904.00
7044,1096,P03872,Yes,3691.00
7045,1509,P04423,Yes,4110.00
7046,2640,P04158,Yes,0.00
7047,2410,P03557,Yes,1498.00
7048,2516,P01720,Yes,5923.00
7049,2964,P03574,Yes,1309.00
7050,1624,P04174,Yes,1046.00
7051,2967,P00636,Yes,5358.00
7052,2239,P02434,Yes,5065.00
7053,2733,P04332,Yes,5844.00
7054,2364,P01790,Yes,3624.00
7055,1776,P00224,Yes,3451.00
7056,1329,P02706,Yes,2094.00
7057,1921,P00189,Yes,2023.00
7058,2039,P02779,Yes,2794.00
7059,2852,P01280,Yes,1929.00
7060,2480,P02925,Yes,5852.00
7061,2769,P03721,Yes,0.00
7062,2401,P02175,Yes,2890.00
7063,2440,P02215,Yes,1749.00
7064,2436,P03780,Yes,5851.00
7065,1758,P01978,Yes,2493.00
7066,2174,P01208,Yes,5195.00
7067,2529,P03358,Yes,3463.00
7068,2383,P03929,Yes,1112.00
7069,1849,P03995,Yes,1560.00
7070,2921,P04657,Yes,1085.00
7071,1539,P03544,Yes,3518.00
7072,2658,P01297,Yes,1590.00
7073,2812,P00632,Yes,2552.00
7074,2201,P02175,Yes,1855.00
7075,2108,P03313,Yes,2384.00
7076,2790,P03137,Yes,3803.00
7077,2670,P00041,Yes,3227.00
7078,2915,P04747,Yes,3278.00
7079,2429,P03951,Yes,4364.00
7080,2557,P03140,Yes,2192.00
7081,1312,P04996,Yes,0.00
7082,1048,P04298,Yes,2156.00
7083,2499,P02534,Yes,2026.00
7084,2080,P02246,Yes,4763.00
7085,2142,P04248,Yes,2860.00
7086,1629,P02194,Yes,5670.00
7087,1880,P01912,Yes,3192.00
7088,1232,P01620,No,3939.00
7089,2822,P01424,Yes,1155.00
7090,2872,P04844,Yes,3959.00
7091,2193,P00531,No,5676.00
7092,2968,P00904,Yes,0.00
7093,1102,P04206,Yes,3617.00
7094,2999,P00982,Yes,2082.00
7095,1763,P03503,Yes,3414.00
7096,2128,P03891,Yes,3335.00
7097,1444,P02946,No,1297.00
7098,1342,P01695,Yes,5537.00
7099,2346,P00926,No,0.00
7100,1274,P00644,Yes,1584.00
7101,1070,P03315,Yes,2636.00
7102,1434,P04213,Yes,1668.00
7103,1031,P00876,Yes,2064.00
7104,1795,P01895,Yes,2464.00
7105,1041,P00426,Yes,1003.00
7106,1447,P03526,Yes,4265.00
7107,1263,P00138,Yes,4562.00
7108,2088,P04650,Yes,3622.00
7109,1780,P03405,Yes,1273.00
7110,2171,P01567,Yes,3415.00
7111,2346,P04130,Yes,1215.00
7112,2545,P01737,Yes,2625.00
7113,1886,P03857,Yes,2139.00
7114,1885,P00501,Yes,4650.00
7115,1783,P00917,Yes,1721.00
7116,1519,P02227,Yes,1358.00
7117,1255,P01344,Yes,1551.00
7118,1493,P04396,Yes,3956.00
7119,1820,P02684,Yes,1617.00
7120,1105,P03299,Yes,5636.00
7121,1994,P01494,Yes,4278.00
7122,2806,P04718,Yes,5616.00
7123,1979,P04959,Yes,2165.00
7124,2851,P01747,Yes,1760.00
7125,1856,P02637,Yes,2967.00
7126,2262,P04615,Yes,1580.00
7127,1146,P02548,Yes,2530.00
7128,2837,P01215,Yes,2678.00
7129,2533,P03539,Yes,5883.00
7130,1741,P04104,Yes,0.00
7131,1314,P02844,Yes,0.00
7132,2034,P04540,Yes,2888.00
7133,1176,P01725,Yes,1588.00
7134,1430,P04881,Yes,1619.00
7135,2725,P02966,No,3691.00
7136,1832,P02822,Yes,1271.00
7137,2380,P01417,Yes,4381.00
7138,1309,P00926,Yes,4112.00
7139,1603,P02327,Yes,5906.00
7140,2998,P03977,Yes,2404.00
7141,1042,P04842,Yes,4519.00
7142,2788,P03617,Yes,5822.00
7143,2819,P04280,Yes,5092.00
7144,2882,P01608,Yes,3489.00
7145,1991,P04839,Yes,4557.00
7146,2920,P04170,Yes,4055.00
7147,2204,P00164,Yes,3859.00
7148,2390,P03550,Yes,1902.00
7149,1853,P04608,Yes,5798.00
7150,1358,P00165,Yes,4273.00
7151,1267,P02183,Yes,5951.00
7152,1793,P02361,Yes,4391.00
7153,2945,P03788,Yes,4684.00
7154,2799,P00910,Yes,4364.00
7155,2631,P00720,Yes,1669.00
7156,2935,P01005,Yes,1075.00
7157,2334,P01608,Yes,4174.00
7158,1613,P01736,Yes,3464.00
7159,1269,P00742,Yes,5409.00
7160,1503,P03119,Yes,4091.00
7161,1813,P03183,Yes,2704.00
7162,1484,P02881,Yes,3634.00
7163,2104,P01142,Yes,2587.00
7164,1147,P02605,No,2562.00
7165,2191,P02383,Yes,3582.00
7166,1697,P01487,Yes,5617.00
7167,2239,P01898,Yes,4543.00
7168,2015,P00387,Yes,4945.00
7169,1150,P02609,Yes,2244.00
7170,2893,P00171,Yes,2874.00
7171,1288,P04668,Yes,5938.00
7172,2524,P03114,Yes,1121.00
7173,1906,P02226,Yes,3878.00
7174,2190,P00603,Yes,4710.00
7175,2128,P02483,Yes,4316.00
7176,1645,P00657,Yes,4895.00
7177,1708,P04019,Yes,3562.00
7178,2438,P00183,Yes,2568.00
7179,1815,P03533,Yes,1133.00
7180,1307,P01629,Yes,3303.00
7181,1576,P04581,Yes,1036.00
7182,2922,P04382,Yes,4722.00
7183,2801,P03054,Yes,2230.00
7184,2897,P02930,Yes,2386.00
7185,2490,P01323,Yes,1685.00
7186,1783,P00067,Yes,3361.00
7187,1524,P03975,Yes,4985.00
7188,1975,P01464,Yes,1315.00
7189,2129,P00562,Yes,3330.00
7190,1575,P02659,Yes,1401.00
7191,2631,P02445,Yes,1592.00
7192,1887,P00117,Yes,1715.00
7193,1941,P00362,Yes,1149.00
7194,2205,P03282,Yes,5646.00
7195,2556,P02730,Yes,3154.00
7196,1901,P01105,Yes,5276.00
7197,2045,P02524,Yes,4471.00
7198,2528,P04644,Yes,5666.00
7199,2333,P03452,Yes,2501.00
7200,2509,P01127,Yes,4292.00
7201,2957,P03071,Yes,5773.00
7202,2362,P00552,Yes,3541.00
7203,2444,P00817,Yes,5880.00
7204,1622,P02214,Yes,4017.00
7205,2683,P04886,Yes,4801.00
7206,2656,P01900,Yes,4398.00
7207,2088,P01116,Yes,5504.00
7208,1426,P04993,Yes,2413.00
7209,1212,P01533,Yes,4963.00
7210,1089,P01908,Yes,5094.00
7211,2221,P04077,Yes,4979.00
7212,2650,P03610,Yes,3198.00
7213,1596,P03299,Yes,5763.00
7214,1367,P03150,Yes,3536.00
7215,1233,P03019,Yes,4739.00
7216,1555,P01643,Yes,4279.00
7217,2063,P03223,Yes,2223.00
7218,1729,P00897,Yes,5477.00
7219,1594,P02751,Yes,3867.00
7220,2124,P00022,Yes,1409.00
7221,2028,P00507,No,4337.00
7222,2442,P02158,Yes,4587.00
7223,2441,P01304,Yes,1931.00
7224,1329,P03570,Yes,1170.00
7225,1457,P00674,Yes,4731.00
7226,2145,P01972,Yes,5783.00
7227,2088,P02125,Yes,5953.00
7228,1864,P00388,Yes,1515.00
7229,2608,P03408,Yes,4781.00
7230,1050,P03179,Yes,4245.00
7231,1786,P02405,Yes,2513.00
7232,2980,P01788,Yes,5390.00
7233,2517,P00197,Yes,3968.00
7234,1370,P04680,Yes,3293.00
7235,2563,P01456,Yes,1608.00
7236,1443,P01666,No,4548.00
7237,2568,P00044,Yes,4395.00
7238,2512,P00284,Yes,1610.00
7239,1693,P00511,Yes,4158.00
7240,2964,P00631,Yes,1794.00
7241,1755,P00955,Yes,4386.00
7242,1871,P04304,Yes,5950.00
7243,2776,P04640,Yes,2573.00
7244,1782,P01976,Yes,3473.00
7245,1463,P04430,Yes,3038.00
7246,2071,P03926,Yes,1218.00
7247,2381,P02190,Yes,5922.00
7248,1970,P02959,Yes,4259.00
7249,1078,P00983,Yes,1541.00
7250,1691,P00418,Yes,4904.00
7251,2279,P03188,Yes,4335.00
7252,2627,P03119,Yes,5195.00
7253,2639,P02361,Yes,2749.00
7254,2763,P03666,Yes,1769.00
7255,2184,P01453,Yes,2450.00
7256,1394,P00636,Yes,3030.00
7257,1312,P02882,Yes,1326.00
7258,1834,P01219,Yes,2585.00
7259,2964,P01990,Yes,3683.00
7260,2963,P01711,Yes,4481.00
7261,2231,P03743,Yes,2781.00
7262,2594,P04743,Yes,3723.00
7263,1554,P02926,Yes,3469.00
7264,1515,P01650,Yes,3972.00
7265,2749,P04057,Yes,4164.00
7266,2901,P03742,Yes,5367.00
7267,2001,P03074,Yes,2755.00
7268,2837,P01394,Yes,2808.00
7269,2236,P04688,Yes,5548.00
7270,1796,P01015,Yes,4566.00
7271,2128,P04445,Yes,3454.00
7272,2775,P00100,Yes,1336.00
7273,1340,P03454,Yes,5822.00
7274,1174,P01305,Yes,1354.00
7275,1719,P03658,Yes,5212.00
7276,2812,P03926,Yes,1505.00
7277,2558,P01867,Yes,5028.00
7278,2553,P02520,Yes,4138.00
7279,2095,P01750,Yes,2412.00
7280,2435,P03861,Yes,3447.00
7281,1774,P03904,Yes,2673.00
7282,2266,P04920,Yes,5496.00
7283,1917,P00585,Yes,1085.00
7284,2375,P02216,Yes,1578.00
7285,1080,P01223,Yes,1990.00
7286,2315,P00924,Yes,5296.00
7287,2356,P04375,Yes,2009.00
7288,2057,P03581,Yes,4683.00
7289,1133,P02644,Yes,4015.00
7290,2861,P00246,Yes,3999.00
7291,2302,P04556,Yes,4310.00
7292,1190,P01472,Yes,4248.00
7293,1258,P01194,Yes,4076.00
7294,2549,P03790,Yes,2775.00
7295,2509,P00904,Yes,3321.00
7296,2180,P04557,Yes,4649.00
7297,2487,P03453,Yes,5623.00
7298,2996,P01060,Yes,1527.00
7299,2969,P03143,Yes,2348.00
7300,2775,P00015,Yes,3727.00
7301,1804,P00748,Yes,5965.00
7302,1862,P00971,Yes,2839.00
7303,1325,P04884,Yes,3745.00
7304,1429,P04432,Yes,5326.00
7305,1913,P01167,Yes,4313.00
7306,1413,P01884,Yes,4705.00
7307,1327,P04873,Yes,3099.00
7308,2370,P00134,Yes,3388.00
7309,1289,P01546,Yes,3737.00
7310,2472,P04858,Yes,4401.00
7311,2269,P02404,Yes,5691.00
7312,2638,P00998,Yes,1143.00
7313,2766,P02467,Yes,3719.00
7314,2079,P03475,Yes,2149.00
7315,2165,P01112,Yes,3357.00
7316,1999,P04615,Yes,5939.00
7317,1011,P01541,Yes,2737.00
7318,1465,P00658,Yes,3163.00
7319,1386,P01357,Yes,5070.00
7320,1387,P03003,Yes,1233.00
7321,2355,P01037,Yes,5437.00
7322,1437,P02481,Yes,1890.00
7323,1892,P03279,Yes,1374.00
7324,2953,P03871,Yes,5796.00
7325,2485,P01483,Yes,3337.00
7326,2700,P01948,Yes,5318.00
7327,2887,P00376,Yes,4992.00
7328,2383,P01023,Yes,4732.00
7329,1185,P04840,Yes,5075.00
7330,2290,P03403,Yes,3942.00
7331,2523,P03302,Yes,4056.00
7332,1236,P00027,Yes,3450.00
7333,2202,P03767,Yes,4209.00
7334,2785,P04879,Yes,3143.00
7335,1291,P03001,Yes,3724.00
7336,2745,P00565,Yes,2519.00
7337,2876,P00939,Yes,4554.00
7338,1174,P04526,Yes,2700.00
7339,1212,P03685,Yes,5823.00
7340,2083,P03017,Yes,5629.00
7341,1654,P02082,Yes,3046.00
7342,2560,P00642,Yes,5852.00
7343,1283,P03340,Yes,4045.00
7344,2722,P01842,Yes,5366.00
7345,2751,P02639,Yes,5793.00
7346,1158,P04102,Yes,2549.00
7347,1698,P01493,Yes,2904.00
7348,1062,P04812,Yes,5484.00
7349,2929,P00057,Yes,3219.00
7350,2056,P04961,Yes,3913.00
7351,1261,P00909,Yes,5976.00
7352,1805,P02555,Yes,5108.00
7353,1129,P01150,Yes,5577.00
7354,2666,P04120,Yes,1112.00
7355,2905,P01439,Yes,2157.00
7356,1970,P01108,Yes,4502.00
7357,1480,P03254,Yes,3984.00
7358,2992,P00918,Yes,1384.00
7359,2706,P01360,Yes,4675.00
7360,2510,P04203,Yes,2224.00
7361,1280,P04675,Yes,3374.00
7362,1976,P03607,Yes,1522.00
7363,1213,P01602,Yes,5536.00
7364,1351,P01765,Yes,5989.00
7365,1193,P00216,Yes,1506.00
7366,2195,P03152,Yes,5087.00
7367,2627,P02204,Yes,2957.00
7368,2624,P00876,Yes,3215.00
7369,1660,P02496,Yes,3238.00
7370,2681,P00876,Yes,3041.00
7371,1676,P03287,Yes,1103.00
7372,1270,P00597,Yes,4668.00
7373,2926,P00911,Yes,1185.00
7374,1544,P00098,Yes,5395.00
7375,2890,P04769,Yes,5462.00
7376,2112,P02662,Yes,5989.00
7377,2706,P02793,Yes,4494.00
7378,2158,P01256,Yes,4501.00
7379,2310,P00037,Yes,0.00
7380,1043,P03093,Yes,5874.00
7381,2941,P00697,Yes,4082.00
7382,1130,P00654,Yes,2919.00
7383,2590,P00480,Yes,5893.00
7384,2765,P04642,Yes,1521.00
7385,1532,P02612,Yes,2882.00
7386,1133,P04580,No,1923.00
7387,2767,P00041,Yes,5841.00
7388,1650,P01281,Yes,1886.00
7389,2818,P00686,Yes,1988.00
7390,1077,P02408,Yes,4148.00
7391,1998,P00490,Yes,3338.00
7392,2604,P00695,Yes,5352.00
7393,2141,P02999,Yes,2314.00
7394,1147,P01961,Yes,1974.00
7395,2720,P01371,Yes,4465.00
7396,2728,P01935,Yes,5642.00
7397,1381,P04843,Yes,3347.00
7398,2029,P01708,Yes,4298.00
7399,1405,P01498,Yes,4082.00
7400,2507,P00594,Yes,4265.00
7401,2412,P00872,Yes,4194.00
7402,1830,P04204,Yes,5049.00
7403,1993,P04774,Yes,0.00
7404,1749,P00027,Yes,5427.00
7405,1556,P00502,Yes,3543.00
7406,2307,P01026,Yes,3052.00
7407,2208,P04943,Yes,5664.00
7408,2887,P00975,No,4907.00
7409,1086,P04732,Yes,4105.00
7410,2051,P03119,Yes,1024.00
7411,2907,P02707,Yes,3451.00
7412,1757,P04686,Yes,5321.00
7413,2809,P04146,Yes,2392.00
7414,1272,P04489,Yes,1596.00
7415,2490,P01409,Yes,1601.00
7416,2274,P03106,Yes,5456.00
7417,1286,P00243,Yes,2776.00
7418,2215,P03567,Yes,5001.00
7419,2695,P00389,Yes,3195.00
7420,2886,P02749,Yes,4033.00
7421,2565,P00975,Yes,1747.00
7422,1174,P04898,Yes,1085.00
7423,2942,P01457,Yes,1296.00
7424,1905,P00325,Yes,3019.00
7425,1386,P01657,Yes,2008.00
7426,1309,P02590,Yes,3153.00
7427,2010,P02452,Yes,3527.00
7428,1373,P02787,Yes,3627.00
7429,2955,P02305,Yes,5146.00
7430,2013,P04178,No,1651.00
7431,2608,P02356,Yes,3376.00
7432,1835,P00694,Yes,1426.00
7433,2995,P02418,Yes,4268.00
7434,2150,P01167,Yes,3687.00
7435,1031,P00751,No,5594.00
7436,1488,P01641,Yes,3902.00
7437,2759,P04837,Yes,4473.00
7438,2434,P01406,Yes,5115.00
7439,2190,P03643,Yes,4444.00
7440,1277,P04657,Yes,4600.00
7441,2106,P01952,Yes,4270.00
7442,2304,P03440,Yes,1819.00
7443,2948,P03249,Yes,5637.00
7444,2921,P00724,Yes,2472.00
7445,1238,P02243,Yes,1667.00
7446,2215,P02457,Yes,2952.00
7447,2508,P04630,Yes,1156.00
7448,1677,P04455,Yes,5540.00
7449,2618,P03471,Yes,5919.00
7450,2561,P04334,Yes,3601.00
7451,1720,P00979,Yes,4399.00
7452,2487,P02734,Yes,4516.00
7453,2432,P03235,Yes,2472.00
7454,2463,P02040,Yes,5779.00
7455,2455,P03813,Yes,2853.00
7456,2043,P04152,Yes,2764.00
7457,2599,P03114,Yes,3344.00
7458,1983,P02346,Yes,3891.00
7459,1584,P00430,Yes,2684.00
7460,1629,P04417,Yes,5929.00
7461,1893,P04306,Yes,2420.00
7462,1909,P03070,Yes,1706.00
7463,1539,P03916,Yes,3421.00
7464,2211,P01160,Yes,1042.00
7465,2784,P01317,Yes,5374.00
7466,1255,P03357,Yes,4648.00
7467,2024,P02704,Yes,1079.00
7468,1671,P03654,Yes,3135.00
7469,1069,P02206,Yes,5795.00
7470,1347,P01785,Yes,4983.00
7471,2470,P04115,Yes,4318.00
7472,2824,P02481,No,4094.00
7473,2633,P02230,Yes,2594.00
7474,1406,P02276,Yes,3516.00
7475,2826,P03082,Yes,5127.00
7476,1589,P04044,Yes,4480.00
7477,2971,P04539,Yes,3484.00
7478,2511,P00884,Yes,4545.00
7479,1673,P03456,Yes,2792.00
7480,2727,P00445,Yes,3311.00
7481,2410,P02888,Yes,4666.00
7482,2385,P03312,Yes,4168.00
7483,2735,P01813,Yes,4138.00
7484,2362,P00031,Yes,4281.00
7485,1780,P04323,Yes,5801.00
7486,2058,P04932,Yes,3816.00
7487,2164,P04767,Yes,2377.00
7488,2994,P00783,Yes,2347.00
7489,2603,P01852,Yes,5767.00
7490,1839,P03309,Yes,3156.00
7491,2583,P01398,Yes,3630.00
7492,2198,P01461,Yes,4429.00
7493,1152,P03204,Yes,5012.00
7494,2004,P01759,Yes,1431.00
7495,1789,P00348,Yes,4800.00
7496,1169,P04698,Yes,1567.00
7497,1886,P02451,Yes,2984.00
7498,1173,P04944,Yes,2932.00
7499,1141,P01257,Yes,4546.00
7500,2091,P00391,Yes,2287.00
7501,1825,P04563,Yes,2257.00
7502,1229,P00280,Yes,1000.00
7503,2996,P00438,Yes,0.00
7504,1551,P00919,Yes,2935.00
7505,2312,P01565,Yes,4591.00
7506,2676,P04250,Yes,2089.00
7507,1067,P01677,Yes,5328.00
7508,2887,P03775,Yes,4341.00
7509,2889,P04809,Yes,3155.00
7510,2178,P00092,No,2708.00
7511,2581,P03890,Yes,3832.00
7512,1289,P00490,Yes,2925.00
7513,2872,P04260,Yes,4567.00
7514,1578,P02101,Yes,3905.00
7515,1119,P02148,Yes,1722.00
7516,1185,P03139,Yes,4295.00
7517,2726,P02518,Yes,1674.00
7518,2267,P02702,Yes,2614.00
7519,1788,P03124,Yes,1322.00
7520,1693,P02218,Yes,2894.00
7521,1897,P04328,Yes,2152.00
7522,2173,P04217,No,5176.00
7523,2316,P03699,Yes,1342.00
7524,1774,P01534,Yes,1112.00
7525,1633,P03031,Yes,1435.00
7526,1632,P00774,Yes,5282.00
7527,2341,P02197,Yes,1427.00
7528,2197,P03613,Yes,2073.00
7529,2068,P04999,Yes,2791.00
7530,1757,P03591,Yes,1770.00
7531,1932,P03954,Yes,3320.00
7532,2541,P01827,Yes,1913.00
7533,2518,P02717,Yes,5186.00
7534,1919,P00607,Yes,2629.00
7535,2202,P01488,Yes,2875.00
7536,2883,P04965,Yes,1600.00
7537,1736,P04508,Yes,3459.00
7538,1273,P04492,Yes,4537.00
7539,2765,P00381,Yes,1685.00
7540,2224,P04660,Yes,3696.00
7541,1806,P01973,Yes,2274.00
7542,1107,P04777,Yes,5305.00
7543,1362,P02341,Yes,1610.00
7544,1190,P01774,Yes,4392.00
7545,1451,P00427,Yes,3514.00
7546,2573,P03385,Yes,0.00
7547,2998,P00345,Yes,4378.00
7548,1165,P01562,Yes,1519.00
7549,1985,P00610,Yes,3597.00
7550,2375,P04261,Yes,2047.00
7551,1498,P01873,Yes,4820.00
7552,1368,P03596,Yes,5992.00
7553,2946,P01741,Yes,5048.00
7554,1776,P00346,Yes,1488.00
7555,1541,P01552,Yes,1948.00
7556,1218,P04393,Yes,1051.00
7557,1106,P02831,Yes,2146.00
7558,1161,P04392,Yes,2193.00
7559,2158,P04018,Yes,4920.00
7560,2986,P03089,Yes,3364.00
7561,2905,P03525,Yes,5199.00
7562,1747,P02284,Yes,2931.00
7563,1351,P00489,Yes,1056.00
7564,2222,P04346,Yes,1292.00
7565,1109,P03228,Yes,4201.00
7566,2769,P02411,Yes,5096.00
7567,2615,P04598,Yes,5638.00
7568,2684,P00049,Yes,2731.00
7569,1678,P01876,Yes,3539.00
7570,2878,P04103,Yes,5878.00
7571,2298,P01603,Yes,2041.00
7572,2383,P01851,Yes,1247.00
7573,2790,P02699,Yes,4753.00
7574,1844,P02615,No,4528.00
7575,1963,P04894,Yes,2352.00
7576,2476,P03277,Yes,1062.00
7577,1790,P02316,Yes,1695.00
7578,1013,P03884,Yes,5417.00
7579,2680,P02566,Yes,5064.00
7580,1476,P00492,Yes,4243.00
7581,1639,P01788,Yes,5795.00
7582,2219,P03755,Yes,5218.00
7583,1270,P04966,Yes,2326.00
7584,1584,P02594,Yes,5949.00
7585,2141,P01431,Yes,2799.00
7586,2087,P03230,Yes,3204.00
7587,1962,P04081,Yes,2197.00
7588,1082,P04374,Yes,2800.00
7589,2336,P00849,No,3747.00
7590,2586,P03458,Yes,1783.00
7591,2447,P00899,Yes,2526.00
7592,1771,P04315,Yes,1372.00
7593,1474,P03127,Yes,2890.00
7594,1971,P01478,Yes,1084.00
7595,2965,P00172,Yes,2414.00
7596,2242,P03951,Yes,2649.00
7597,1092,P00181,Yes,3416.00
7598,2417,P00621,Yes,3104.00
7599,1525,P04997,Yes,3526.00
7600,2710,P01799,Yes,1909.00
7601,1542,P03384,Yes,5485.00
7602,1986,P04538,Yes,2774.00
7603,2435,P03712,Yes,2409.00
7604,2210,P03313,Yes,1601.00
7605,2111,P03861,Yes,5754.00
7606,2481,P04703,Yes,5791.00
7607,2438,P02802,Yes,4577.00
7608,1128,P03825,Yes,4868.00
7609,2941,P04059,Yes,2595.00
7610,2326,P04397,Yes,3170.00
7611,1388,P01983,Yes,1122.00
7612,1089,P03811,Yes,5800.00
7613,1680,P02329,Yes,4218.00
7614,1625,P03478,Yes,2734.00
7615,2493,P02322,Yes,5782.00
7616,1495,P04140,Yes,1897.00
7617,1930,P02669,Yes,4408.00
7618,2770,P01404,Yes,5324.00
7619,2736,P03484,Yes,5588.00
7620,2901,P04968,Yes,2709.00
7621,2106,P03403,Yes,1002.00
7622,1643,P00264,Yes,3465.00
7623,1138,P01049,Yes,3485.00
7624,1751,P03798,Yes,0.00
7625,1675,P01822,Yes,4913.00
7626,1888,P01162,Yes,5731.00
7627,2273,P02038,Yes,2742.00
7628,1833,P01396,Yes,5264.00
7629,2731,P02858,Yes,5362.00
7630,1995,P04198,Yes,5076.00
7631,2452,P02578,Yes,2897.00
7632,1541,P01198,Yes,1417.00
7633,2781,P03558,Yes,1430.00
7634,2183,P01639,Yes,2323.00
7635,1490,P02920,Yes,2630.00
7636,1938,P01135,Yes,0.00
7637,2321,P03101,Yes,3520.00
7638,2730,P00671,Yes,2363.00
7639,2893,P03105,Yes,2311.00
7640,2151,P04710,Yes,1461.00
7641,1856,P02726,Yes,2213.00
7642,2722,P04117,Yes,2493.00
7643,1941,P02922,Yes,3258.00
7644,1133,P04364,Yes,1202.00
7645,2044,P01451,Yes,2814.00
7646,2737,P04951,Yes,4492.00
7647,1350,P00002,Yes,4357.00
7648,1299,P01998,Yes,5851.00
7649,2801,P03362,Yes,3138.00
7650,2442,P01350,Yes,1151.00
7651,1292,P02225,No,4904.00
7652,2405,P04029,Yes,1746.00
7653,2525,P03453,Yes,4200.00
7654,1646,P02548,Yes,2713.00
7655,1822,P00249,Yes,2063.00
7656,2877,P00263,Yes,3767.00
7657,2343,P00434,Yes,2606.00
7658,1082,P02144,Yes,5589.00
7659,2746,P00195,Yes,4573.00
7660,2248,P03112,Yes,1269.00
7661,1878,P03170,Yes,1675.00
7662,1771,P02824,Yes,1180.00
7663,1936,P03707,Yes,5970.00
7664,1991,P02024,Yes,0.00
7665,2358,P01655,Yes,3650.00
7666,1330,P02439,Yes,2772.00
7667,1815,P04196,Yes,3035.00
7668,2909,P03574,Yes,0.00
7669,1274,P01285,Yes,2874.00
7670,1832,P01496,Yes,3415.00
7671,2052,P00191,Yes,5302.00
7672,1898,P03047,Yes,3093.00
7673,2463,P03176,Yes,3336.00
7674,2209,P00110,Yes,1693.00
7675,1870,P00608,Yes,1807.00
7676,1496,P04382,Yes,3169.00
7677,2292,P02105,Yes,4257.00
7678,2023,P01449,Yes,4155.00
7679,1349,P01902,No,3148.00
7680,2773,P04405,Yes,1738.00
7681,2897,P02994,Yes,5883.00
7682,2248,P02406,Yes,0.00
7683,2651,P02910,Yes,2398.00
7684,2318,P02231,Yes,4383.00
7685,1019,P04995,Yes,1559.00
7686,2639,P01451,Yes,3143.00
7687,1226,P04428,Yes,4533.00
7688,1436,P03666,Yes,4585.00
7689,1555,P04391,Yes,4894.00
7690,1412,P04818,No,5935.00
7691,2711,P04658,Yes,2332.00
7692,2436,P04063,Yes,4422.00
7693,2203,P04758,Yes,5439.00
7694,2831,P04568,Yes,5761.00
7695,1173,P02596,Yes,3832.00
7696,2563,P03140,Yes,4088.00
7697,1601,P03188,Yes,4592.00
7698,2833,P04162,Yes,3574.00
7699,2957,P01708,Yes,1006.00
7700,2962,P03938,Yes,5896.00
7701,1558,P02307,Yes,2963.00
7702,2703,P00999,Yes,4982.00
7703,2182,P02693,Yes,3891.00
7704,1671,P01890,Yes,3843.00
7705,2305,P03826,Yes,3913.00
7706,2331,P03838,Yes,2354.00
7707,1226,P01508,Yes,5564.00
7708,2514,P04984,Yes,4693.00
7709,1793,P00328,Yes,2399.00
7710,1754,P03202,Yes,1966.00
7711,2850,P02748,Yes,4415.00
7712,2663,P04528,Yes,1271.00
7713,1147,P03674,Yes,1146.00
7714,2566,P03683,No,1006.00
7715,1560,P01433,Yes,2504.00
7716,2594,P02920,Yes,5508.00
7717,2501,P00872,Yes,4972.00
7718,1142,P00143,Yes,5071.00
7719,2588,P03410,Yes,1427.00
7720,2675,P02445,Yes,4329.00
7721,2393,P00699,Yes,1666.00
7722,1740,P01714,Yes,4449.00
7723,1060,P04200,Yes,0.00
7724,1577,P02507,Yes,2022.00
7725,1928,P02592,Yes,1511.00
7726,2643,P00826,Yes,2899.00
7727,2315,P04530,Yes,3016.00
7728,1469,P00044,Yes,5152.00
7729,1725,P01242,Yes,2644.00
7730,2139,P04527,Yes,3186.00
7731,1852,P02001,Yes,1452.00
7732,2946,P04491,Yes,4453.00
7733,2790,P04448,Yes,4815.00
7734,2878,P04280,Yes,4350.00
7735,1871,P01180,Yes,2994.00
7736,1469,P02540,Yes,2771.00
7737,1752,P03236,Yes,1692.00
7738,1199,P01824,Yes,2189.00
7739,2172,P04376,Yes,1797.00
7740,1225,P04317,Yes,3708.00
7741,1047,P04332,Yes,5591.00
7742,2083,P01577,Yes,3442.00
7743,1236,P01250,Yes,3417.00
7744,2554,P03049,Yes,4796.00
7745,1908,P03349,Yes,1527.00
7746,1943,P03404,Yes,4769.00
7747,1907,P03484,Yes,5161.00
7748,2161,P00564,Yes,5711.00
7749,1697,P03582,Yes,1237.00
7750,1395,P01298,Yes,2227.00
7751,1838,P03926,Yes,2981.00
7752,2785,P03024,Yes,4889.00
7753,2664,P02344,Yes,0.00
7754,2588,P01453,Yes,3950.00
7755,2173,P04118,Yes,1067.00
7756,1639,P01516,Yes,3141.00
7757,1639,P02285,Yes,3640.00
7758,1080,P04129,Yes,4384.00
7759,1558,P01219,Yes,5999.00
7760,1487,P02192,Yes,4887.00
7761,1470,P00172,Yes,2602.00
7762,2959,P01890,Yes,4630.00
7763,1322,P03665,Yes,1403.00
7764,1667,P01981,Yes,4198.00
7765,2106,P03140,Yes,3060.00
7766,2718,P03553,Yes,2740.00
7767,2310,P02558,Yes,2364.00
7768,2318,P01584,Yes,5138.00
7769,2001,P01422,Yes,3124.00
7770,1634,P03282,Yes,5951.00
7771,2127,P04072,Yes,3612.00
7772,1175,P04495,Yes,4033.00
7773,2222,P01516,Yes,1283.00
7774,2400,P02051,Yes,2871.00
7775,1783,P02262,Yes,4913.00
7776,2863,P03864,Yes,4313.00
7777,1842,P00343,Yes,3895.00
7778,2528,P01203,Yes,1202.00
7779,2296,P01374,Yes,5829.00
7780,1201,P00796,Yes,1943.00
7781,1211,P04251,Yes,4769.00
7782,1880,P04544,Yes,5589.00
7783,2221,P02954,Yes,2771.00
7784,1541,P03996,Yes,3642.00
7785,1987,P01699,Yes,2274.00
7786,2727,P01136,Yes,3192.00
7787,1919,P00566,Yes,3021.00
7788,2349,P02599,No,5375.00
7789,2165,P03734,Yes,2580.00
7790,1525,P02703,Yes,1909.00
7791,2930,P04250,Yes,1495.00
7792,2812,P04574,Yes,1442.00
7793,2539,P04455,Yes,1731.00
7794,2547,P00110,Yes,3201.00
7795,1670,P00825,Yes,2536.00
7796,2390,P04030,Yes,2844.00
7797,2259,P04283,Yes,2583.00
7798,1193,P01437,Yes,1501.00
7799,2036,P04068,Yes,5536.00
7800,1070,P04437,Yes,2968.00
7801,1323,P00021,Yes,4931.00
7802,1482,P01213,Yes,2347.00
7803,2423,P04446,Yes,3088.00
7804,2031,P03858,Yes,5033.00
7805,2746,P01246,Yes,3214.00
7806,1887,P03720,Yes,0.00
7807,2601,P02993,Yes,1716.00
7808,1492,P03244,Yes,1536.00
7809,2916,P02626,Yes,5688.00
7810,2574,P02146,Yes,1193.00
7811,2633,P03766,No,5423.00
7812,1581,P00697,Yes,3134.00
7813,2157,P03557,Yes,2563.00
7814,2290,P02696,Yes,2031.00
7815,1731,P01628,Yes,2949.00
7816,1956,P04577,Yes,4950.00
7817,1050,P00614,Yes,4277.00
7818,1473,P02323,Yes,5629.00
7819,1205,P02936,Yes,5949.00
7820,1525,P00131,Yes,2434.00
7821,2688,P01206,Yes,5191.00
7822,1841,P02573,Yes,2799.00
7823,2635,P02689,Yes,2341.00
7824,1270,P00126,Yes,4007.00
7825,2801,P01385,Yes,2970.00
7826,1211,P01592,Yes,2992.00
7827,2346,P03258,Yes,3652.00
7828,1856,P01999,Yes,2472.00
7829,2435,P00327,Yes,5302.00
7830,1787,P02132,Yes,5069.00
7831,1144,P02749,Yes,3028.00
7832,2871,P01236,Yes,0.00
7833,2430,P00910,Yes,2353.00
7834,1870,P02477,Yes,5010.00
7835,2100,P02810,Yes,2435.00
7836,2971,P04516,Yes,0.00
7837,2243,P02572,Yes,1020.00
7838,1310,P00453,Yes,2168.00
7839,2495,P00620,Yes,4654.00
7840,1619,P04069,Yes,4353.00
7841,1014,P03770,Yes,1756.00
7842,1554,P02817,Yes,1705.00
7843,1631,P04665,Yes,1995.00
7844,2263,P03049,Yes,3186.00
7845,1711,P01179,Yes,2231.00
7846,2071,P03309,Yes,4265.00
7847,2573,P02355,Yes,3938.00
7848,2888,P00856,Yes,1657.00
7849,2125,P01691,Yes,2019.00
7850,2500,P01893,Yes,1324.00
7851,2160,P00648,Yes,1051.00
7852,2019,P02228,Yes,5025.00
7853,1311,P00009,Yes,5070.00
7854,2025,P01985,Yes,1835.00
7855,1689,P01365,Yes,5870.00
7856,1454,P03698,Yes,5969.00
7857,2476,P02593,Yes,4492.00
7858,2880,P00188,Yes,5451.00
7859,2372,P04637,Yes,1499.00
7860,1081,P00639,Yes,1554.00
7861,1253,P04093,Yes,5682.00
7862,2122,P01934,Yes,3573.00
7863,1211,P04960,Yes,0.00
7864,2776,P03869,Yes,5567.00
7865,2495,P00445,Yes,1104.00
7866,1264,P01387,Yes,3516.00
7867,2678,P02709,Yes,5711.00
7868,2820,P01166,Yes,1899.00
7869,2298,P01064,Yes,3708.00
7870,2817,P01116,Yes,5042.00
7871,1202,P01253,Yes,4798.00
7872,2341,P00392,Yes,4705.00
7873,1447,P02661,Yes,3701.00
7874,1114,P02490,Yes,5961.00
7875,1240,P01757,Yes,5034.00
7876,1294,P04518,Yes,1591.00
7877,2708,P03465,Yes,1850.00
7878,2402,P01703,Yes,1661.00
7879,1317,P00163,Yes,2569.00
7880,2905,P01873,Yes,1567.00
7881,2703,P00426,Yes,5014.00
7882,2239,P04358,Yes,3914.00
7883,2933,P00709,Yes,3379.00
7884,1624,P03273,Yes,1515.00
7885,1918,P01161,Yes,3487.00
7886,2948,P01557,Yes,1274.00
7887,2423,P03623,Yes,1853.00
7888,2142,P01782,Yes,5447.00
7889,1520,P02740,Yes,3072.00
7890,1306,P00942,Yes,2851.00
7891,1184,P02458,Yes,3390.00
7892,2805,P03907,Yes,1135.00
7893,2039,P02702,Yes,0.00
7894,2673,P00326,Yes,5750.00
7895,2843,P04018,Yes,4344.00
7896,1746,P01227,Yes,1604.00
7897,2658,P02677,Yes,4850.00
7898,2903,P04600,Yes,3950.00
7899,2730,P00964,Yes,4993.00
7900,2766,P04012,Yes,1975.00
7901,1276,P03298,Yes,4987.00
7902,1120,P02265,Yes,2473.00
7903,2490,P00242,Yes,2463.00
7904,1553,P04351,Yes,4956.00
7905,1631,P01973,Yes,1243.00
7906,1362,P03222,Yes,5782.00
7907,2959,P04603,Yes,4825.00
7908,1359,P03864,Yes,2881.00
7909,1955,P01943,Yes,4304.00
7910,2804,P02143,Yes,5914.00
7911,1194,P03959,Yes,3943.00
7912,1773,P04077,Yes,3283.00
7913,1253,P02595,Yes,2793.00
7914,2401,P02355,Yes,3394.00
7915,2838,P04160,Yes,2410.00
7916,2945,P01796,Yes,5158.00
7917,1310,P02855,Yes,1567.00
7918,1799,P01289,Yes,5909.00
7919,2043,P02599,No,2069.00
7920,2047,P01106,Yes,2566.00
7921,2104,P03804,Yes,2929.00
7922,1689,P03889,Yes,0.00
7923,1247,P01297,No,4722.00
7924,1058,P02811,Yes,5719.00
7925,1646,P01140,Yes,4922.00
7926,1125,P01475,Yes,4388.00
7927,2166,P03171,Yes,1536.00
7928,1206,P02109,Yes,4961.00
7929,2090,P04305,No,3921.00
7930,1072,P04085,Yes,3565.00
7931,1265,P03722,Yes,1829.00
7932,2146,P00342,Yes,1928.00
7933,2430,P02969,Yes,4293.00
7934,2569,P04494,Yes,4214.00
7935,1863,P02540,Yes,1293.00
7936,2826,P02173,Yes,4631.00
7937,1823,P00101,Yes,5246.00
7938,2307,P01227,Yes,5200.00
7939,1546,P01363,Yes,1430.00
7940,2942,P02285,Yes,4025.00
7941,2840,P04119,No,2987.00
7942,2325,P04913,Yes,1595.00
7943,2810,P01302,Yes,5213.00
7944,2327,P03745,Yes,5126.00
7945,2903,P04019,Yes,1775.00
7946,1897,P03729,Yes,2220.00
7947,2664,P01106,Yes,2281.00
7948,1800,P04378,Yes,3778.00
7949,2774,P03667,Yes,2414.00
7950,1034,P04521,Yes,3236.00
7951,2060,P04847,Yes,4987.00
7952,1798,P04377,Yes,4243.00
7953,2370,P01056,Yes,1548.00
7954,2085,P04252,Yes,4529.00
7955,2653,P01849,Yes,4345.00
7956,2132,P03752,Yes,2120.00
7957,1592,P02108,Yes,3764.00
7958,1718,P02568,Yes,5545.00
7959,1130,P03761,Yes,1228.00
7960,1007,P01950,Yes,3436.00
7961,2973,P02433,Yes,2217.00
7962,1379,P01053,Yes,3626.00
7963,2515,P00166,Yes,4640.00
7964,1407,P00882,Yes,1829.00
7965,2219,P01102,Yes,3902.00
7966,2853,P01655,Yes,4768.00
7967,1844,P04715,Yes,5136.00
7968,2139,P04627,Yes,2440.00
7969,2315,P04765,Yes,2296.00
7970,1894,P02517,Yes,5855.00
7971,1979,P02825,Yes,4338.00
7972,1121,P04739,Yes,1816.00
7973,2158,P01326,Yes,2296.00
7974,1950,P04763,Yes,3799.00
7975,2092,P03675,Yes,2864.00
7976,2520,P00398,Yes,5352.00
7977,1553,P03055,Yes,3771.00
7978,2510,P02240,Yes,1207.00
7979,2886,P03578,Yes,3552.00
7980,1901,P02649,Yes,3408.00
7981,2682,P02205,Yes,2563.00
7982,2425,P02454,Yes,1270.00
7983,2471,P04592,Yes,2043.00
7984,1197,P03166,Yes,3975.00
7985,2669,P04693,Yes,2630.00
7986,1735,P03999,Yes,3414.00
7987,2039,P04394,Yes,1338.00
7988,1382,P00061,Yes,1230.00
7989,2947,P04682,Yes,5857.00
7990,1916,P04320,Yes,4409.00
7991,1284,P03626,Yes,3588.00
7992,1282,P03597,Yes,1259.00
7993,2638,P00458,Yes,4960.00
7994,2829,P04116,No,2600.00
7995,1391,P00713,Yes,5403.00
7996,2579,P01596,Yes,1412.00
7997,2083,P02888,Yes,3190.00
7998,2748,P04414,Yes,4675.00
7999,2294,P03219,Yes,4039.00
8000,1835,P01163,Yes,1512.00
8001,1272,P00909,Yes,2101.00
8002,1851,P02450,Yes,3715.00
8003,2736,P04673,Yes,4877.00
8004,1435,P04370,Yes,4308.00
8005,1315,P01032,Yes,4594.00
8006,1139,P00247,Yes,4400.00
8007,2962,P03340,Yes,4494.00
8008,1002,P03114,Yes,3245.00
8009,1598,P00103,Yes,2842.00
8010,2057,P04168,Yes,3209.00
8011,1313,P02057,Yes,1572.00
8012,1604,P03427,Yes,1619.00
8013,2671,P02158,Yes,4257.00
8014,1780,P03658,Yes,3172.00
8015,2090,P02861,Yes,2243.00
8016,1778,P01950,Yes,1192.00
8017,1617,P02404,Yes,2818.00
8018,1083,P04127,Yes,2346.00
8019,1031,P03147,Yes,4297.00
8020,1035,P03266,Yes,3858.00
8021,1084,P02758,Yes,3682.00
8022,2167,P00461,Yes,0.00
8023,1858,P00474,No,3680.00
8024,1073,P02241,Yes,2329.00
8025,1988,P00933,Yes,4727.00
8026,1073,P04876,Yes,5545.00
8027,2434,P01558,Yes,5420.00
8028,1964,P01105,Yes,4736.00
8029,2902,P00797,Yes,4092.00
8030,2830,P03878,Yes,5605.00
8031,2050,P01449,Yes,3193.00
8032,1088,P02009,Yes,5573.00
8033,1288,P04819,Yes,3019.00
8034,1868,P03113,Yes,4028.00
8035,1610,P00511,Yes,3712.00
8036,1983,P00723,Yes,3108.00
8037,2462,P03912,Yes,5468.00
8038,1558,P01799,Yes,5112.00
8039,2012,P02440,Yes,1341.00
8040,2811,P03426,Yes,3124.00
8041,1945,P00673,Yes,3045.00
8042,1341,P04060,Yes,2564.00
8043,1195,P03638,Yes,2914.00
8044,2342,P03064,Yes,1260.00
8045,1469,P03074,Yes,5249.00
8046,2523,P01193,Yes,2059.00
8047,1862,P03056,Yes,5253.00
8048,1880,P01609,Yes,3541.00
8049,2587,P02291,Yes,5062.00
8050,1876,P04148,Yes,3539.00
8051,1564,P03716,Yes,1995.00
8052,1147,P04699,Yes,4479.00
8053,2037,P01485,Yes,3687.00
8054,1296,P02529,Yes,4966.00
8055,1844,P00377,Yes,2632.00
8056,1487,P04700,Yes,1294.00
8057,2500,P00527,Yes,5192.00
8058,2928,P04776,Yes,3043.00
8059,1926,P04692,Yes,3553.00
8060,2698,P02782,Yes,3150.00
8061,1826,P03407,Yes,4791.00
8062,2007,P03396,Yes,5759.00
8063,2723,P04174,Yes,1858.00
8064,1753,P04229,Yes,5602.00
8065,1549,P04955,Yes,4196.00
8066,2151,P02193,Yes,5354.00
8067,1510,P01558,Yes,2794.00
8068,1779,P01735,Yes,5387.00
8069,2445,P03582,Yes,3543.00
8070,2800,P00842,Yes,4001.00
8071,1061,P03738,Yes,2300.00
8072,1519,P04001,Yes,0.00
8073,2814,P02222,Yes,2917.00
8074,1239,P03012,Yes,5156.00
8075,2440,P01770,Yes,2335.00
8076,2777,P02897,Yes,3553.00
8077,2300,P03113,Yes,3392.00
8078,1005,P03080,Yes,1130.00
8079,2739,P02395,Yes,2951.00
8080,1305,P00049,Yes,3896.00
8081,2604,P04870,Yes,4863.00
8082,1750,P01261,Yes,2820.00
8083,1000,P02584,Yes,2225.00
8084,2679,P01012,Yes,4156.00
8085,1795,P03248,Yes,5435.00
8086,2617,P01287,Yes,2334.00
8087,1472,P03844,Yes,4023.00
8088,2724,P03956,Yes,3719.00
8089,2651,P02634,Yes,1393.00
8090,2297,P02562,Yes,1883.00
8091,2933,P00671,Yes,0.00
8092,1951,P02692,Yes,5971.00
8093,1018,P01687,Yes,2463.00
8094,2638,P04772,Yes,1091.00
8095,2895,P00938,Yes,5997.00
8096,2296,P02288,Yes,4798.00
8097,1537,P03095,Yes,3042.00
8098,1684,P01355,Yes,1184.00
8099,2495,P00379,Yes,4834.00
8100,2763,P00988,Yes,5177.00
8101,2827,P04547,Yes,2678.00
8102,1339,P00436,Yes,1918.00
8103,1810,P01286,Yes,3672.00
8104,1087,P03261,Yes,4956.00
8105,2104,P02712,Yes,4435.00
8106,2066,P02234,Yes,5177.00
8107,2524,P00207,Yes,5423.00
8108,1506,P02304,Yes,1021.00
8109,2941,P04173,Yes,5391.00
8110,1929,P03750,Yes,2627.00
8111,1734,P01953,Yes,5440.00
8112,1408,P04303,Yes,5985.00
8113,1634,P03297,Yes,2214.00
8114,2256,P01646,Yes,3256.00
8115,1064,P03639,Yes,1097.00
8116,1266,P04594,Yes,1894.00
8117,2786,P02557,Yes,1522.00
8118,2251,P01863,Yes,0.00
8119,2582,P04988,Yes,4846.00
8120,2365,P04365,Yes,5085.00
8121,1353,P02077,Yes,4987.00
8122,1897,P03729,Yes,4659.00
8123,1045,P03725,Yes,1781.00
8124,1271,P01751,Yes,5733.00
8125,2987,P04799,Yes,1009.00
8126,1847,P02626,Yes,3863.00
8127,2947,P03906,Yes,2765.00
8128,2802,P01783,Yes,3792.00
8129,1594,P00382,Yes,1779.00
8130,1873,P02162,No,1991.00
8131,2264,P02280,Yes,4048.00
8132,2813,P02080,Yes,1455.00
8133,2980,P04781,Yes,3085.00
8134,1030,P00952,Yes,1968.00
8135,2607,P04223,Yes,5639.00
8136,2029,P02403,Yes,4396.00
8137,1497,P03736,Yes,3792.00
8138,1679,P01650,Yes,1143.00
8139,2699,P02882,Yes,1790.00
8140,1225,P01261,Yes,1236.00
8141,2225,P03940,Yes,1261.00
8142,1928,P01013,Yes,1560.00
8143,1905,P03338,Yes,5876.00
8144,1537,P02002,Yes,4240.00
8145,2378,P00203,Yes,3534.00
8146,1415,P03190,Yes,1765.00
8147,1091,P03924,Yes,1302.00
8148,1859,P04978,Yes,1969.00
8149,2463,P00027,Yes,1371.00
8150,1007,P04873,Yes,2102.00
8151,2080,P04538,Yes,3543.00
8152,1635,P03889,Yes,1258.00
8153,1158,P00156,Yes,4346.00
8154,1367,P04794,Yes,1215.00
8155,2460,P02493,Yes,3928.00
8156,1052,P02988,Yes,3178.00
8157,1590,P03567,Yes,3523.00
8158,1649,P04078,Yes,2596.00
8159,2345,P01111,Yes,3731.00
8160,1452,P04942,No,2111.00
8161,2587,P01856,Yes,1532.00
8162,2988,P02485,Yes,4454.00
8163,1952,P00605,Yes,3704.00
8164,2780,P00236,Yes,5494.00
8165,1555,P00440,Yes,4661.00
8166,2380,P01817,Yes,1298.00
8167,1298,P04302,Yes,2326.00
8168,2170,P04843,Yes,5838.00
8169,1374,P04967,Yes,5958.00
8170,1678,P02338,Yes,4093.00
8171,2254,P04820,Yes,2306.00
8172,2300,P04082,Yes,3371.00
8173,1992,P04286,Yes,0.00
8174,1524,P02600,Yes,4474.00
8175,1605,P02905,Yes,4860.00
8176,2194,P02649,Yes,3328.00
8177,1925,P03153,Yes,2262.00
8178,2924,P04851,Yes,2178.00
8179,1168,P02389,Yes,1238.00
8180,2198,P01821,Yes,3529.00
8181,1326,P02914,No,3828.00
8182,2935,P03465,Yes,3163.00
8183,1065,P02137,Yes,4765.00
8184,2017,P04971,Yes,1340.00
8185,2642,P04314,Yes,2057.00
8186,1827,P00261,Yes,4386.00
8187,1530,P04390,Yes,2683.00
8188,2219,P02012,Yes,2342.00
8189,1813,P04075,Yes,4416.00
8190,1124,P04083,Yes,0.00
8191,1120,P01638,Yes,1433.00
8192,1926,P03279,Yes,4440.00
8193,1172,P03378,Yes,5663.00
8194,1715,P00934,Yes,2031.00
8195,1929,P04538,Yes,3177.00
8196,2814,P00053,Yes,1044.00
8197,2402,P02293,Yes,1927.00
8198,1511,P02761,Yes,1562.00
8199,2968,P01023,Yes,5021.00
8200,1463,P04207,Yes,2925.00
8201,2272,P02545,Yes,1291.00
8202,2981,P00839,Yes,2053.00
8203,1804,P00182,Yes,3114.00
8204,2283,P04402,Yes,3616.00
8205,2971,P04240,Yes,1093.00
8206,2258,P03209,Yes,5996.00
8207,1102,P02013,Yes,5649.00
8208,2633,P02149,Yes,1880.00
8209,1696,P03742,Yes,1871.00
8210,2635,P03237,Yes,1752.00
8211,2962,P02152,Yes,4037.00
8212,2015,P03666,Yes,2907.00
8213,1631,P04420,No,4329.00
8214,1070,P03742,Yes,4059.00
8215,2268,P03379,Yes,2300.00
8216,1977,P02060,Yes,2152.00
8217,2486,P03951,Yes,0.00
8218,2810,P00152,Yes,4467.00
8219,1937,P00982,Yes,2250.00
8220,1698,P03939,Yes,1240.00
8221,2950,P03641,Yes,3942.00
8222,1683,P02044,Yes,5130.00
8223,2267,P00325,Yes,1754.00
8224,2754,P04867,Yes,1756.00
8225,1380,P00365,Yes,2101.00
8226,2240,P03291,Yes,4285.00
8227,1417,P00194,Yes,1755.00
8228,2589,P01416,Yes,3113.00
8229,1409,P00851,Yes,1046.00
8230,1024,P02815,Yes,1230.00
8231,1749,P00173,Yes,1378.00
8232,1813,P02122,Yes,4474.00
8233,1486,P01212,Yes,1967.00
8234,1526,P03745,Yes,1626.00
8235,1865,P04332,Yes,3365.00
8236,2869,P03537,Yes,1733.00
8237,2607,P02522,Yes,2185.00
8238,1064,P01304,Yes,5746.00
8239,2725,P03542,Yes,4413.00
8240,2399,P02028,Yes,1154.00
8241,2833,P03242,Yes,5029.00
8242,2061,P04481,Yes,5368.00
8243,2193,P01130,Yes,2355.00
8244,1051,P02165,Yes,2875.00
8245,2932,P02806,Yes,3045.00
8246,2691,P02272,Yes,3659.00
8247,2114,P04533,Yes,5099.00
8248,1800,P01157,Yes,2345.00
8249,2121,P00497,Yes,5267.00
8250,2426,P00248,Yes,4079.00
8251,1438,P01051,Yes,2002.00
8252,1479,P03409,Yes,2122.00
8253,2116,P00048,Yes,5663.00
8254,2752,P02024,Yes,5726.00
8255,2806,P03460,Yes,2395.00
8256,1700,P01036,Yes,4916.00
8257,2241,P00612,Yes,5267.00
8258,2313,P02202,Yes,1274.00
8259,2945,P03978,Yes,3738.00
8260,2556,P01305,Yes,5241.00
8261,2557,P03620,Yes,3384.00
8262,2931,P01767,Yes,2425.00
8263,2637,P03083,Yes,3767.00
8264,2694,P00966,Yes,3731.00
8265,2038,P00840,Yes,5620.00
8266,1010,P00967,Yes,5771.00
8267,2115,P02842,Yes,5093.00
8268,1712,P04936,Yes,2583.00
8269,2282,P03913,Yes,3030.00
8270,1028,P01830,No,1087.00
8271,1971,P00485,Yes,3354.00
8272,1670,P00004,Yes,1821.00
8273,1751,P03052,Yes,4182.00
8274,1735,P04258,Yes,4884.00
8275,1801,P00059,Yes,0.00
8276,1012,P00422,Yes,1796.00
8277,2484,P00822,Yes,4344.00
8278,1908,P04044,Yes,2581.00
8279,2172,P02191,Yes,2268.00
8280,2887,P00064,Yes,4070.00
8281,2255,P00588,Yes,5015.00
8282,2078,P01269,Yes,2418.00
8283,1840,P02042,Yes,4694.00
8284,1802,P00417,Yes,5513.00
8285,1771,P01471,Yes,4020.00
8286,2637,P04352,Yes,1267.00
8287,2373,P01378,Yes,1851.00
8288,1599,P00949,Yes,4269.00
8289,1078,P03864,Yes,2916.00
8290,2729,P01053,Yes,1544.00
8291,1590,P00552,Yes,4122.00
8292,1521,P04396,Yes,5780.00
8293,2352,P01314,Yes,5150.00
8294,1006,P04020,Yes,5061.00
8295,1607,P04871,Yes,4152.00
8296,2863,P04965,Yes,4806.00
8297,1801,P01379,Yes,2178.00
8298,2172,P00301,Yes,1025.00
8299,2603,P01746,Yes,5036.00
8300,1053,P00233,Yes,5678.00
8301,2685,P01802,Yes,5748.00
8302,1341,P03534,Yes,5139.00
8303,2349,P03599,Yes,2084.00
8304,2077,P03550,Yes,5307.00
8305,2642,P03267,Yes,3160.00
8306,2846,P00291,Yes,4979.00
8307,2012,P01897,Yes,3819.00
8308,2256,P02196,Yes,3087.00
8309,2417,P01630,Yes,4493.00
8310,2552,P03460,Yes,2748.00
8311,1721,P04766,Yes,5646.00
8312,2416,P01212,Yes,2664.00
8313,1780,P02083,Yes,3232.00
8314,2799,P00125,Yes,2680.00
8315,1137,P03978,Yes,4449.00
8316,2295,P00458,Yes,5292.00
8317,1522,P00257,Yes,1713.00
8318,1003,P02900,Yes,2311.00
8319,2186,P01856,Yes,2785.00
8320,1884,P04407,Yes,5479.00
8321,1280,P02299,Yes,5525.00
8322,1866,P00812,Yes,3009.00
8323,1986,P04048,Yes,2919.00
8324,1846,P02263,Yes,3566.00
8325,1743,P04760,Yes,5316.00
8326,2260,P04072,Yes,1738.00
8327,2218,P03133,Yes,5970.00
8328,2581,P04033,Yes,1412.00
8329,2935,P02444,Yes,3699.00
8330,1023,P02964,Yes,1992.00
8331,1411,P00098,Yes,3764.00
8332,1368,P03670,Yes,3514.00
8333,2713,P02720,Yes,3795.00
8334,1276,P04547,Yes,4593.00
8335,2950,P02773,Yes,1703.00
8336,2881,P04703,Yes,3107.00
8337,2839,P02855,Yes,1453.00
8338,2106,P03389,Yes,5914.00
8339,2630,P03516,Yes,5718.00
8340,1368,P02560,Yes,2872.00
8341,2800,P01347,Yes,1538.00
8342,2638,P00417,Yes,1949.00
8343,1928,P02441,Yes,2921.00
8344,2665,P04325,Yes,5568.00
8345,2606,P04801,Yes,1566.00
8346,1251,P00157,Yes,3832.00
8347,1840,P04109,Yes,1628.00
8348,2882,P02235,Yes,1903.00
8349,1460,P04729,Yes,5727.00
8350,1911,P04909,Yes,5983.00
8351,2934,P01160,Yes,1929.00
8352,2092,P00130,Yes,3746.00
8353,2302,P00971,Yes,1947.00
8354,2049,P00908,Yes,2268.00
8355,1824,P01915,Yes,5273.00
8356,1225,P04852,Yes,5030.00
8357,1211,P02683,Yes,5028.00
8358,2682,P02225,Yes,3912.00
8359,2273,P04722,Yes,1465.00
8360,2330,P04301,Yes,4579.00
8361,1574,P02466,Yes,5541.00
8362,2590,P04226,Yes,2061.00
8363,1110,P04933,Yes,2128.00
8364,1814,P00564,No,4527.00
8365,2475,P00563,Yes,3260.00
8366,2993,P04472,Yes,4491.00
8367,1584,P04458,Yes,5033.00
8368,2177,P01608,Yes,1807.00
8369,2466,P01527,Yes,1539.00
8370,1613,P02797,Yes,5699.00
8371,2174,P00517,Yes,3712.00
8372,2057,P02244,Yes,5205.00
8373,1886,P04024,Yes,4086.00
8374,1353,P02837,Yes,1367.00
8375,1251,P00852,Yes,1426.00
8376,1227,P03781,Yes,3114.00
8377,1546,P02190,Yes,2540.00
8378,1383,P00341,Yes,2718.00
8379,2885,P01485,Yes,3638.00
8380,1944,P03009,Yes,2288.00
8381,2713,P00578,Yes,3549.00
8382,1428,P02465,Yes,1524.00
8383,2326,P01806,Yes,3270.00
8384,1155,P01667,Yes,2607.00
8385,1002,P02784,Yes,2469.00
8386,1882,P04506,Yes,1747.00
8387,2356,P02413,Yes,4641.00
8388,1330,P03410,Yes,1296.00
8389,2240,P03305,Yes,2981.00
8390,1331,P03634,Yes,2955.00
8391,1415,P03349,Yes,5974.00
8392,1905,P03074,Yes,4139.00
8393,2348,P04639,Yes,5044.00
8394,2068,P04600,No,4349.00
8395,1782,P00148,Yes,3783.00
8396,2771,P03431,Yes,3721.00
8397,2128,P04809,Yes,4308.00
8398,2748,P00182,Yes,2218.00
8399,1142,P03184,Yes,5847.00
8400,2825,P02480,Yes,5000.00
8401,2925,P04129,Yes,4833.00
8402,2233,P02779,Yes,4730.00
8403,1736,P04635,Yes,1222.00
8404,1580,P00204,Yes,1806.00
8405,1981,P03032,No,3685.00
8406,1280,P00473,Yes,4887.00
8407,2398,P03309,Yes,1059.00
8408,1051,P03726,Yes,2228.00
8409,2134,P00616,Yes,2340.00
8410,2675,P02442,Yes,4634.00
8411,2078,P04806,Yes,2314.00
8412,1238,P00714,Yes,2201.00
8413,1256,P04917,Yes,5895.00
8414,2552,P03742,Yes,3488.00
8415,2455,P02249,Yes,4626.00
8416,1644,P00954,Yes,1071.00
8417,2565,P03528,Yes,2624.00
8418,2282,P02011,Yes,5324.00
8419,1960,P00570,Yes,1087.00
8420,2510,P02226,No,4909.00
8421,2831,P01994,Yes,3600.00
8422,2725,P04904,Yes,4387.00
8423,2447,P00657,Yes,5732.00
8424,1835,P02631,Yes,2935.00
8425,2204,P00744,Yes,4451.00
8426,1396,P03161,Yes,2345.00
8427,1359,P00683,Yes,2837.00
8428,1895,P02534,Yes,5860.00
8429,1561,P03617,Yes,4487.00
8430,1838,P03233,Yes,2206.00
8431,1480,P04103,Yes,2993.00
8432,2440,P02450,Yes,4386.00
8433,2422,P03862,Yes,1623.00
8434,2316,P01370,Yes,1429.00
8435,1979,P03641,Yes,1007.00
8436,2495,P03284,Yes,2176.00
8437,1615,P00454,Yes,4887.00
8438,1864,P01184,Yes,4380.00
8439,1392,P03700,Yes,2409.00
8440,2539,P03727,Yes,5606.00
8441,2981,P04192,Yes,5984.00
8442,2445,P00334,Yes,1021.00
8443,2292,P01609,Yes,1746.00
8444,2204,P02108,Yes,5799.00
8445,2679,P04635,Yes,4837.00
8446,1798,P04413,Yes,4623.00
8447,1443,P00764,Yes,4676.00
8448,2139,P03063,Yes,2918.00
8449,2764,P01983,Yes,2027.00
8450,1609,P02706,Yes,1313.00
8451,2410,P04722,Yes,4055.00
8452,2690,P02575,Yes,5701.00
8453,1939,P02674,Yes,2430.00
8454,2298,P00601,Yes,3425.00
8455,1891,P00564,Yes,4326.00
8456,1994,P02148,Yes,3744.00
8457,2021,P01958,Yes,2688.00
8458,1096,P03307,Yes,4704.00
8459,2137,P00480,Yes,5497.00
8460,1821,P04772,Yes,3203.00
8461,2418,P01632,Yes,4466.00
8462,1462,P01291,Yes,1060.00
8463,2123,P00328,Yes,3676.00
8464,1280,P02595,Yes,1437.00
8465,2244,P04807,Yes,4482.00
8466,1356,P03392,Yes,4934.00
8467,2935,P00156,Yes,2741.00
8468,1589,P00208,Yes,3845.00
8469,2865,P01027,Yes,2084.00
8470,1488,P01895,Yes,0.00
8471,1012,P04453,Yes,3288.00
8472,1142,P02672,Yes,1839.00
8473,1072,P01153,Yes,1933.00
8474,1910,P04590,Yes,4799.00
8475,1319,P04300,Yes,3130.00
8476,2802,P00243,Yes,5844.00
8477,1404,P04079,Yes,4863.00
8478,2364,P01097,Yes,4409.00
8479,2336,P01647,Yes,1593.00
8480,2720,P02652,Yes,1145.00
8481,2432,P02031,Yes,1910.00
8482,2750,P04440,No,5104.00
8483,1032,P01967,Yes,3037.00
8484,2468,P00555,Yes,1132.00
8485,1444,P03609,Yes,5808.00
8486,1701,P01868,Yes,1085.00
8487,1930,P01134,Yes,5567.00
8488,2918,P01578,Yes,1567.00
8489,2686,P00051,Yes,1218.00
8490,2385,P03232,Yes,3995.00
8491,1268,P03128,Yes,3386.00
8492,2734,P03314,Yes,4617.00
8493,2286,P04063,Yes,4662.00
8494,2717,P02268,Yes,4906.00
8495,1764,P00101,Yes,2667.00
8496,1315,P01879,Yes,0.00
8497,1468,P01311,Yes,1382.00
8498,1738,P00118,Yes,1320.00
8499,1238,P01056,Yes,2484.00
8500,1166,P03351,Yes,1729.00
8501,1829,P03361,Yes,4940.00
8502,2876,P02615,Yes,4276.00
8503,1665,P02898,Yes,5388.00
8504,2169,P02391,Yes,1975.00
8505,2433,P02712,Yes,5656.00
8506,2982,P02152,Yes,2476.00
8507,1073,P00638,Yes,3441.00
8508,1657,P04829,Yes,5668.00
8509,1629,P04677,Yes,2416.00
8510,2987,P04170,Yes,4169.00
8511,1722,P03248,Yes,4868.00
8512,1803,P02965,Yes,2647.00
8513,1102,P00361,Yes,4171.00
8514,1297,P03704,Yes,4561.00
8515,1319,P03042,Yes,5312.00
8516,1260,P04841,Yes,5603.00
8517,2399,P04566,Yes,1226.00
8518,2935,P03740,Yes,2927.00
8519,2258,P01001,Yes,3360.00
8520,2970,P03476,Yes,1585.00
8521,1796,P01658,Yes,5009.00
8522,2847,P00751,Yes,5749.00
8523,1660,P04820,Yes,0.00
8524,2184,P02352,Yes,5580.00
8525,2586,P01678,Yes,2123.00
8526,2216,P02795,No,2136.00
8527,1791,P01185,Yes,2923.00
8528,2625,P04960,Yes,0.00
8529,1118,P03562,Yes,4781.00
8530,2384,P02732,Yes,5339.00
8531,2394,P04068,Yes,2495.00
8532,2537,P02387,Yes,4417.00
8533,1748,P02178,Yes,4601.00
8534,2968,P03403,Yes,4054.00
8535,1364,P01040,No,4148.00
8536,1738,P03570,Yes,2268.00
8537,1541,P01518,Yes,1459.00
8538,1638,P04431,Yes,5127.00
8539,1259,P04807,Yes,2564.00
8540,2359,P04658,Yes,2097.00
8541,1715,P00196,Yes,3585.00
8542,1961,P03226,Yes,4729.00
8543,2608,P00382,Yes,2619.00
8544,1316,P02693,Yes,1717.00
8545,2227,P03797,Yes,3940.00
8546,2020,P00278,Yes,3715.00
8547,1040,P02165,Yes,2923.00
8548,2154,P01085,Yes,0.00
8549,2812,P01592,Yes,1250.00
8550,1926,P01082,Yes,5607.00
8551,1582,P00757,Yes,3419.00
8552,1346,P03060,Yes,1700.00
8553,2648,P01774,Yes,4822.00
8554,1457,P02437,Yes,1190.00
8555,1942,P00487,Yes,4758.00
8556,1114,P00800,Yes,1968.00
8557,1096,P00605,Yes,1541.00
8558,2952,P03233,Yes,1280.00
8559,2773,P03853,Yes,3101.00
8560,2040,P01140,Yes,1571.00
8561,2639,P04899,No,1443.00
8562,1194,P03405,Yes,3853.00
8563,1379,P04766,Yes,1494.00
8564,1817,P01202,Yes,3252.00
8565,1774,P04732,Yes,3653.00
8566,1298,P02673,Yes,1149.00
8567,2782,P04373,Yes,0.00
8568,1011,P00342,Yes,5894.00
8569,1708,P00395,Yes,2643.00
8570,1059,P03403,Yes,0.00
8571,1176,P02520,Yes,3148.00
8572,2373,P01256,Yes,1683.00
8573,2968,P04952,Yes,5270.00
8574,1170,P02351,Yes,3401.00
8575,1470,P04582,Yes,1688.00
8576,1271,P00891,Yes,5668.00
8577,1622,P02345,No,5918.00
8578,2552,P00274,Yes,5383.00
8579,1168,P01591,Yes,2710.00
8580,2144,P02204,Yes,5023.00
8581,2539,P04100,Yes,4902.00
8582,1815,P01511,Yes,2970.00
8583,2734,P01792,Yes,5076.00
8584,2555,P00743,Yes,5374.00
8585,1284,P00508,Yes,1739.00
8586,1019,P04544,Yes,5606.00
8587,2947,P04064,Yes,3018.00
8588,1109,P03315,Yes,4477.00
8589,1884,P02164,Yes,4803.00
8590,1668,P02959,Yes,1044.00
8591,1413,P03767,Yes,0.00
8592,1265,P04517,Yes,2773.00
8593,1096,P01662,Yes,5857.00
8594,2015,P02535,Yes,1946.00
8595,1542,P02672,Yes,0.00
8596,1039,P02384,Yes,4088.00
8597,1681,P01389,Yes,2052.00
8598,1682,P01777,Yes,2237.00
8599,1309,P01357,Yes,3869.00
8600,1504,P02208,Yes,4404.00
8601,1000,P02808,Yes,1248.00
8602,1325,P00099,Yes,5937.00
8603,1867,P01498,Yes,3211.00
8604,1162,P02901,Yes,5970.00
8605,1690,P04591,Yes,2201.00
8606,1852,P01900,Yes,4557.00
8607,2727,P04687,Yes,4542.00
8608,2304,P02351,Yes,4130.00
8609,2219,P03783,Yes,5137.00
8610,1754,P02895,Yes,3622.00
8611,1589,P04078,Yes,3646.00
8612,1371,P03898,Yes,1357.00
8613,2672,P00793,Yes,3910.00
8614,2141,P02797,Yes,1988.00
8615,1919,P02831,Yes,4908.00
8616,1519,P04950,Yes,3711.00
8617,1899,P02789,Yes,5923.00
8618,2226,P04780,Yes,0.00
8619,2762,P03815,Yes,2359.00
8620,1434,P03879,Yes,1511.00
8621,1900,P04549,Yes,3639.00
8622,2099,P00034,Yes,1912.00
8623,1024,P04324,Yes,4818.00
8624,2599,P01645,Yes,2057.00
8625,2150,P02881,Yes,2332.00
8626,2577,P03517,Yes,1683.00
8627,1810,P03093,Yes,5256.00
8628,1217,P01496,Yes,1422.00
8629,1005,P00645,Yes,1426.00
8630,1611,P04714,Yes,1428.00
8631,2019,P04073,No,1304.00
8632,1897,P00902,Yes,1852.00
8633,2092,P04827,Yes,3781.00
8634,1200,P01103,Yes,3096.00
8635,2926,P00039,Yes,2569.00
8636,2916,P04493,Yes,4956.00
8637,1899,P00680,Yes,1137.00
8638,2348,P04592,Yes,2930.00
8639,1525,P01126,Yes,2148.00
8640,1956,P03466,Yes,4247.00
8641,1341,P03466,Yes,1468.00
8642,2666,P04190,No,5317.00
8643,2711,P02930,Yes,5402.00
8644,2982,P03478,Yes,2630.00
8645,1775,P02019,Yes,4106.00
8646,1229,P04845,Yes,4194.00
8647,2005,P03365,Yes,4861.00
8648,2182,P02788,Yes,3419.00
8649,1387,P00636,Yes,1983.00
8650,2345,P00299,Yes,2432.00
8651,1832,P03653,Yes,3283.00
8652,1862,P00039,Yes,4771.00
8653,2683,P04388,Yes,1520.00
8654,1618,P00244,Yes,2191.00
8655,1257,P04914,Yes,0.00
8656,1320,P04510,Yes,4816.00
8657,1817,P04105,Yes,3605.00
8658,2946,P02183,Yes,0.00
8659,2960,P03402,Yes,4654.00
8660,1583,P04367,Yes,2866.00
8661,1491,P03820,Yes,3717.00
8662,1049,P03357,Yes,5505.00
8663,1074,P01838,Yes,4649.00
8664,2430,P02880,Yes,3052.00
8665,2804,P03832,Yes,4657.00
8666,1907,P00440,No,4973.00
8667,1798,P01965,Yes,1247.00
8668,2014,P03541,Yes,3573.00
8669,2537,P00741,Yes,3300.00
8670,1945,P03215,Yes,5207.00
8671,1275,P00235,Yes,3592.00
8672,2461,P00033,Yes,3824.00
8673,2815,P01907,Yes,1736.00
8674,2664,P04674,Yes,2127.00
8675,2864,P02116,Yes,1019.00
8676,1727,P00686,Yes,3770.00
8677,1869,P03349,Yes,5796.00
8678,2463,P03260,Yes,4336.00
8679,2793,P04984,Yes,1372.00
8680,1694,P01982,Yes,2846.00
8681,2445,P04938,Yes,3850.00
8682,1142,P00490,Yes,4025.00
8683,1969,P04870,Yes,5139.00
8684,1316,P00723,Yes,1068.00
8685,2204,P01181,Yes,1119.00
8686,2972,P04419,Yes,1325.00
8687,1447,P04106,Yes,0.00
8688,2748,P00733,Yes,2331.00
8689,1277,P04859,Yes,5807.00
8690,1684,P01233,Yes,1642.00
8691,1028,P01566,Yes,3671.00
8692,1945,P01319,Yes,1977.00
8693,1738,P02501,Yes,4955.00
8694,1552,P01186,Yes,3275.00
8695,1342,P00386,No,4951.00
8696,2999,P02862,Yes,1895.00
8697,2406,P00564,Yes,2364.00
8698,2006,P03935,Yes,5639.00
8699,2097,P02710,Yes,2950.00
8700,2006,P01394,Yes,4346.00
8701,1230,P01027,Yes,1550.00
8702,2734,P02181,Yes,5385.00
8703,2007,P04275,Yes,5774.00
8704,2082,P02340,Yes,4693.00
8705,1486,P01743,Yes,2190.00
8706,1925,P04863,Yes,4599.00
8707,1597,P04540,Yes,4671.00
8708,2087,P01585,Yes,2855.00
8709,1350,P02618,Yes,4700.00
8710,2210,P02320,Yes,5015.00
8711,1998,P01222,Yes,5131.00
8712,1815,P04854,Yes,5403.00
8713,1448,P00064,Yes,0.00
8714,2735,P03915,Yes,5975.00
8715,2645,P03270,Yes,4288.00
8716,2216,P03902,Yes,3975.00
8717,2103,P04470,Yes,3176.00
8718,2053,P02198,Yes,3246.00
8719,2857,P04686,Yes,5986.00
8720,1100,P03598,Yes,3937.00
8721,2839,P03176,Yes,3989.00
8722,2566,P02933,Yes,4844.00
8723,2660,P04847,Yes,3822.00
8724,1209,P01276,Yes,1045.00
8725,1618,P00686,Yes,5640.00
8726,2962,P03844,Yes,2360.00
8727,2544,P04695,Yes,2207.00
8728,2702,P03600,Yes,4497.00
8729,2499,P00199,Yes,2646.00
8730,1322,P01171,No,0.00
8731,1799,P03400,Yes,2659.00
8732,1228,P00819,Yes,3914.00
8733,1478,P04873,Yes,4355.00
8734,2749,P02258,Yes,2989.00
8735,2864,P03209,Yes,3218.00
8736,2825,P03721,Yes,1440.00
8737,1399,P00142,Yes,1193.00
8738,1891,P01704,Yes,1459.00
8739,1400,P03751,Yes,3473.00
8740,1114,P02392,Yes,3322.00
8741,1622,P04156,Yes,1598.00
8742,2951,P00266,Yes,2419.00
8743,1090,P02985,Yes,4763.00
8744,2014,P01052,Yes,0.00
8745,1166,P00936,Yes,4642.00
8746,2079,P04407,Yes,5810.00
8747,2193,P00701,Yes,4235.00
8748,2144,P03341,Yes,2139.00
8749,1662,P03589,Yes,3107.00
8750,2488,P00912,Yes,4684.00
8751,1807,P03234,Yes,5310.00
8752,1908,P01020,Yes,2135.00
8753,1862,P00886,Yes,3763.00
8754,2418,P01423,Yes,2330.00
8755,2492,P04257,Yes,3767.00
8756,1030,P02339,Yes,3025.00
8757,1449,P03015,Yes,4755.00
8758,2220,P00386,Yes,2101.00
8759,1436,P01984,Yes,4111.00
8760,1051,P01824,Yes,1206.00
8761,2296,P01155,Yes,2460.00
8762,1274,P04798,Yes,1993.00
8763,2045,P01116,Yes,3433.00
8764,2554,P01973,Yes,3746.00
8765,2693,P00024,Yes,2601.00
8766,1348,P00056,Yes,0.00
8767,1753,P01678,Yes,2763.00
8768,1798,P04596,Yes,4388.00
8769,1958,P00372,Yes,2763.00
8770,1962,P00877,Yes,1589.00
8771,2798,P02546,Yes,2335.00
8772,2428,P03951,Yes,2407.00
8773,2981,P04379,Yes,4330.00
8774,1311,P04686,Yes,5414.00
8775,2353,P03692,Yes,1657.00
8776,2266,P00347,Yes,5487.00
8777,1149,P04348,No,4931.00
8778,1448,P01576,Yes,3410.00
8779,1249,P04379,Yes,2097.00
8780,2914,P00455,Yes,1138.00
8781,1674,P03405,Yes,5369.00
8782,1806,P01260,Yes,5658.00
8783,2572,P00866,Yes,1476.00
8784,2036,P03477,Yes,4412.00
8785,1099,P00927,Yes,3390.00
8786,2397,P03564,Yes,3886.00
8787,2303,P04583,Yes,2290.00
8788,1160,P04570,Yes,2254.00
8789,1038,P03904,Yes,4345.00
8790,1304,P01685,Yes,3279.00
8791,1941,P03995,Yes,3869.00
8792,1130,P02242,Yes,2739.00
8793,2844,P00323,Yes,2800.00
8794,1133,P03761,Yes,5350.00
8795,1845,P03047,Yes,4329.00
8796,1949,P01464,Yes,3822.00
8797,1305,P00486,Yes,1222.00
8798,2818,P04622,Yes,5563.00
8799,2037,P00168,Yes,0.00
8800,1199,P01166,Yes,3877.00
8801,1613,P02531,Yes,2950.00
8802,2910,P01669,Yes,1110.00
8803,2011,P03970,Yes,5730.00
8804,1244,P01146,Yes,2206.00
8805,1406,P04630,Yes,3596.00
8806,1651,P01123,Yes,4140.00
8807,2706,P02432,Yes,3290.00
8808,2407,P03541,Yes,3819.00
8809,1117,P03554,Yes,1071.00
8810,1120,P02900,Yes,5389.00
8811,1397,P03935,Yes,2321.00
8812,2112,P01439,Yes,1990.00
8813,2182,P01642,Yes,2494.00
8814,2969,P00935,Yes,4485.00
8815,2506,P00993,Yes,5091.00
8816,2425,P02468,No,5698.00
8817,2296,P02085,Yes,4864.00
8818,1652,P02140,Yes,5253.00
8819,2348,P00421,Yes,5182.00
8820,1949,P03077,Yes,2551.00
8821,2323,P02497,Yes,2419.00
8822,1043,P02072,Yes,4865.00
8823,2490,P02812,Yes,4521.00
8824,2116,P01363,Yes,5119.00
8825,2357,P02382,Yes,5223.00
8826,2102,P00592,Yes,1321.00
8827,2804,P03876,Yes,1796.00
8828,2068,P03008,Yes,5543.00
8829,2521,P01909,Yes,2094.00
8830,2710,P01234,Yes,4447.00
8831,1168,P04200,Yes,1417.00
8832,2574,P00334,Yes,2224.00
8833,2307,P04249,Yes,4731.00
8834,2690,P01505,Yes,3712.00
8835,2375,P01517,Yes,4401.00
8836,2313,P03232,Yes,2060.00
8837,1672,P02321,Yes,2189.00
8838,1495,P00682,Yes,5795.00
8839,2305,P01123,Yes,4333.00
8840,1185,P01348,Yes,2594.00
8841,2535,P01961,Yes,2037.00
8842,1697,P01815,Yes,3139.00
8843,1269,P03986,Yes,2376.00
8844,2941,P04788,Yes,2703.00
8845,2552,P02079,Yes,2245.00
8846,1280,P01138,Yes,2674.00
8847,2552,P00392,Yes,5149.00
8848,1448,P00981,Yes,1240.00
8849,1493,P00268,Yes,5228.00
8850,1064,P01964,Yes,3022.00
8851,1808,P03620,Yes,5978.00
8852,2845,P03718,Yes,5422.00
8853,2061,P04048,Yes,5611.00
8854,2199,P03577,Yes,1234.00
8855,2690,P03726,Yes,4681.00
8856,2054,P04781,Yes,1702.00
8857,1347,P02404,Yes,3291.00
8858,1415,P04023,Yes,2257.00
8859,2811,P00465,Yes,1605.00
8860,2657,P01292,Yes,2780.00
8861,1885,P02411,Yes,3020.00
8862,2927,P04041,Yes,3745.00
8863,1956,P01000,No,0.00
8864,2575,P04954,Yes,5109.00
8865,1441,P04056,Yes,5854.00
8866,1229,P02634,Yes,3969.00
8867,2294,P00535,Yes,5622.00
8868,1836,P02467,Yes,3197.00
8869,2740,P00332,Yes,4448.00
8870,2369,P00461,Yes,3288.00
8871,1980,P04227,Yes,1416.00
8872,1612,P00434,Yes,0.00
8873,2274,P00720,Yes,4374.00
8874,2724,P04343,Yes,4232.00
8875,2738,P04101,Yes,5987.00
8876,1254,P01378,Yes,3451.00
8877,2550,P04105,Yes,1827.00
8878,2977,P00885,Yes,5216.00
8879,2211,P02628,Yes,1542.00
8880,2977,P02885,Yes,5475.00
8881,2311,P00998,Yes,2443.00
8882,2836,P04776,Yes,5311.00
8883,1308,P00183,Yes,5812.00
8884,1153,P01658,Yes,1998.00
8885,1959,P02603,Yes,5609.00
8886,2230,P01742,Yes,4674.00
8887,1706,P03679,Yes,1603.00
8888,1651,P03054,Yes,5768.00
8889,1377,P02592,Yes,2855.00
8890,2097,P04963,Yes,4550.00
8891,1719,P00556,Yes,4526.00
8892,1350,P03850,Yes,2457.00
8893,2461,P00776,Yes,4670.00
8894,1588,P02251,Yes,3842.00
8895,1712,P02232,Yes,3242.00
8896,2163,P03122,Yes,2429.00
8897,1047,P04116,Yes,1505.00
8898,1970,P00153,Yes,2082.00
8899,1326,P02848,Yes,1783.00
8900,1176,P02979,Yes,1963.00
8901,2502,P03129,Yes,4143.00
8902,1070,P03394,Yes,0.00
8903,1127,P04510,Yes,3896.00
8904,2038,P02925,Yes,3989.00
8905,1484,P02846,Yes,2798.00
8906,1707,P04237,No,2778.00
8907,2028,P02870,Yes,1020.00
8908,2652,P01132,Yes,2298.00
8909,1379,P02624,Yes,4831.00
8910,2193,P01678,Yes,3977.00
8911,1189,P00755,Yes,1146.00
8912,2016,P02860,No,4978.00
8913,1435,P00128,Yes,2947.00
8914,1844,P03184,Yes,3230.00
8915,1446,P01052,Yes,2713.00
8916,1989,P00845,Yes,4130.00
8917,2588,P00636,Yes,4359.00
8918,1040,P00798,Yes,1084.00
8919,2711,P00907,Yes,3120.00
8920,2966,P01279,Yes,2331.00
8921,2424,P04495,Yes,4238.00
8922,2168,P04036,Yes,1576.00
8923,1893,P03945,Yes,1566.00
8924,1818,P01172,Yes,2443.00
8925,2377,P04603,Yes,1672.00
8926,1434,P01546,Yes,2374.00
8927,2168,P01959,Yes,4930.00
8928,2830,P04707,Yes,3523.00
8929,1425,P04605,Yes,1824.00
8930,1380,P01252,Yes,5939.00
8931,1187,P04077,Yes,1900.00
8932,2855,P03745,Yes,3340.00
8933,2858,P04035,Yes,2724.00
8934,2120,P00013,Yes,3451.00
8935,1087,P02345,Yes,1519.00
8936,1623,P03010,Yes,2379.00
8937,2067,P03476,Yes,5653.00
8938,1147,P01232,Yes,5948.00
8939,2528,P04244,Yes,4362.00
8940,1833,P03276,Yes,1879.00
8941,1440,P04928,Yes,1444.00
8942,1532,P03438,Yes,1381.00
8943,2208,P00714,Yes,2962.00
8944,1793,P04862,Yes,3868.00
8945,2801,P00516,Yes,3641.00
8946,1966,P04045,Yes,4267.00
8947,1127,P03037,Yes,1969.00
8948,2868,P02779,Yes,2887.00
8949,1557,P00363,Yes,4416.00
8950,1412,P00886,Yes,4725.00
8951,1155,P02947,Yes,1342.00
8952,2577,P01269,Yes,4172.00
8953,1014,P03971,Yes,1597.00
8954,1421,P01517,Yes,5586.00
8955,2025,P01512,Yes,2838.00
8956,1751,P01335,Yes,4406.00
8957,2711,P02950,Yes,4359.00
8958,2961,P03862,Yes,2127.00
8959,1321,P02454,Yes,5196.00
8960,2622,P03138,Yes,1982.00
8961,1118,P03226,Yes,5213.00
8962,1693,P01193,Yes,5464.00
8963,2073,P02343,Yes,3305.00
8964,2016,P00140,Yes,1059.00
8965,1035,P00696,Yes,3464.00
8966,1449,P02018,Yes,4820.00
8967,2035,P02104,Yes,0.00
8968,2478,P01883,Yes,1297.00
8969,2672,P03256,Yes,5125.00
8970,2156,P03370,Yes,3277.00
8971,2605,P01781,Yes,4334.00
8972,2238,P01517,Yes,4127.00
8973,1742,P03675,Yes,3969.00
8974,2755,P03916,Yes,4056.00
8975,2165,P01421,Yes,1659.00
8976,2520,P01919,Yes,5445.00
8977,2775,P01930,Yes,3583.00
8978,2033,P04525,Yes,4509.00
8979,2587,P00655,Yes,5418.00
8980,2737,P03331,Yes,1353.00
8981,2971,P04652,Yes,3442.00
8982,1976,P02485,Yes,5151.00
8983,2180,P02476,Yes,5110.00
8984,2265,P02121,Yes,1955.00
8985,2421,P02458,Yes,5332.00
8986,2785,P04195,Yes,3354.00
8987,1840,P01379,Yes,4911.00
8988,1639,P04177,Yes,4761.00
8989,2792,P01150,Yes,5403.00
8990,1087,P01679,Yes,3063.00
8991,2608,P04303,Yes,1755.00
8992,2767,P01271,Yes,4249.00
8993,2277,P01754,Yes,3956.00
8994,1349,P00146,Yes,3107.00
8995,2042,P01189,Yes,4841.00
8996,1092,P04642,Yes,2127.00
8997,1257,P04089,Yes,3895.00
8998,1511,P03911,Yes,1539.00
8999,2686,P00140,Yes,3665.00
9000,2812,P00121,Yes,1925.00
9001,2593,P03427,Yes,0.00
9002,2875,P02968,Yes,3675.00
9003,2322,P04989,Yes,3699.00
9004,2199,P03334,Yes,1345.00
9005,2997,P04355,Yes,4983.00
9006,1097,P02655,Yes,1696.00
9007,1176,P03339,Yes,3468.00
9008,2581,P01297,Yes,1081.00
9009,2262,P01258,Yes,2920.00
9010,2184,P04411,Yes,5661.00
9011,1515,P03454,Yes,5492.00
9012,2887,P02818,Yes,3881.00
9013,1412,P01991,Yes,1441.00
9014,1702,P02637,Yes,3319.00
9015,1344,P02292,Yes,1818.00
9016,1452,P01272,Yes,4441.00
9017,2666,P03344,Yes,5147.00
9018,2860,P02110,Yes,5828.00
9019,2312,P03005,Yes,1031.00
9020,1233,P04207,Yes,1739.00
9021,1864,P04338,Yes,3108.00
9022,1228,P02119,Yes,5017.00
9023,1105,P00916,Yes,4998.00
9024,2288,P02425,Yes,1690.00
9025,1303,P01356,Yes,5883.00
9026,2295,P01573,No,5636.00
9027,1923,P04594,Yes,5726.00
9028,2336,P03115,Yes,4230.00
9029,1779,P04345,Yes,3608.00
9030,2585,P02462,Yes,4670.00
9031,2615,P01086,Yes,4613.00
9032,2639,P03136,Yes,4844.00
9033,1137,P03352,Yes,1210.00
9034,1786,P03613,No,1661.00
9035,1221,P03639,Yes,1770.00
9036,1500,P04970,Yes,5010.00
9037,1991,P00173,Yes,3414.00
9038,1022,P03970,Yes,2563.00
9039,2372,P04439,Yes,4263.00
9040,1202,P02056,Yes,3982.00
9041,2918,P04488,Yes,4105.00
9042,2540,P01830,Yes,5081.00
9043,1928,P01596,Yes,3955.00
9044,1990,P01744,Yes,4100.00
9045,1025,P00570,Yes,5426.00
9046,1047,P04686,No,4296.00
9047,1461,P00151,Yes,5651.00
9048,2551,P00643,Yes,5134.00
9049,1155,P03586,Yes,3321.00
9050,2476,P02504,Yes,5159.00
9051,1442,P04608,Yes,3037.00
9052,1350,P00307,Yes,3660.00
9053,1735,P03199,Yes,5849.00
9054,2949,P00801,Yes,4107.00
9055,1758,P01603,Yes,4378.00
9056,1304,P02501,Yes,5252.00
9057,2291,P03136,Yes,4841.00
9058,1253,P00124,Yes,3205.00
9059,2368,P00463,Yes,3115.00
9060,2574,P03682,Yes,3203.00
9061,1653,P00949,Yes,4906.00
9062,2150,P00842,Yes,4799.00
9063,2593,P01304,Yes,1965.00
9064,1991,P00557,Yes,1720.00
9065,1695,P02358,Yes,2094.00
9066,1731,P03866,Yes,4451.00
9067,2577,P01477,Yes,5198.00
9068,2940,P01463,Yes,3018.00
9069,1378,P01633,Yes,5183.00
9070,2503,P01429,Yes,3002.00
9071,2233,P00014,Yes,4885.00
9072,1766,P02483,Yes,1641.00
9073,2472,P03080,Yes,2382.00
9074,1774,P00074,Yes,2366.00
9075,1372,P01944,Yes,3582.00
9076,1923,P00426,Yes,2711.00
9077,1609,P01689,Yes,4416.00
9078,2110,P01284,Yes,3996.00
9079,1877,P03528,Yes,4323.00
9080,2688,P03855,Yes,1158.00
9081,1330,P03008,No,2830.00
9082,2757,P03797,Yes,5863.00
9083,2436,P02376,Yes,1042.00
9084,2074,P04252,Yes,1838.00
9085,2984,P02236,Yes,2797.00
9086,1565,P02744,Yes,0.00
9087,1071,P02932,Yes,5549.00
9088,2047,P03937,Yes,4663.00
9089,1097,P01306,Yes,5408.00
9090,1820,P00670,Yes,5869.00
9091,2730,P02760,Yes,5911.00
9092,2063,P03419,Yes,4709.00
9093,2528,P04363,Yes,2497.00
9094,2156,P03520,Yes,2719.00
9095,1699,P00814,Yes,2991.00
9096,2437,P00086,Yes,1949.00
9097,2478,P01217,Yes,2100.00
9098,2168,P01366,Yes,4125.00
9099,2080,P02757,Yes,1048.00
9100,1149,P03515,Yes,5081.00
9101,2438,P02820,Yes,5729.00
9102,1137,P02884,Yes,1068.00
9103,2497,P01926,Yes,4195.00
9104,1696,P03161,Yes,3010.00
9105,2756,P04492,Yes,3843.00
9106,2923,P04171,Yes,3283.00
9107,1985,P01757,Yes,4950.00
9108,1269,P04799,Yes,2928.00
9109,2952,P02369,Yes,3667.00
9110,1148,P01250,Yes,4414.00
9111,2033,P03265,Yes,2779.00
9112,2678,P02200,Yes,2808.00
9113,1398,P04120,Yes,1221.00
9114,2939,P00080,Yes,5063.00
9115,1336,P03548,Yes,1804.00
9116,1201,P03285,Yes,2343.00
9117,1050,P03989,Yes,3032.00
9118,2306,P03584,Yes,1034.00
9119,2341,P04880,Yes,3888.00
9120,1153,P00943,Yes,5307.00
9121,2934,P01547,Yes,3273.00
9122,1582,P01129,Yes,3342.00
9123,2537,P01926,Yes,5691.00
9124,1803,P04239,Yes,3647.00
9125,2603,P03725,Yes,1460.00
9126,1819,P00497,Yes,2824.00
9127,1669,P04242,Yes,5865.00
9128,1299,P02946,Yes,1019.00
9129,2912,P03576,No,2321.00
9130,1027,P01162,Yes,2358.00
9131,1105,P00747,Yes,5387.00
9132,2418,P03814,Yes,4814.00
9133,2681,P02840,Yes,2395.00
9134,2215,P00406,Yes,2330.00
9135,1977,P04225,Yes,3886.00
9136,2915,P01976,Yes,2292.00
9137,1696,P03029,Yes,4538.00
9138,1943,P03511,Yes,3433.00
9139,2408,P00299,Yes,3216.00
9140,1619,P03885,Yes,5264.00
9141,1305,P00380,Yes,5649.00
9142,2655,P00906,Yes,1524.00
9143,2493,P02882,Yes,3220.00
9144,2562,P01765,Yes,4329.00
9145,1133,P00271,Yes,3641.00
9146,1567,P04455,Yes,2033.00
9147,2079,P04457,Yes,1104.00
9148,1253,P03637,Yes,1405.00
9149,1092,P03166,Yes,4500.00
9150,1317,P04003,Yes,1262.00
9151,1931,P04472,Yes,1809.00
9152,2414,P00622,Yes,5294.00
9153,2494,P04111,Yes,3301.00
9154,1664,P03895,Yes,1630.00
9155,1695,P03195,Yes,5050.00
9156,2653,P01169,Yes,1637.00
9157,1993,P03996,Yes,2044.00
9158,2589,P03572,Yes,4856.00
9159,2431,P03517,Yes,1387.00
9160,2022,P00321,Yes,1957.00
9161,1089,P00332,Yes,5527.00
9162,1062,P04758,Yes,4722.00
9163,2801,P00250,Yes,3256.00
9164,1962,P02885,Yes,3057.00
9165,2014,P03932,Yes,3940.00
9166,2987,P02373,Yes,1447.00
9167,2714,P01806,Yes,0.00
9168,2735,P03064,Yes,5650.00
9169,2093,P04020,Yes,1084.00
9170,2878,P01318,Yes,4179.00
9171,1731,P01028,Yes,2848.00
9172,1581,P02668,Yes,2466.00
9173,1062,P03705,Yes,4290.00
9174,2853,P01036,Yes,3660.00
9175,2799,P01208,Yes,3337.00
9176,2952,P00736,Yes,3600.00
9177,1688,P01106,Yes,5547.00
9178,1280,P02850,Yes,2493.00
9179,2308,P04274,Yes,1586.00
9180,2070,P03337,Yes,1666.00
9181,2903,P00226,Yes,3134.00
9182,1275,P03129,Yes,2762.00
9183,1796,P01836,Yes,2841.00
9184,1640,P03615,Yes,0.00
9185,2598,P03060,No,2772.00
9186,2477,P02256,Yes,1200.00
9187,1153,P02599,Yes,3697.00
9188,2950,P02553,Yes,3506.00
9189,1374,P00485,Yes,2083.00
9190,1235,P04495,Yes,0.00
9191,2428,P04222,Yes,1316.00
9192,1133,P03717,Yes,2860.00
9193,2982,P02327,Yes,2672.00
9194,2343,P00695,Yes,3842.00
9195,1914,P01634,Yes,3436.00
9196,1177,P01485,No,3071.00
9197,1361,P04994,Yes,2944.00
9198,2229,P01400,Yes,0.00
9199,2661,P01807,Yes,4194.00
9200,1386,P03245,Yes,2024.00
9201,1708,P01064,Yes,0.00
9202,2862,P03992,Yes,5681.00
9203,1562,P04726,Yes,3090.00
9204,1625,P03636,Yes,2439.00
9205,1487,P03054,Yes,5312.00
9206,1252,P02592,No,3654.00
9207,2971,P02296,Yes,1409.00
9208,2960,P00283,Yes,5763.00
9209,1202,P01694,Yes,4575.00
9210,2564,P00876,Yes,5853.00
9211,1020,P00285,Yes,4451.00
9212,1478,P00129,Yes,4597.00
9213,2271,P04546,Yes,1412.00
9214,2759,P00310,Yes,1210.00
9215,2790,P02581,Yes,3568.00
9216,2519,P03282,Yes,5213.00
9217,1074,P00147,Yes,2577.00
9218,1649,P02216,Yes,1446.00
9219,1616,P01212,Yes,1662.00
9220,1034,P03057,Yes,3850.00
9221,2320,P02275,Yes,4922.00
9222,1094,P03620,Yes,5819.00
9223,1127,P00679,Yes,2896.00
9224,2955,P02672,Yes,5312.00
9225,1483,P00188,Yes,4449.00
9226,1956,P04482,Yes,5746.00
9227,2471,P00537,Yes,1517.00
9228,2776,P00504,Yes,3207.00
9229,2254,P04590,Yes,5256.00
9230,1267,P03878,Yes,4779.00
9231,2968,P00838,Yes,3067.00
9232,1538,P03766,Yes,3275.00
9233,1614,P04871,Yes,4556.00
9234,1693,P01861,Yes,2588.00
9235,2167,P02934,Yes,1915.00
9236,1680,P01628,Yes,3219.00
9237,1750,P03813,Yes,2656.00
9238,1696,P04056,Yes,5095.00
9239,1026,P01660,Yes,3681.00
9240,1832,P03484,Yes,3468.00
9241,1073,P00813,Yes,4447.00
9242,1594,P04650,Yes,4283.00
9243,1796,P02343,Yes,3859.00
9244,1638,P02053,Yes,2367.00
9245,2547,P00215,Yes,3226.00
9246,1006,P02206,Yes,1275.00
9247,2593,P03759,Yes,5521.00
9248,1406,P00140,Yes,4113.00
9249,1030,P00622,Yes,4337.00
9250,2204,P02085,Yes,3062.00
9251,2406,P03137,Yes,4054.00
9252,1204,P03204,Yes,1675.00
9253,1727,P02736,Yes,2384.00
9254,2673,P02699,Yes,5383.00
9255,2706,P01760,Yes,4529.00
9256,1363,P04080,Yes,3169.00
9257,1315,P02085,Yes,5834.00
9258,1831,P04062,Yes,5103.00
9259,2091,P04301,Yes,5394.00
9260,1890,P03363,Yes,1894.00
9261,1622,P03325,Yes,4152.00
9262,2075,P03748,Yes,4445.00
9263,1399,P03511,Yes,4100.00
9264,2880,P01046,Yes,5315.00
9265,1610,P03542,Yes,2059.00
9266,1553,P04465,Yes,5474.00
9267,1935,P00960,Yes,4835.00
9268,2336,P01819,Yes,2206.00
9269,1965,P01507,Yes,1350.00
9270,1516,P00104,Yes,1198.00
9271,1082,P00526,Yes,5375.00
9272,1740,P02740,Yes,5087.00
9273,1070,P04458,Yes,2464.00
9274,1418,P02510,Yes,1921.00
9275,1603,P01183,Yes,5188.00
9276,2610,P02402,Yes,1816.00
9277,1806,P00484,Yes,2896.00
9278,1055,P00479,Yes,4014.00
9279,1349,P01214,Yes,5890.00
9280,2049,P03583,Yes,5843.00
9281,2153,P01302,Yes,3769.00
9282,2787,P00832,Yes,5664.00
9283,1548,P03103,Yes,2001.00
9284,2684,P02967,Yes,1824.00
9285,2470,P01869,Yes,3840.00
9286,1239,P03632,Yes,3334.00
9287,1349,P01900,Yes,1057.00
9288,1256,P00621,Yes,5689.00
9289,1102,P00793,Yes,3717.00
9290,2708,P03388,Yes,4960.00
9291,2605,P02857,Yes,5316.00
9292,2701,P01403,Yes,4174.00
9293,1458,P02427,Yes,2157.00
9294,1073,P00273,Yes,1445.00
9295,2828,P01796,Yes,2207.00
9296,2621,P01967,Yes,5322.00
9297,2111,P03644,Yes,3806.00
9298,1444,P03800,Yes,2208.00
9299,1190,P03711,Yes,2068.00
9300,2655,P00157,Yes,4711.00
9301,2046,P00351,Yes,3981.00
9302,2955,P04714,Yes,3130.00
9303,2876,P04345,Yes,2540.00
9304,2908,P04894,Yes,4082.00
9305,2487,P04347,Yes,4375.00
9306,2514,P03883,Yes,5551.00
9307,2158,P03061,Yes,3719.00
9308,1355,P02703,Yes,2728.00
9309,2064,P03728,Yes,1906.00
9310,2945,P01352,Yes,4797.00
9311,2648,P03158,Yes,4260.00
9312,2399,P04960,Yes,5417.00
9313,1261,P04395,Yes,2784.00
9314,1049,P01784,Yes,4479.00
9315,2968,P01259,Yes,4859.00
9316,2502,P04340,Yes,1475.00
9317,2259,P01730,Yes,4106.00
9318,2705,P00903,Yes,3945.00
9319,2621,P02748,Yes,5525.00
9320,2075,P03190,Yes,1453.00
9321,1114,P04797,Yes,4785.00
9322,2837,P02469,Yes,3221.00
9323,2545,P04564,Yes,5009.00
9324,1925,P02349,Yes,4980.00
9325,2319,P03830,Yes,1238.00
9326,1999,P02207,Yes,1478.00
9327,2821,P02419,Yes,3638.00
9328,1691,P03861,Yes,5925.00
9329,1352,P01504,Yes,1559.00
9330,1838,P00500,Yes,1913.00
9331,2912,P00392,Yes,4934.00
9332,1305,P00365,Yes,2349.00
9333,2614,P03871,Yes,3591.00
9334,2437,P02483,Yes,5326.00
9335,2702,P04500,Yes,3004.00
9336,1458,P03224,Yes,1403.00
9337,2360,P03515,Yes,4866.00
9338,2836,P02846,Yes,4171.00
9339,1954,P02704,Yes,4438.00
9340,2702,P02904,Yes,1087.00
9341,2937,P04977,Yes,2656.00
9342,2506,P03276,Yes,2230.00
9343,2306,P00371,Yes,5277.00
9344,2660,P00014,Yes,2576.00
9345,2991,P02409,Yes,4168.00
9346,1662,P02213,Yes,5747.00
9347,2862,P01674,Yes,2450.00
9348,1605,P01352,Yes,5920.00
9349,2457,P03310,Yes,1892.00
9350,2809,P01667,Yes,5170.00
9351,2799,P03463,Yes,2545.00
9352,2519,P01113,No,3902.00
9353,2246,P04498,Yes,2713.00
9354,2247,P01314,Yes,2880.00
9355,2093,P02391,Yes,4084.00
9356,1261,P03864,Yes,1679.00
9357,1758,P04211,Yes,3069.00
9358,2296,P03799,Yes,5214.00
9359,2027,P03942,Yes,3184.00
9360,2188,P04080,Yes,2719.00
9361,2113,P00192,Yes,2524.00
9362,1547,P00225,Yes,4302.00
9363,2113,P03102,Yes,3203.00
9364,2640,P03480,Yes,5185.00
9365,2492,P00745,Yes,4617.00
9366,2235,P03758,Yes,5119.00
9367,2791,P04360,Yes,4840.00
9368,1885,P01299,Yes,3140.00
9369,2498,P01293,Yes,2092.00
9370,1459,P04521,Yes,3434.00
9371,1802,P03747,Yes,4303.00
9372,1501,P04868,Yes,5812.00
9373,1671,P03823,Yes,1991.00
9374,2965,P00164,Yes,4842.00
9375,1943,P04157,Yes,2474.00
9376,1914,P04245,Yes,3814.00
9377,2105,P01385,Yes,2099.00
9378,1519,P00546,Yes,5457.00
9379,2407,P02071,Yes,4615.00
9380,1081,P03324,Yes,4721.00
9381,1217,P01564,Yes,5019.00
9382,2004,P03418,Yes,1864.00
9383,1431,P03373,Yes,5802.00
9384,2260,P03700,Yes,5987.00
9385,1484,P04585,Yes,3854.00
9386,1723,P04012,Yes,5294.00
9387,1166,P01826,Yes,3518.00
9388,1052,P01192,Yes,2396.00
9389,1247,P00928,Yes,2932.00
9390,2719,P02490,Yes,4282.00
9391,2164,P01357,Yes,3494.00
9392,2932,P04190,Yes,1276.00
9393,2659,P01684,Yes,5497.00
9394,2824,P00172,Yes,3880.00
9395,1421,P04854,Yes,2279.00
9396,2081,P02575,Yes,2278.00
9397,1690,P01690,Yes,1293.00
9398,2951,P03032,Yes,2148.00
9399,1810,P03341,Yes,3771.00
9400,2871,P04159,Yes,3144.00
9401,2764,P01087,Yes,1510.00
9402,2881,P02436,Yes,3024.00
9403,1372,P04624,Yes,2684.00
9404,2369,P03798,Yes,0.00
9405,1843,P03253,Yes,1863.00
9406,2789,P03712,Yes,2672.00
9407,2148,P01159,Yes,5432.00
9408,1852,P01841,Yes,4205.00
9409,1043,P01440,Yes,3699.00
9410,1925,P04369,Yes,4780.00
9411,1366,P02249,Yes,4012.00
9412,2066,P04921,Yes,2387.00
9413,1077,P02064,Yes,4225.00
9414,1571,P03057,Yes,3525.00
9415,1589,P02923,Yes,3002.00
9416,1011,P04074,Yes,2798.00
9417,2835,P01152,Yes,2267.00
9418,2387,P04663,Yes,4155.00
9419,2573,P03388,Yes,3735.00
9420,1991,P02957,Yes,5913.00
9421,2231,P04357,Yes,5137.00
9422,1103,P00995,Yes,5537.00
9423,2273,P04089,Yes,3277.00
9424,2280,P04674,Yes,1004.00
9425,1698,P01987,Yes,4465.00
9426,1339,P03650,Yes,1812.00
9427,1076,P03362,Yes,1354.00
9428,2813,P00551,Yes,3117.00
9429,2329,P00418,Yes,1212.00
9430,2741,P01178,No,5249.00
9431,1911,P01049,Yes,4547.00
9432,2872,P03632,Yes,3978.00
9433,2938,P00704,Yes,5559.00
9434,1741,P04961,Yes,3252.00
9435,1483,P00148,Yes,3010.00
9436,2280,P02165,Yes,4145.00
9437,1765,P01014,Yes,1623.00
9438,2175,P01548,Yes,3446.00
9439,1036,P03515,Yes,2808.00
9440,2596,P03886,Yes,3822.00
9441,2412,P02340,Yes,3380.00
9442,1717,P04292,Yes,2599.00
9443,2796,P01846,Yes,3467.00
9444,1950,P02626,Yes,3730.00
9445,2035,P04674,Yes,5757.00
9446,2569,P01396,Yes,1854.00
9447,2238,P03661,Yes,5796.00
9448,1875,P03868,Yes,2662.00
9449,2667,P03596,Yes,1249.00
9450,1898,P03543,Yes,2592.00
9451,1667,P00598,No,1360.00
9452,1764,P01022,Yes,5951.00
9453,1923,P02328,Yes,0.00
9454,1731,P00668,Yes,2942.00
9455,2988,P04613,Yes,1229.00
9456,1608,P00103,Yes,3786.00
9457,2160,P03740,Yes,4051.00
9458,1433,P02151,Yes,5451.00
9459,1061,P01189,Yes,4470.00
9460,2425,P00177,Yes,2259.00
9461,1269,P03975,Yes,4609.00
9462,2821,P04854,Yes,3735.00
9463,1206,P03680,Yes,4807.00
9464,1850,P03001,Yes,1316.00
9465,2072,P00650,Yes,2035.00
9466,1653,P00993,Yes,1087.00
9467,2079,P03309,Yes,2914.00
9468,1521,P04319,Yes,3126.00
9469,1841,P01776,Yes,1314.00
9470,2837,P00444,Yes,4560.00
9471,2231,P02820,Yes,5502.00
9472,2494,P02860,Yes,3917.00
9473,1881,P03014,Yes,1153.00
9474,1353,P04335,Yes,1315.00
9475,1418,P01295,Yes,2700.00
9476,1676,P02124,Yes,1940.00
9477,2641,P01129,Yes,4716.00
9478,2006,P00946,Yes,4942.00
9479,2285,P03529,Yes,2083.00
9480,1677,P00275,Yes,4629.00
9481,1183,P03773,Yes,5227.00
9482,1884,P04041,Yes,3131.00
9483,2663,P04230,Yes,4683.00
9484,1439,P00093,Yes,1131.00
9485,2650,P04472,Yes,5780.00
9486,1289,P01700,Yes,5731.00
9487,1266,P00728,Yes,4744.00
9488,2987,P00891,Yes,1322.00
9489,2958,P03321,Yes,2441.00
9490,1822,P00856,Yes,3296.00
9491,2770,P01971,Yes,4135.00
9492,2558,P00570,Yes,3244.00
9493,1440,P00590,Yes,2809.00
9494,1669,P04448,Yes,3955.00
9495,1225,P03544,No,5997.00
9496,1210,P01929,Yes,1366.00
9497,1857,P03432,Yes,2189.00
9498,1019,P03839,No,3962.00
9499,1140,P01114,Yes,1285.00
9500,2294,P00471,Yes,1620.00
9501,2773,P03051,Yes,1125.00
9502,1614,P03820,Yes,4105.00
9503,2047,P04275,Yes,1206.00
9504,1439,P03952,Yes,5695.00
9505,2641,P03142,Yes,5015.00
9506,1758,P02672,Yes,1106.00
9507,1797,P02787,Yes,2032.00
9508,1985,P01141,Yes,3616.00
9509,2459,P03427,Yes,1188.00
9510,2221,P02481,Yes,2230.00
9511,2722,P01600,Yes,5713.00
9512,2217,P04239,Yes,3455.00
9513,1256,P01670,Yes,5179.00
9514,2820,P03364,Yes,3541.00
9515,1375,P02942,Yes,3040.00
9516,2323,P03172,Yes,3884.00
9517,1777,P04949,Yes,1619.00
9518,2796,P01740,Yes,2412.00
9519,2169,P03781,Yes,2328.00
9520,1221,P02230,Yes,2642.00
9521,1657,P01903,Yes,2994.00
9522,1384,P01927,No,1403.00
9523,1108,P02222,Yes,2647.00
9524,1359,P01316,Yes,3538.00
9525,1023,P03121,Yes,4516.00
9526,2232,P00315,Yes,4301.00
9527,2924,P00008,Yes,3588.00
9528,1108,P03778,Yes,5597.00
9529,2632,P02320,Yes,4536.00
9530,1335,P02812,Yes,4200.00
9531,2799,P02254,Yes,2374.00
9532,2227,P01213,Yes,3797.00
9533,2902,P04952,Yes,1371.00
9534,1887,P03578,Yes,3571.00
9535,2721,P00741,Yes,2620.00
9536,2262,P00560,Yes,2846.00
9537,2354,P01579,Yes,4684.00
9538,2159,P03300,Yes,3371.00
9539,2390,P04044,Yes,5017.00
9540,1361,P04901,No,1227.00
9541,1922,P01254,Yes,5382.00
9542,2088,P02082,Yes,4895.00
9543,1122,P03449,Yes,1235.00
9544,2539,P00171,Yes,3892.00
9545,1481,P04187,No,1183.00
9546,1996,P00301,Yes,1863.00
9547,2065,P01131,Yes,4221.00
9548,2313,P00300,Yes,1974.00
9549,1626,P04124,Yes,5068.00
9550,1208,P04246,Yes,1999.00
9551,2574,P01321,Yes,4628.00
9552,1975,P01833,Yes,4743.00
9553,2439,P01877,Yes,1198.00
9554,2294,P04586,Yes,2068.00
9555,2227,P04483,Yes,3931.00
9556,2156,P03597,Yes,4339.00
9557,1027,P04883,Yes,4699.00
9558,2346,P03859,Yes,5333.00
9559,2335,P03770,Yes,2185.00
9560,1678,P01901,Yes,3236.00
9561,1204,P02450,Yes,2227.00
9562,2235,P01094,Yes,1700.00
9563,1486,P01621,Yes,3450.00
9564,1918,P02025,Yes,2052.00
9565,1242,P02758,Yes,2161.00
9566,1012,P03432,Yes,5333.00
9567,1073,P03861,Yes,3957.00
9568,1829,P03771,Yes,1466.00
9569,2177,P03823,Yes,4610.00
9570,2240,P02981,Yes,1958.00
9571,2129,P01654,Yes,5046.00
9572,2803,P01310,Yes,4965.00
9573,2820,P03301,Yes,3902.00
9574,2467,P03471,Yes,4681.00
9575,2513,P03274,Yes,4324.00
9576,2014,P04741,Yes,5055.00
9577,2473,P02827,Yes,0.00
9578,1384,P00164,Yes,4390.00
9579,1517,P02290,Yes,3063.00
9580,1622,P03312,Yes,2363.00
9581,2504,P03713,Yes,3090.00
9582,1821,P00437,Yes,4410.00
9583,2331,P04753,Yes,5825.00
9584,1014,P02582,Yes,3681.00
9585,1805,P01009,Yes,5063.00
9586,2683,P01280,Yes,2607.00
9587,1794,P01129,Yes,3097.00
9588,2298,P04711,Yes,4551.00
9589,1202,P04792,No,3474.00
9590,1042,P03521,Yes,4914.00
9591,2932,P03115,Yes,4217.00
9592,2082,P01639,Yes,2835.00
9593,2841,P01439,Yes,4876.00
9594,1595,P04183,Yes,3144.00
9595,1604,P04974,Yes,2017.00
9596,1683,P02024,Yes,1558.00
9597,1235,P00617,Yes,5311.00
9598,1971,P02366,Yes,3246.00
9599,2404,P00354,Yes,2376.00
9600,2273,P04124,Yes,2150.00
9601,1431,P01735,Yes,5675.00
9602,1371,P04359,Yes,1815.00
9603,2080,P02700,Yes,3381.00
9604,2012,P00491,Yes,2514.00
9605,1756,P00151,Yes,1922.00
9606,2192,P03472,Yes,4292.00
9607,2359,P04553,Yes,4983.00
9608,1153,P02745,Yes,2724.00
9609,1110,P04833,Yes,4492.00
9610,2970,P02262,No,5487.00
9611,2405,P03833,Yes,4179.00
9612,2191,P03918,Yes,3073.00
9613,2434,P00951,Yes,3374.00
9614,2566,P04175,Yes,3014.00
9615,2861,P04308,Yes,5169.00
9616,1743,P03605,Yes,4075.00
9617,1498,P01446,Yes,2863.00
9618,2517,P03532,Yes,4863.00
9619,2820,P04256,Yes,5800.00
9620,1160,P01380,Yes,5876.00
9621,1781,P03047,Yes,1899.00
9622,2418,P00406,Yes,2371.00
9623,1714,P03489,Yes,3484.00
9624,2877,P00499,Yes,3519.00
9625,2179,P01000,Yes,1032.00
9626,1868,P04527,Yes,4759.00
9627,2344,P03688,Yes,3498.00
9628,2756,P02421,Yes,4884.00
9629,2925,P03729,Yes,4903.00
9630,1273,P03991,Yes,3820.00
9631,2204,P01627,No,2310.00
9632,1085,P02638,Yes,4166.00
9633,2233,P04918,Yes,2337.00
9634,2063,P03141,Yes,1448.00
9635,2412,P02815,Yes,2727.00
9636,1946,P04679,Yes,5549.00
9637,1904,P03213,Yes,3532.00
9638,1883,P04189,Yes,2547.00
9639,2337,P02085,Yes,1628.00
9640,2842,P00727,Yes,1595.00
9641,2854,P03317,Yes,3964.00
9642,1393,P01038,Yes,3162.00
9643,2729,P01479,Yes,2875.00
9644,1289,P03440,Yes,5503.00
9645,1249,P02809,Yes,1551.00
9646,1264,P00798,Yes,2294.00
9647,2192,P04634,Yes,5635.00
9648,2262,P02843,Yes,3774.00
9649,2887,P04464,Yes,4977.00
9650,1040,P04847,Yes,4398.00
9651,1013,P03592,Yes,5751.00
9652,2686,P02943,Yes,1423.00
9653,1686,P01235,Yes,5762.00
9654,1892,P04742,Yes,5173.00
9655,2235,P03407,Yes,1822.00
9656,1312,P03099,Yes,1914.00
9657,1550,P04354,Yes,5310.00
9658,2994,P02004,Yes,4115.00
9659,1234,P00314,No,5797.00
9660,2743,P04466,Yes,1419.00
9661,2126,P02602,Yes,4111.00
9662,2087,P00668,Yes,5594.00
9663,2987,P02602,Yes,3652.00
9664,1009,P04515,Yes,2873.00
9665,1814,P03526,Yes,1476.00
9666,2246,P02192,Yes,4510.00
9667,2798,P00760,Yes,4196.00
9668,1195,P03206,Yes,5144.00
9669,1729,P01473,Yes,4306.00
9670,1776,P04427,Yes,3269.00
9671,2382,P02817,Yes,2954.00
9672,1859,P00021,Yes,3928.00
9673,2024,P01782,Yes,4322.00
9674,1006,P00427,Yes,3231.00
9675,2752,P02622,Yes,1958.00
9676,2469,P02714,Yes,2110.00
9677,1284,P04670,Yes,4146.00
9678,2131,P00171,Yes,2377.00
9679,2944,P04308,Yes,1241.00
9680,2296,P02379,Yes,4576.00
9681,2923,P00560,Yes,3605.00
9682,1397,P04669,Yes,2422.00
9683,1881,P00629,Yes,3460.00
9684,1491,P02601,Yes,1688.00
9685,2859,P01715,Yes,3041.00
9686,2093,P04490,Yes,5513.00
9687,1734,P02048,Yes,5155.00
9688,2094,P01870,Yes,1488.00
9689,1286,P03153,Yes,3890.00
9690,2046,P01623,Yes,0.00
9691,2639,P01199,Yes,1755.00
9692,2128,P03825,Yes,1093.00
9693,2808,P02367,Yes,1266.00
9694,1868,P01237,Yes,1901.00
9695,1475,P02697,Yes,3432.00
9696,1043,P03165,Yes,2503.00
9697,1732,P01616,Yes,4715.00
9698,2896,P03603,Yes,2284.00
9699,1828,P01571,Yes,2308.00
9700,2433,P03376,Yes,1576.00
9701,1604,P02205,Yes,4632.00
9702,2952,P04729,Yes,1990.00
9703,2054,P02699,Yes,4804.00
9704,1315,P00948,Yes,1057.00
9705,1924,P01189,Yes,3241.00
9706,1855,P02109,Yes,3664.00
9707,1765,P00954,Yes,5666.00
9708,1071,P02947,Yes,3621.00
9709,1990,P03287,Yes,2085.00
9710,1306,P03994,Yes,4943.00
9711,1930,P01458,Yes,1527.00
9712,1682,P02531,Yes,1376.00
9713,1842,P00444,Yes,2115.00
9714,2463,P00159,Yes,1455.00
9715,2284,P00996,Yes,2404.00
9716,1756,P01428,Yes,3325.00
9717,2404,P03573,Yes,1190.00
9718,1952,P04955,Yes,1827.00
9719,1670,P02629,Yes,3695.00
9720,1529,P00756,Yes,4074.00
9721,2328,P02166,Yes,1717.00
9722,1695,P00692,Yes,3044.00
9723,2111,P01216,Yes,3723.00
9724,1923,P02644,Yes,5226.00
9725,1870,P01006,Yes,3125.00
9726,1037,P01207,Yes,4684.00
9727,2608,P02690,Yes,4007.00
9728,1265,P04932,Yes,4041.00
9729,1104,P01050,Yes,5372.00
9730,1634,P03821,Yes,5511.00
9731,2585,P03685,Yes,2336.00
9732,2291,P03885,Yes,4527.00
9733,2242,P03436,Yes,1197.00
9734,2897,P02811,Yes,4312.00
9735,1741,P02936,Yes,3112.00
9736,1865,P04749,Yes,5628.00
9737,2792,P01374,Yes,5066.00
9738,1323,P00820,Yes,1344.00
9739,2841,P04565,Yes,3417.00
9740,2778,P03580,Yes,0.00
9741,2414,P02521,Yes,2903.00
9742,1494,P04140,Yes,1160.00
9743,1199,P03027,Yes,3641.00
9744,2237,P01000,Yes,5272.00
9745,1540,P03419,Yes,5243.00
9746,1475,P00699,Yes,5982.00
9747,1445,P03250,Yes,2337.00
9748,2829,P01492,Yes,2175.00
9749,1322,P03052,Yes,4939.00
9750,2397,P01354,Yes,4345.00
9751,1056,P01288,Yes,4751.00
9752,2928,P00923,Yes,3635.00
9753,1387,P03493,Yes,4732.00
9754,2725,P02945,Yes,3872.00
9755,1366,P00977,Yes,3020.00
9756,1880,P01463,Yes,5546.00
9757,2885,P01353,Yes,1681.00
9758,2203,P04658,Yes,4482.00
9759,2357,P01611,Yes,3499.00
9760,2638,P02271,Yes,5027.00
9761,1644,P03462,Yes,5367.00
9762,1724,P00933,Yes,4015.00
9763,2720,P02439,Yes,5631.00
9764,1675,P00830,No,3725.00
9765,1215,P02982,Yes,2163.00
9766,2610,P00413,Yes,2290.00
9767,1814,P00485,Yes,5060.00
9768,2166,P02041,Yes,4465.00
9769,2330,P01377,Yes,3470.00
9770,1764,P01425,Yes,1270.00
9771,1000,P00041,Yes,1547.00
9772,2171,P02641,Yes,4165.00
9773,2381,P02538,Yes,5110.00
9774,2361,P02421,Yes,2933.00
9775,1980,P00079,Yes,1263.00
9776,1997,P03406,Yes,4439.00
9777,1492,P02920,Yes,3607.00
9778,2093,P04441,Yes,4623.00
9779,2893,P03888,Yes,5574.00
9780,2731,P02248,Yes,5404.00
9781,1244,P04904,Yes,2284.00
9782,1676,P02786,Yes,4124.00
9783,1953,P02253,Yes,2778.00
9784,2637,P04432,Yes,2699.00
9785,2740,P00700,Yes,4481.00
9786,1929,P00420,Yes,2743.00
9787,1958,P01975,Yes,1365.00
9788,2605,P03001,Yes,1444.00
9789,2060,P04742,Yes,2498.00
9790,2386,P03541,Yes,1225.00
9791,1617,P02807,Yes,4890.00
9792,1054,P01291,Yes,3748.00
9793,1768,P00585,Yes,5456.00
9794,1396,P04012,Yes,2419.00
9795,2786,P00616,Yes,2203.00
9796,2789,P03165,Yes,4528.00
9797,1002,P00894,Yes,1912.00
9798,2859,P02383,Yes,1453.00
9799,1220,P03580,Yes,4519.00
9800,1796,P00254,Yes,4844.00
9801,1888,P00627,Yes,5999.00
9802,2708,P00023,Yes,3778.00
9803,2731,P04179,Yes,5862.00
9804,1068,P00880,Yes,5252.00
9805,1820,P02049,Yes,1403.00
9806,2114,P03282,Yes,2461.00
9807,1197,P00987,Yes,4058.00
9808,1360,P03485,Yes,1681.00
9809,2569,P03598,Yes,2332.00
9810,2202,P01395,Yes,3553.00
9811,1201,P00292,Yes,1973.00
9812,2799,P01313,Yes,2842.00
9813,1651,P03630,Yes,1717.00
9814,1099,P03775,Yes,2019.00
9815,2537,P01766,Yes,5587.00
9816,1494,P04927,Yes,4837.00
9817,2726,P02627,Yes,3859.00
9818,2702,P02816,Yes,5467.00
9819,2492,P04922,Yes,4313.00
9820,1856,P02574,Yes,3750.00
9821,2056,P02347,Yes,1801.00
9822,1816,P03332,Yes,2904.00
9823,2028,P00917,Yes,2182.00
9824,2594,P02864,Yes,3597.00
9825,1386,P00262,Yes,4613.00
9826,2500,P00241,Yes,1706.00
9827,1815,P03668,Yes,5771.00
9828,1142,P00849,Yes,5502.00
9829,1172,P02439,No,4164.00
9830,1962,P02273,Yes,4738.00
9831,1889,P00452,Yes,3543.00
9832,2719,P04002,Yes,1011.00
9833,2962,P00477,Yes,5417.00
9834,1713,P04741,Yes,3926.00
9835,2081,P04063,Yes,1075.00
9836,1750,P01687,Yes,2376.00
9837,2776,P00247,Yes,0.00
9838,2166,P03766,Yes,1729.00
9839,1146,P02059,Yes,2104.00
9840,1349,P02076,Yes,4060.00
9841,1463,P02954,No,1518.00
9842,1832,P03371,Yes,1382.00
9843,2788,P02089,Yes,5700.00
9844,1043,P01362,Yes,3019.00
9845,2067,P04464,Yes,4714.00
9846,1590,P01772,Yes,4731.00
9847,2299,P03340,Yes,3045.00
9848,1921,P03448,Yes,1495.00
9849,2730,P01801,Yes,2562.00
9850,1541,P04582,Yes,2856.00
9851,2401,P01125,Yes,4314.00
9852,1225,P00875,Yes,5299.00
9853,2348,P01799,Yes,5175.00
9854,2897,P02230,Yes,4054.00
9855,1010,P02537,Yes,1464.00
9856,2570,P00695,Yes,1976.00
9857,1649,P02942,Yes,5065.00
9858,2107,P02028,Yes,0.00
9859,1604,P00875,Yes,5413.00
9860,1537,P00624,Yes,4321.00
9861,1030,P04207,Yes,1502.00
9862,2399,P02423,Yes,3468.00
9863,1195,P03053,Yes,3714.00
9864,1375,P02773,Yes,5871.00
9865,2397,P03465,Yes,1973.00
9866,1999,P00029,Yes,4937.00
9867,2246,P02965,Yes,2758.00
9868,2159,P04748,Yes,4046.00
9869,1535,P02230,Yes,2866.00
9870,2462,P00118,Yes,2465.00
9871,2342,P00860,Yes,1338.00
9872,1379,P02112,Yes,1225.00
9873,1911,P00327,Yes,5838.00
9874,2335,P01635,No,2523.00
9875,1347,P02892,Yes,1358.00
9876,2262,P01330,Yes,5957.00
9877,2414,P03850,Yes,3013.00
9878,1993,P02536,Yes,1181.00
9879,1831,P04351,Yes,2252.00
9880,1252,P00785,Yes,5693.00
9881,1209,P01709,Yes,3220.00
9882,1487,P01132,Yes,5336.00
9883,1408,P03649,Yes,4931.00
9884,1005,P00551,Yes,3801.00
9885,2408,P02402,Yes,4800.00
9886,1649,P01389,Yes,1333.00
9887,1806,P02406,Yes,3101.00
9888,1580,P01759,Yes,2877.00
9889,2235,P01566,Yes,3998.00
9890,2907,P00570,Yes,2758.00
9891,2812,P02390,Yes,5633.00
9892,2244,P02759,Yes,4009.00
9893,2002,P00380,Yes,2004.00
9894,2595,P04397,Yes,3753.00
9895,1495,P02688,Yes,3136.00
9896,2665,P04258,Yes,4046.00
9897,2892,P01606,Yes,4880.00
9898,2423,P03968,Yes,1622.00
9899,1260,P04893,Yes,4480.00
9900,2440,P04459,Yes,5277.00
9901,2569,P01926,Yes,1894.00
9902,2039,P01794,Yes,4654.00
9903,1221,P04362,Yes,1919.00
9904,2114,P00380,Yes,5125.00
9905,1875,P00914,Yes,5808.00
9906,1781,P01911,Yes,4103.00
9907,1540,P02625,Yes,5699.00
9908,2779,P01173,Yes,5987.00
9909,1958,P04672,Yes,1222.00
9910,2748,P03368,Yes,3692.00
9911,1040,P03489,Yes,4001.00
9912,1991,P04974,Yes,4905.00
9913,2443,P01293,Yes,3386.00
9914,1842,P04404,Yes,4366.00
9915,1385,P01111,Yes,4929.00
9916,2187,P04662,Yes,3715.00
9917,2760,P03282,Yes,2710.00
9918,1987,P04754,Yes,3058.00
9919,2481,P03140,Yes,2120.00
9920,2087,P04911,No,4166.00
9921,1939,P01356,Yes,2709.00
9922,1227,P03245,Yes,2562.00
9923,1834,P02507,Yes,2658.00
9924,2569,P04106,Yes,5722.00
9925,2793,P03666,Yes,2290.00
9926,2952,P03369,Yes,2358.00
9927,2731,P03996,Yes,5090.00
9928,1805,P04765,Yes,2114.00
9929,1912,P01151,Yes,2154.00
9930,1991,P02190,Yes,1170.00
9931,2596,P04669,Yes,1717.00
9932,1320,P04154,Yes,2185.00
9933,1652,P03610,Yes,2856.00
9934,1872,P01220,Yes,5010.00
9935,1836,P00858,Yes,4031.00
9936,2774,P02366,Yes,5611.00
9937,1927,P04957,Yes,4962.00
9938,1004,P01517,Yes,1639.00
9939,2104,P01973,Yes,3558.00
9940,2814,P03637,Yes,2593.00
9941,1664,P01664,Yes,1903.00
9942,1838,P04498,Yes,4714.00
9943,2526,P03534,Yes,3930.00
9944,2796,P03210,Yes,3081.00
9945,2622,P01161,Yes,5982.00
9946,1819,P04662,Yes,3964.00
9947,1504,P01251,Yes,2874.00
9948,1115,P00706,Yes,1402.00
9949,2813,P01537,Yes,4544.00
9950,1196,P04775,Yes,3548.00
9951,1809,P01856,Yes,5827.00
9952,1215,P01231,Yes,0.00
9953,2750,P04570,Yes,3123.00
9954,2023,P03409,Yes,1103.00
9955,1855,P01627,Yes,4076.00
9956,1997,P01087,Yes,2358.00
9957,1523,P04598,Yes,3214.00
9958,1927,P02453,Yes,3478.00
9959,2200,P04470,Yes,2863.00
9960,2250,P04564,Yes,2211.00
9961,1083,P02632,Yes,1007.00
9962,1787,P02655,Yes,4505.00
9963,2388,P04588,Yes,2878.00
9964,1753,P00147,Yes,5114.00
9965,1769,P03739,Yes,3338.00
9966,2185,P00906,Yes,2547.00
9967,1025,P04859,Yes,4002.00
9968,1611,P03275,Yes,3703.00
9969,1030,P02267,Yes,5249.00
9970,2740,P02839,Yes,1121.00
9971,2730,P00379,Yes,2133.00
9972,2793,P04015,Yes,4474.00
9973,2623,P04831,Yes,2997.00
9974,2988,P03003,Yes,3988.00
9975,1818,P04443,Yes,3780.00
9976,2881,P02806,Yes,5701.00
9977,1765,P00501,Yes,2496.00
9978,1667,P02926,Yes,5804.00
9979,2110,P01541,Yes,3255.00
9980,2215,P01474,Yes,1171.00
9981,2091,P04651,Yes,3098.00
9982,2086,P04129,Yes,0.00
9983,2950,P04800,Yes,1509.00
9984,1434,P03475,Yes,1229.00
9985,1798,P03068,Yes,0.00
9986,1973,P01555,Yes,4252.00
9987,2900,P03163,Yes,3570.00
9988,1614,P03791,Yes,3001.00
9989,1795,P00957,Yes,1696.00
9990,1859,P02193,Yes,5481.00
9991,2337,P03252,Yes,4215.00
9992,2702,P01107,Yes,1682.00
9993,1796,P00316,Yes,3989.00
9994,2481,P00760,Yes,5341.00
9995,1509,P00235,Yes,4609.00
9996,1415,P01871,Yes,0.00
9997,2806,P02794,Yes,3618.00
9998,2449,P03880,Yes,5617.00
9999,1162,P02866,Yes,5044.00
10000,2104,P02554,Yes,5362.00
